Child Age At Placement,Child Gender,Child Ethnicity,Child Prior Placements Number,Returning Child,Age Child Left Care,Carer Age,Placement Type,Missing Episodes,Placement Sequence Number,Placement Start Date,Placement End Reason,Placement End Time Period,Number Of Carers,Carer Gender Composition,Placed With Siblings,Emergency Placement,Distance From Home,Placement Planning Meeting,Reason For Leaving Care,Sibling Group Size,Previous Care History,Age Child Came Into Care,Residential Home Type,Carer Ethnicity Or Religion,Carer Type,EH involvement,Siblings In EH,YOT involvement,
16,Trans Male,White – British,0,True,18,[70],Fostering - Respite,3,1,2025-12-21 22:53:40.625587,Reason why most recent placement ended,6 months ago,1,['Indeterminate'],True,True,100.46,True,Why the child left care entirely,8,Any additional context and comments about the child’s care history,6,including Mainstream,['Mixed - White/Black Caribbean'],Respite Foster,False,False,False,
12,Trans Female,White – British,0,True,13,[30],Fostering - Respite,4,1,2025-12-21 22:53:40.625587,Reason why most recent placement ended,6 months ago,1,['Female'],False,True,475.32,False,Why the child left care entirely,1,Any additional context and comments about the child’s care history,9,including Mainstream,['Asian/British Asian – Other'],Respite Foster,False,False,False,
7,Trans Female,Asian/British Asian – Pakistani,0,True,13,[69],Fostering - Short Term,5,1,2025-12-21 22:53:40.625587,Reason why most recent placement ended,6 months ago,1,['Unborn'],True,True,18.12,True,Why the child left care entirely,6,Any additional context and comments about the child’s care history,3,including Mainstream,['White – Irish'],Short Term Foster,False,False,False,
15,Male,White – British,0,True,17,[32],Residential,5,1,2025-12-21 22:53:40.625587,Reason why most recent placement ended,6 months ago,1,['Trans Female'],True,True,443.16,False,Why the child left care entirely,3,Any additional context and comments about the child’s care history,8,including Mainstream,['White – Irish'],Residential,False,True,False,
4,Male,White – British,0,True,18,[39],Special Guardianship,4,1,2025-12-21 22:53:40.625587,Reason why most recent placement ended,6 months ago,1,['Unspecified'],True,False,852.99,True,Why the child left care entirely,4,Any additional context and comments about the child’s care history,3,including Mainstream,['Traveller – Other'],Special Guardianship,False,False,False,
5,Male,White – British,0,True,13,[47],Adoption,3,1,2025-12-21 22:53:40.625587,Reason why most recent placement ended,6 months ago,1,['NULL'],True,False,814.93,True,Why the child left care entirely,6,Any additional context and comments about the child’s care history,16,including Mainstream,['Black/Black British – African'],Adoption,False,False,False,
7,Female,White – British,0,True,9,[50],Fostering - Respite,1,1,2025-12-21 22:53:40.625587,Reason why most recent placement ended,6 months ago,1,['Female'],True,False,222.26,True,Why the child left care entirely,4,Any additional context and comments about the child’s care history,3,including Mainstream,['Gypsy / Roma'],Respite Foster,False,False,True,
3,Male,Asian/British Asian – Pakistani,0,False,6,[30],Residential,2,1,2025-12-21 22:53:40.625587,N/A,N/A,1,['Trans Male'],True,False,451.78,True,N/A,7,N/A,7,including Mainstream,['Gypsy / Roma'],Residential,False,False,False,
12,Male,Mixed - White/Black Caribbean,0,True,17,[34],Adoption,4,1,2025-12-21 22:53:40.625587,Reason why most recent placement ended,6 months ago,1,['Trans Male'],True,False,288.23,False,Why the child left care entirely,5,Any additional context and comments about the child’s care history,6,including Mainstream,['White – Other'],Adoption,False,False,False,
10,Female,White – British,0,False,17,[59],Fostering - Respite,1,1,2025-12-21 22:53:40.625587,N/A,N/A,1,['Unspecified'],True,False,267.89,True,N/A,6,N/A,14,including Mainstream,['Mixed - White/Black African'],Respite Foster,False,False,False,
8,Trans Female,White – British,0,False,10,[62],Adoption,2,1,2025-12-21 22:53:40.625587,N/A,N/A,1,['Non binary'],False,True,263.77,False,N/A,0,N/A,0,including Mainstream,['Refused'],Adoption,False,False,False,
13,Trans Male,White - Central European,0,True,15,[66],Special Guardianship,5,1,2025-12-21 22:53:40.625587,Reason why most recent placement ended,6 months ago,1,['Male'],True,True,82.61,False,Why the child left care entirely,6,Any additional context and comments about the child’s care history,14,including Mainstream,['Traveller of Irish Heritage'],Special Guardianship,False,False,False,
1,Female,White - Eastern European,0,True,15,[61],Special Guardianship,2,1,2025-12-21 22:53:40.625587,Reason why most recent placement ended,6 months ago,1,['Unknown'],True,False,758.84,True,Why the child left care entirely,2,Any additional context and comments about the child’s care history,12,including Mainstream,['NULL'],Special Guardianship,False,False,False,
2,Trans Male,Black/Black British – Caribbean,0,True,16,[66],Special Guardianship,0,1,2025-12-21 22:53:40.625587,Reason why most recent placement ended,6 months ago,1,['NULL'],True,True,301.88,True,Why the child left care entirely,3,Any additional context and comments about the child’s care history,16,including Mainstream,['White – British'],Special Guardianship,False,False,False,
14,Male,Asian/British Asian – Indian,0,False,15,[40],Fostering - Short Term,3,1,2025-12-21 22:53:40.625587,N/A,N/A,1,['Female'],True,False,131.14,True,N/A,4,N/A,7,including Mainstream,['White – Other'],Short Term Foster,False,True,False,
17,Trans Male,Black/Black British – African,0,False,18,[74],Fostering - Long Term,3,1,2025-12-21 22:53:40.625587,N/A,N/A,1,['Indeterminate'],True,True,880.79,True,N/A,0,N/A,15,including Mainstream,['Black/Black British – Other'],Long Term Foster,True,False,False,
6,Male,White – British,0,True,13,[25],Kinship,3,1,2025-12-21 22:53:40.625587,Reason why most recent placement ended,6 months ago,1,['Non binary'],True,False,628.92,False,Why the child left care entirely,1,Any additional context and comments about the child’s care history,3,including Mainstream,['Information Not Yet Obtained'],Kinship,False,False,False,
8,Trans Male,White – British,0,True,18,[65],Fostering - Short Term,0,1,2025-12-21 22:53:40.625587,Reason why most recent placement ended,6 months ago,1,['Female'],True,True,78.19,False,Why the child left care entirely,5,Any additional context and comments about the child’s care history,10,including Mainstream,['NULL'],Short Term Foster,True,False,False,
3,Female,White – Other,0,True,15,[47],Fostering - Short Term,3,1,2025-12-21 22:53:40.625587,Reason why most recent placement ended,6 months ago,1,['Indeterminate'],True,False,923.36,True,Why the child left care entirely,2,Any additional context and comments about the child’s care history,1,including Mainstream,['Traveller – Other'],Short Term Foster,False,True,False,
9,Female,White – British,0,True,11,[66],Kinship,1,1,2025-12-21 22:53:40.625587,Reason why most recent placement ended,6 months ago,1,['Unspecified'],True,True,450.18,True,Why the child left care entirely,3,Any additional context and comments about the child’s care history,9,including Mainstream,['Asian/British Asian – Bangladeshi'],Kinship,True,False,False,
13,Male,Asian/British Asian – Pakistani,0,False,16,[49],Adoption,5,1,2025-12-21 22:53:40.625587,N/A,N/A,1,['Trans Male'],True,True,685.27,True,N/A,0,N/A,8,including Mainstream,['NULL'],Adoption,False,False,False,
5,Female,White - Eastern European,0,False,8,[72],Fostering - Emergency,5,1,2025-12-21 22:53:40.625587,N/A,N/A,1,['Female'],False,False,143.59,False,N/A,1,N/A,7,including Mainstream,['Gypsy / Roma'],Emergency Foster,True,False,False,
16,Female,White – British,0,False,17,[61],Adoption,3,1,2025-12-21 22:53:40.625587,N/A,N/A,1,['Female'],True,True,562.13,False,N/A,3,N/A,8,including Mainstream,['Traveller – Other'],Adoption,True,True,False,
15,Male,White – British,0,True,17,[54],Fostering - Emergency,4,1,2025-12-21 22:53:40.625587,Reason why most recent placement ended,6 months ago,1,['NULL'],True,True,251.52,True,Why the child left care entirely,3,Any additional context and comments about the child’s care history,13,including Mainstream,['Mixed – Other'],Emergency Foster,False,False,False,
9,Male,White – British,0,True,18,[31],Special Guardianship,0,1,2025-12-21 22:53:40.625587,Reason why most recent placement ended,6 months ago,1,['Male'],True,True,954.37,True,Why the child left care entirely,2,Any additional context and comments about the child’s care history,9,including Mainstream,['Mixed - White/Asian'],Special Guardianship,False,False,False,
9,Female,White – British,0,True,12,[27],Kinship,5,1,2025-12-21 22:53:40.625587,Reason why most recent placement ended,6 months ago,1,['Female'],True,True,274.01,False,Why the child left care entirely,3,Any additional context and comments about the child’s care history,10,including Mainstream,['White - Central European'],Kinship,False,False,False,
1,Male,Asian/British Asian – Other,0,True,3,[55],Residential,5,1,2025-12-21 22:53:40.625587,Reason why most recent placement ended,6 months ago,1,['Non binary'],True,False,576.04,True,Why the child left care entirely,2,Any additional context and comments about the child’s care history,12,including Mainstream,['Asian/British Asian – Indian'],Residential,False,False,False,
0,Female,White – British,0,True,6,[71],Fostering - Respite,3,1,2025-12-21 22:53:40.625587,Reason why most recent placement ended,6 months ago,1,['Unknown'],True,False,393.63,False,Why the child left care entirely,6,Any additional context and comments about the child’s care history,13,including Mainstream,['Black/Black British – African'],Respite Foster,False,False,False,
13,Male,White – British,0,False,18,[43],Fostering - Emergency,1,1,2025-12-21 22:53:40.625587,N/A,N/A,1,['Unborn'],True,True,750.52,False,N/A,3,N/A,4,including Mainstream,['Black/Black British – Caribbean'],Emergency Foster,False,True,False,
13,Female,White – British,0,False,17,[49],Adoption,0,1,2025-12-21 22:53:40.625587,N/A,N/A,1,['Unspecified'],True,False,668.31,True,N/A,6,N/A,9,including Mainstream,['White – Other'],Adoption,False,False,True,
7,Non binary,White – British,0,True,14,[45],Adoption,1,1,2025-12-21 22:53:40.625587,Reason why most recent placement ended,6 months ago,1,['Non binary'],True,True,860.94,True,Why the child left care entirely,8,Any additional context and comments about the child’s care history,2,including Mainstream,['Mixed – Other'],Adoption,False,False,False,
15,Trans Female,White – British,0,True,18,[44],Fostering - Long Term,3,1,2025-12-21 22:53:40.625587,Reason why most recent placement ended,6 months ago,1,['Indeterminate'],True,True,67.61,True,Why the child left care entirely,4,Any additional context and comments about the child’s care history,16,including Mainstream,['Other Ethnic Group'],Long Term Foster,False,True,False,
15,Female,Asian/British Asian – Pakistani,0,True,18,[56],Fostering - Short Term,2,1,2025-12-21 22:53:40.625587,Reason why most recent placement ended,6 months ago,1,['Trans Female'],False,True,276.05,False,Why the child left care entirely,0,Any additional context and comments about the child’s care history,12,including Mainstream,['Asian/British Asian – Pakistani'],Short Term Foster,False,False,False,
6,Female,White – British,0,True,8,[67],Special Guardianship,0,1,2025-12-21 22:53:40.625587,Reason why most recent placement ended,6 months ago,1,['NULL'],True,True,432.78,False,Why the child left care entirely,4,Any additional context and comments about the child’s care history,10,including Mainstream,['White – British'],Special Guardianship,True,True,False,
1,Trans Male,White - Central European,0,False,7,[41],Fostering - Short Term,1,1,2025-12-21 22:53:40.625587,N/A,N/A,1,['NULL'],False,True,715.82,True,N/A,1,N/A,3,including Mainstream,['Black/Black British – African'],Short Term Foster,False,False,False,
9,Female,Black/Black British – African,0,False,18,[34],Kinship,5,1,2025-12-21 22:53:40.625587,N/A,N/A,1,['Unborn'],False,False,264.76,True,N/A,1,N/A,10,including Mainstream,['Asian/British Asian – Bangladeshi'],Kinship,False,False,False,
16,Male,White – British,0,False,18,[42],Fostering - Respite,3,1,2025-12-21 22:53:40.625587,N/A,N/A,1,['Indeterminate'],True,False,519.08,True,N/A,3,N/A,7,including Mainstream,['White – British'],Respite Foster,False,True,False,
13,Trans Male,White – British,0,True,14,[35],Adoption,2,1,2025-12-21 22:53:40.625587,Reason why most recent placement ended,6 months ago,1,['Trans Female'],True,True,386.4,True,Why the child left care entirely,3,Any additional context and comments about the child’s care history,0,including Mainstream,['Asian/British Asian – Bangladeshi'],Adoption,False,False,False,
6,Female,Asian/British Asian – Indian,0,True,18,[44],Fostering - Emergency,3,1,2025-12-21 22:53:40.625587,Reason why most recent placement ended,6 months ago,1,['Indeterminate'],True,True,20.9,True,Why the child left care entirely,7,Any additional context and comments about the child’s care history,9,including Mainstream,['Dual Heritage - Black/White'],Emergency Foster,False,False,False,
13,Trans Female,White – British,0,False,15,[63],Fostering - Emergency,3,1,2025-12-21 22:53:40.625587,N/A,N/A,1,['Indeterminate'],True,True,381.57,True,N/A,4,N/A,10,including Mainstream,['Mixed – Other'],Emergency Foster,True,True,True,
5,Female,Asian/British Asian – Pakistani,0,False,17,[44],Fostering - Respite,0,1,2025-12-21 22:53:40.625587,N/A,N/A,1,['Indeterminate'],True,True,180.88,False,N/A,0,N/A,10,including Mainstream,['Roma'],Respite Foster,False,False,False,
10,Female,White – British,0,True,11,[64],Kinship,2,1,2025-12-21 22:53:40.625587,Reason why most recent placement ended,6 months ago,1,['Unborn'],True,True,95.86,False,Why the child left care entirely,4,Any additional context and comments about the child’s care history,8,including Mainstream,['Gypsy'],Kinship,True,False,False,
7,Non binary,Asian/British Asian – Pakistani,0,True,10,[39],Residential,2,1,2025-12-21 22:53:40.625587,Reason why most recent placement ended,6 months ago,1,['Non binary'],True,True,312.71,False,Why the child left care entirely,2,Any additional context and comments about the child’s care history,13,including Mainstream,['Dual Heritage - Black/White'],Residential,True,False,False,
10,Female,White – British,0,False,13,[61],Fostering - Respite,1,1,2025-12-21 22:53:40.625587,N/A,N/A,1,['Indeterminate'],True,True,896.11,False,N/A,5,N/A,17,including Mainstream,['Asian/British Asian – Bangladeshi'],Respite Foster,True,False,False,
13,Female,White - Eastern European,0,True,16,[32],Residential,1,1,2025-12-21 22:53:40.625587,Reason why most recent placement ended,6 months ago,1,['Indeterminate'],True,True,163.95,True,Why the child left care entirely,7,Any additional context and comments about the child’s care history,6,including Mainstream,['Roma'],Residential,False,True,False,
4,Male,Asian/British Asian – Indian,0,True,5,[65],Special Guardianship,5,1,2025-12-21 22:53:40.625587,Reason why most recent placement ended,6 months ago,1,['Unknown'],True,True,663.48,True,Why the child left care entirely,2,Any additional context and comments about the child’s care history,17,including Mainstream,['White - Central European'],Special Guardianship,False,False,False,
14,Female,White – British,0,True,18,[26],Adoption,3,1,2025-12-21 22:53:40.625587,Reason why most recent placement ended,6 months ago,1,['Female'],True,False,362.8,False,Why the child left care entirely,8,Any additional context and comments about the child’s care history,13,including Mainstream,['Asian/British Asian – Chinese'],Adoption,False,False,False,
9,Female,Asian/British Asian – Pakistani,0,True,12,[26],Fostering - Long Term,5,1,2025-12-21 22:53:40.625587,Reason why most recent placement ended,6 months ago,1,['Non binary'],True,True,196.99,True,Why the child left care entirely,3,Any additional context and comments about the child’s care history,13,including Mainstream,['Other Ethnic Group'],Long Term Foster,True,False,False,
17,Female,Asian/British Asian – Pakistani,0,False,18,[70],Fostering - Short Term,4,1,2025-12-21 22:53:40.625587,N/A,N/A,1,['Male'],True,True,64.25,False,N/A,2,N/A,16,including Mainstream,['Dual Heritage - Black/White'],Short Term Foster,False,False,False,
8,Male,Asian/British Asian – Pakistani,0,False,13,[57],Fostering - Long Term,5,1,2025-12-21 22:53:40.625587,N/A,N/A,1,['NULL'],True,False,882.73,False,N/A,4,N/A,15,including Mainstream,['Black/Black British – Caribbean'],Long Term Foster,False,True,False,
1,Trans Male,Asian/British Asian – Indian,0,False,9,[36],Residential,4,1,2025-12-21 22:53:40.625587,N/A,N/A,1,['Non binary'],True,True,542.44,True,N/A,1,N/A,12,including Mainstream,['Other Ethnic Group'],Residential,False,False,False,
0,Trans Female,Asian/British Asian – Indian,0,False,16,[55],Fostering - Emergency,4,1,2025-12-21 22:53:40.625587,N/A,N/A,1,['Indeterminate'],True,False,886.09,True,N/A,7,N/A,3,including Mainstream,['Mixed - White/Asian'],Emergency Foster,False,False,False,
12,Trans Female,White – British,0,True,16,[73],Fostering - Short Term,3,1,2025-12-21 22:53:40.625587,Reason why most recent placement ended,6 months ago,1,['Non binary'],True,False,596.97,False,Why the child left care entirely,5,Any additional context and comments about the child’s care history,8,including Mainstream,['White - Eastern European'],Short Term Foster,False,False,True,
11,Male,White – British,0,True,17,[67],Adoption,5,1,2025-12-21 22:53:40.625587,Reason why most recent placement ended,6 months ago,1,['Trans Female'],True,False,271.48,True,Why the child left care entirely,3,Any additional context and comments about the child’s care history,9,including Mainstream,['Gypsy'],Adoption,True,False,False,
14,Female,White – British,0,False,15,[42],Fostering - Short Term,3,1,2025-12-21 22:53:40.625587,N/A,N/A,1,['Unborn'],True,False,753.77,True,N/A,5,N/A,7,including Mainstream,['White - Eastern European'],Short Term Foster,False,False,False,
9,Trans Female,White – British,0,False,14,[26],Fostering - Respite,0,1,2025-12-21 22:53:40.625587,N/A,N/A,1,['Female'],True,True,62.64,True,N/A,1,N/A,10,including Mainstream,['Refused'],Respite Foster,False,False,False,
11,Male,White – British,0,False,18,[47],Special Guardianship,3,1,2025-12-21 22:53:40.625587,N/A,N/A,1,['Indeterminate'],True,False,976.14,True,N/A,5,N/A,13,including Mainstream,['White – Other'],Special Guardianship,True,True,True,
17,Male,Asian/British Asian – Pakistani,0,True,18,[33],Fostering - Short Term,2,1,2025-12-21 22:53:40.625587,Reason why most recent placement ended,6 months ago,1,['Unborn'],True,True,98.52,True,Why the child left care entirely,4,Any additional context and comments about the child’s care history,11,including Mainstream,['Asian/British Asian – Pakistani'],Short Term Foster,False,False,False,
2,Female,Asian/British Asian – Pakistani,0,False,5,[27],Fostering - Short Term,1,1,2025-12-21 22:53:40.625587,N/A,N/A,1,['NULL'],True,False,322.07,True,N/A,5,N/A,16,including Mainstream,['Mixed - White/Asian'],Short Term Foster,False,True,False,
12,Female,White – British,0,True,14,[68],Fostering - Emergency,5,1,2025-12-21 22:53:40.625587,Reason why most recent placement ended,6 months ago,1,['NULL'],False,True,1.34,True,Why the child left care entirely,0,Any additional context and comments about the child’s care history,17,including Mainstream,['Other Ethnic Group'],Emergency Foster,True,False,True,
12,Trans Female,White – British,0,True,13,[71],Special Guardianship,5,1,2025-12-21 22:53:40.625587,Reason why most recent placement ended,6 months ago,1,['Trans Male'],True,True,853.47,True,Why the child left care entirely,8,Any additional context and comments about the child’s care history,8,including Mainstream,['Black/Black British – Caribbean'],Special Guardianship,False,False,False,
10,Female,White – British,0,True,15,[56],Special Guardianship,0,1,2025-12-21 22:53:40.625587,Reason why most recent placement ended,6 months ago,1,['Unknown'],True,False,87.52,False,Why the child left care entirely,8,Any additional context and comments about the child’s care history,15,including Mainstream,['White - Central European'],Special Guardianship,False,False,False,
14,Trans Female,White – British,0,True,15,[40],Fostering - Emergency,4,1,2025-12-21 22:53:40.625587,Reason why most recent placement ended,6 months ago,1,['Unspecified'],False,True,969.13,True,Why the child left care entirely,1,Any additional context and comments about the child’s care history,1,including Mainstream,['NULL'],Emergency Foster,True,False,False,
9,Female,Asian/British Asian – Other,0,True,18,[66],Fostering - Long Term,0,1,2025-12-21 22:53:40.625587,Reason why most recent placement ended,6 months ago,1,['Male'],True,False,276.73,True,Why the child left care entirely,5,Any additional context and comments about the child’s care history,9,including Mainstream,['White – Irish'],Long Term Foster,True,True,False,
12,Male,Asian/British Asian – Pakistani,0,True,13,[27],Fostering - Respite,0,1,2025-12-21 22:53:40.625587,Reason why most recent placement ended,6 months ago,1,['Trans Female'],True,True,999.76,False,Why the child left care entirely,0,Any additional context and comments about the child’s care history,1,including Mainstream,['Dual Heritage - Black/White'],Respite Foster,False,False,False,
17,Female,Asian/British Asian – Bangladeshi,0,False,18,[33],Fostering - Respite,2,1,2025-12-21 22:53:40.625587,N/A,N/A,1,['Unspecified'],True,False,73.51,True,N/A,7,N/A,12,including Mainstream,['Traveller – Other'],Respite Foster,False,False,False,
1,Female,White – British,0,True,12,[51],Residential,3,1,2025-12-21 22:53:40.625587,Reason why most recent placement ended,6 months ago,1,['Female'],True,False,127.33,False,Why the child left care entirely,3,Any additional context and comments about the child’s care history,12,including Mainstream,['Other Ethnic Group'],Residential,False,False,False,
8,Male,White – British,0,False,12,[49],Special Guardianship,0,1,2025-12-21 22:53:40.625587,N/A,N/A,1,['Non binary'],True,False,647.32,True,N/A,5,N/A,1,including Mainstream,['Roma'],Special Guardianship,False,False,False,
2,Male,White – British,0,True,10,[40],Kinship,5,1,2025-12-21 22:53:40.625587,Reason why most recent placement ended,6 months ago,1,['Indeterminate'],True,False,37.67,False,Why the child left care entirely,4,Any additional context and comments about the child’s care history,9,including Mainstream,['Gypsy / Roma'],Kinship,False,False,False,
1,Male,White – British,0,True,8,[50],Kinship,2,1,2025-12-21 22:53:40.625587,Reason why most recent placement ended,6 months ago,1,['Trans Male'],True,False,848.17,True,Why the child left care entirely,2,Any additional context and comments about the child’s care history,1,including Mainstream,['Other Ethnic Group'],Kinship,False,False,False,
17,Trans Female,White – British,0,True,18,[60],Residential,0,1,2025-12-21 22:53:40.625587,Reason why most recent placement ended,6 months ago,1,['Non binary'],True,False,10.82,True,Why the child left care entirely,8,Any additional context and comments about the child’s care history,5,including Mainstream,['Mixed - White/Black Caribbean'],Residential,False,True,False,
15,Male,White – British,0,True,16,[27],Adoption,3,1,2025-12-21 22:53:40.625587,Reason why most recent placement ended,6 months ago,1,['Trans Female'],True,False,68.35,True,Why the child left care entirely,2,Any additional context and comments about the child’s care history,14,including Mainstream,['Asian/British Asian – Indian'],Adoption,False,False,False,
1,Female,Gypsy / Roma,0,True,10,[46],Kinship,4,1,2025-12-21 22:53:40.625587,Reason why most recent placement ended,6 months ago,1,['Unborn'],True,False,531.97,False,Why the child left care entirely,4,Any additional context and comments about the child’s care history,8,including Mainstream,['Asian/British Asian – Chinese'],Kinship,False,False,True,
10,Trans Male,White – British,0,True,11,[75],Fostering - Long Term,3,1,2025-12-21 22:53:40.625587,Reason why most recent placement ended,6 months ago,1,['Trans Male'],True,True,695.21,True,Why the child left care entirely,7,Any additional context and comments about the child’s care history,11,including Mainstream,['Mixed – Other'],Long Term Foster,True,False,False,
1,Trans Female,White – British,0,False,18,[29],Fostering - Emergency,0,1,2025-12-21 22:53:40.625587,N/A,N/A,1,['Unknown'],False,True,550.17,True,N/A,0,N/A,11,including Mainstream,['White – British'],Emergency Foster,False,False,False,
14,Female,Asian/British Asian – Bangladeshi,0,True,16,[48],Fostering - Emergency,1,1,2025-12-21 22:53:40.625587,Reason why most recent placement ended,6 months ago,1,['Female'],True,False,161.88,True,Why the child left care entirely,7,Any additional context and comments about the child’s care history,17,including Mainstream,['Mixed - White/Black African'],Emergency Foster,True,False,False,
9,Female,White – British,0,False,12,[33],Fostering - Short Term,2,1,2025-12-21 22:53:40.625587,N/A,N/A,1,['Indeterminate'],True,False,309.94,True,N/A,2,N/A,9,including Mainstream,['Information Not Yet Obtained'],Short Term Foster,False,False,False,
8,Trans Female,White - Central European,0,True,16,[75],Adoption,3,1,2025-12-21 22:53:40.625587,Reason why most recent placement ended,6 months ago,1,['Trans Female'],True,False,144.16,True,Why the child left care entirely,7,Any additional context and comments about the child’s care history,7,including Mainstream,['White - Central European'],Adoption,False,False,True,
14,Male,Asian/British Asian – Pakistani,0,True,17,[48],Fostering - Long Term,3,1,2025-12-21 22:53:40.625587,Reason why most recent placement ended,6 months ago,1,['Indeterminate'],True,True,826.41,True,Why the child left care entirely,0,Any additional context and comments about the child’s care history,2,including Mainstream,['Gypsy / Roma'],Long Term Foster,True,False,False,
3,Male,Asian/British Asian – Bangladeshi,0,False,13,[38],Fostering - Long Term,1,1,2025-12-21 22:53:40.625587,N/A,N/A,1,['Indeterminate'],False,False,894.36,False,N/A,0,N/A,2,including Mainstream,['Asian/British Asian – Indian'],Long Term Foster,False,False,True,
10,Trans Male,White – British,0,False,11,[57],Special Guardianship,1,1,2025-12-21 22:53:40.625587,N/A,N/A,1,['Unborn'],True,True,759.51,False,N/A,2,N/A,1,including Mainstream,['Roma'],Special Guardianship,False,False,False,
5,Male,Asian/British Asian – Pakistani,0,True,15,[62],Special Guardianship,4,1,2025-12-21 22:53:40.625587,Reason why most recent placement ended,6 months ago,1,['Trans Male'],True,False,794.25,False,Why the child left care entirely,0,Any additional context and comments about the child’s care history,14,including Mainstream,['Asian/British Asian – Chinese'],Special Guardianship,True,False,False,
7,Female,Asian/British Asian – Pakistani,0,False,15,[29],Residential,4,1,2025-12-21 22:53:40.625587,N/A,N/A,1,['Unspecified'],True,True,170.62,False,N/A,7,N/A,17,including Mainstream,['White – Irish'],Residential,False,False,False,
16,Female,White – British,0,False,17,[25],Fostering - Respite,5,1,2025-12-21 22:53:40.625587,N/A,N/A,1,['Unspecified'],True,True,551.56,True,N/A,3,N/A,10,including Mainstream,['Mixed - White/Black African'],Respite Foster,True,False,False,
2,Trans Male,Asian/British Asian – Pakistani,0,True,10,[38],Fostering - Respite,0,1,2025-12-21 22:53:40.625587,Reason why most recent placement ended,6 months ago,1,['Non binary'],False,False,616.23,True,Why the child left care entirely,1,Any additional context and comments about the child’s care history,12,including Mainstream,['Asian/British Asian – Bangladeshi'],Respite Foster,True,False,False,
15,Male,White – British,0,False,18,[30],Adoption,3,1,2025-12-21 22:53:40.625587,N/A,N/A,1,['Male'],True,True,47.07,True,N/A,5,N/A,10,including Mainstream,['White - Central European'],Adoption,False,False,False,
14,Non binary,White – British,0,True,18,[43],Residential,5,1,2025-12-21 22:53:40.625587,Reason why most recent placement ended,6 months ago,1,['Unknown'],True,False,981.62,False,Why the child left care entirely,8,Any additional context and comments about the child’s care history,0,including Mainstream,['Mixed - White/Black Caribbean'],Residential,False,False,False,
13,Male,White - Eastern European,0,True,15,[69],Special Guardianship,4,1,2025-12-21 22:53:40.625587,Reason why most recent placement ended,6 months ago,1,['Trans Male'],True,True,774.92,True,Why the child left care entirely,5,Any additional context and comments about the child’s care history,11,including Mainstream,['White – Irish'],Special Guardianship,False,True,True,
9,Female,White – British,0,True,15,[67],Kinship,4,1,2025-12-21 22:53:40.625587,Reason why most recent placement ended,6 months ago,1,['Trans Female'],True,False,260.42,False,Why the child left care entirely,0,Any additional context and comments about the child’s care history,3,including Mainstream,['Information Not Yet Obtained'],Kinship,True,False,False,
9,Male,Traveller of Irish Heritage,0,True,11,[42],Adoption,1,1,2025-12-21 22:53:40.625587,Reason why most recent placement ended,6 months ago,1,['Indeterminate'],True,True,458.37,True,Why the child left care entirely,1,Any additional context and comments about the child’s care history,11,including Mainstream,['White – British'],Adoption,False,False,False,
12,Female,White – Other,0,True,15,[36],Fostering - Emergency,5,1,2025-12-21 22:53:40.625587,Reason why most recent placement ended,6 months ago,1,['Unborn'],False,True,209.23,False,Why the child left care entirely,1,Any additional context and comments about the child’s care history,6,including Mainstream,['Information Not Yet Obtained'],Emergency Foster,False,False,False,
11,Female,Other Ethnic Group,0,False,13,[32],Fostering - Short Term,0,1,2025-12-21 22:53:40.625587,N/A,N/A,1,['Unspecified'],True,True,605.9,True,N/A,3,N/A,0,including Mainstream,['Asian/British Asian – Bangladeshi'],Short Term Foster,False,False,False,
16,Trans Male,White – British,0,False,18,[62],Fostering - Emergency,4,1,2025-12-21 22:53:40.625587,N/A,N/A,1,['Trans Male'],True,False,907.95,False,N/A,5,N/A,13,including Mainstream,['Traveller – Other'],Emergency Foster,True,True,False,
15,Female,Asian/British Asian – Bangladeshi,0,False,17,[58],Kinship,2,1,2025-12-21 22:53:40.625587,N/A,N/A,1,['Unborn'],True,True,706.2,False,N/A,2,N/A,0,including Mainstream,['Dual Heritage - Black/White'],Kinship,False,False,False,
1,Male,White – British,0,False,15,[49],Residential,1,1,2025-12-21 22:53:40.625587,N/A,N/A,1,['Unknown'],True,True,485.24,True,N/A,3,N/A,8,including Mainstream,['Traveller – Other'],Residential,True,True,False,
6,Male,White – British,0,True,12,[37],Fostering - Short Term,5,1,2025-12-21 22:53:40.625587,Reason why most recent placement ended,6 months ago,1,['Trans Male'],True,False,164.93,True,Why the child left care entirely,5,Any additional context and comments about the child’s care history,10,including Mainstream,['Mixed – Other'],Short Term Foster,True,False,True,
3,Trans Female,Asian/British Asian – Pakistani,0,True,6,[63],Adoption,1,1,2025-12-21 22:53:40.625587,Reason why most recent placement ended,6 months ago,1,['Male'],True,False,989.39,True,Why the child left care entirely,3,Any additional context and comments about the child’s care history,16,including Mainstream,['Unknown'],Adoption,False,False,True,
4,Trans Male,White – British,0,True,12,[72],Special Guardianship,2,1,2025-12-21 22:53:40.625587,Reason why most recent placement ended,6 months ago,1,['Female'],True,True,677.97,False,Why the child left care entirely,3,Any additional context and comments about the child’s care history,14,including Mainstream,['Unknown'],Special Guardianship,False,True,False,
11,Male,Asian/British Asian – Pakistani,0,False,18,[39],Residential,5,1,2025-12-21 22:53:40.625587,N/A,N/A,1,['Indeterminate'],True,True,237.31,False,N/A,6,N/A,10,including Mainstream,['Asian/British Asian – Indian'],Residential,True,False,False,
13,Female,White – British,0,True,16,[42],Special Guardianship,3,1,2025-12-21 22:53:40.625587,Reason why most recent placement ended,6 months ago,1,['Trans Male'],True,True,438.1,True,Why the child left care entirely,7,Any additional context and comments about the child’s care history,12,including Mainstream,['Asian/British Asian – Other'],Special Guardianship,False,False,False,
14,Trans Female,White – British,0,True,18,[55],Kinship,2,1,2025-12-21 22:53:40.625587,Reason why most recent placement ended,6 months ago,1,['NULL'],True,True,812.1,False,Why the child left care entirely,5,Any additional context and comments about the child’s care history,9,including Mainstream,['Information Not Yet Obtained'],Kinship,False,False,False,
1,Female,White – British,0,False,18,[75],Adoption,3,1,2025-12-21 22:53:40.625587,N/A,N/A,1,['Unspecified'],True,True,183.24,False,N/A,7,N/A,7,including Mainstream,['Asian/British Asian – Bangladeshi'],Adoption,False,True,False,
4,Male,Asian/British Asian – Pakistani,0,True,12,[66],Adoption,3,1,2025-12-21 22:53:40.625587,Reason why most recent placement ended,6 months ago,1,['Unknown'],True,True,259.63,False,Why the child left care entirely,4,Any additional context and comments about the child’s care history,11,including Mainstream,['Black/Black British – African'],Adoption,False,False,False,
8,Female,White – British,0,True,17,[44],Kinship,3,1,2025-12-21 22:53:40.625587,Reason why most recent placement ended,6 months ago,1,['Unspecified'],True,False,610.02,True,Why the child left care entirely,5,Any additional context and comments about the child’s care history,3,including Mainstream,['NULL'],Kinship,False,False,False,
5,Trans Male,White – British,0,True,18,[49],Residential,5,1,2025-12-21 22:53:40.625587,Reason why most recent placement ended,6 months ago,1,['Unknown'],True,False,199.46,True,Why the child left care entirely,3,Any additional context and comments about the child’s care history,17,including Mainstream,['Mixed - White/Asian'],Residential,False,False,False,
0,Male,White - Central European,0,True,18,[47],Residential,0,1,2025-12-21 22:53:40.625587,Reason why most recent placement ended,6 months ago,1,['Male'],True,False,278.67,True,Why the child left care entirely,7,Any additional context and comments about the child’s care history,0,including Mainstream,['Other Ethnic Group'],Residential,False,False,True,
17,Female,White – British,0,True,18,[28],Adoption,3,1,2025-12-21 22:53:40.625587,Reason why most recent placement ended,6 months ago,1,['Trans Male'],True,True,243.35,True,Why the child left care entirely,3,Any additional context and comments about the child’s care history,15,including Mainstream,['Asian/British Asian – Indian'],Adoption,True,False,False,
8,Male,Asian/British Asian – Pakistani,0,True,11,[60],Adoption,2,1,2025-12-21 22:53:40.625587,Reason why most recent placement ended,6 months ago,1,['Unborn'],True,True,555.66,True,Why the child left care entirely,4,Any additional context and comments about the child’s care history,10,including Mainstream,['Traveller – Other'],Adoption,False,True,False,
12,Male,Asian/British Asian – Pakistani,0,True,17,[25],Residential,0,1,2025-12-21 22:53:40.625587,Reason why most recent placement ended,6 months ago,1,['Unspecified'],True,False,360.42,True,Why the child left care entirely,5,Any additional context and comments about the child’s care history,2,including Mainstream,['White – Other'],Residential,True,False,False,
7,Male,White – British,0,False,11,[66],Fostering - Short Term,1,1,2025-12-21 22:53:40.625587,N/A,N/A,1,['NULL'],True,True,871.94,True,N/A,0,N/A,0,including Mainstream,['Traveller – Other'],Short Term Foster,False,False,False,
7,Male,Asian/British Asian – Pakistani,0,True,8,[65],Fostering - Respite,0,1,2025-12-21 22:53:40.625587,Reason why most recent placement ended,6 months ago,1,['Non binary'],True,True,723.58,True,Why the child left care entirely,4,Any additional context and comments about the child’s care history,3,including Mainstream,['Traveller of Irish Heritage'],Respite Foster,False,False,False,
13,Female,White – British,0,False,18,[72],Special Guardianship,2,1,2025-12-21 22:53:40.625587,N/A,N/A,1,['Unspecified'],True,False,13.54,True,N/A,5,N/A,1,including Mainstream,['Asian/British Asian – Bangladeshi'],Special Guardianship,False,True,False,
13,Trans Male,White - Eastern European,0,True,15,[56],Fostering - Long Term,1,1,2025-12-21 22:53:40.625587,Reason why most recent placement ended,6 months ago,1,['NULL'],True,True,681.69,False,Why the child left care entirely,1,Any additional context and comments about the child’s care history,16,including Mainstream,['Mixed - White/Asian'],Long Term Foster,False,False,False,
1,Male,Asian/British Asian – Pakistani,0,False,6,[72],Residential,3,1,2025-12-21 22:53:40.625587,N/A,N/A,1,['Indeterminate'],True,False,101.88,False,N/A,7,N/A,6,including Mainstream,['Asian/British Asian – Other'],Residential,False,True,False,
6,Male,Asian/British Asian – Pakistani,0,False,9,[72],Fostering - Emergency,0,1,2025-12-21 22:53:40.625587,N/A,N/A,1,['Male'],True,False,45.6,False,N/A,5,N/A,0,including Mainstream,['Roma'],Emergency Foster,True,False,False,
11,Male,Asian/British Asian – Pakistani,0,False,12,[30],Special Guardianship,1,1,2025-12-21 22:53:40.625587,N/A,N/A,1,['NULL'],True,True,561.96,True,N/A,4,N/A,16,including Mainstream,['Unknown'],Special Guardianship,False,False,False,
8,Female,Asian/British Asian – Pakistani,0,True,11,[61],Kinship,2,1,2025-12-21 22:53:40.625587,Reason why most recent placement ended,6 months ago,1,['Unknown'],True,True,974.64,False,Why the child left care entirely,7,Any additional context and comments about the child’s care history,5,including Mainstream,['Traveller of Irish Heritage'],Kinship,False,True,False,
9,Male,White – British,0,True,10,[46],Residential,2,1,2025-12-21 22:53:40.625587,Reason why most recent placement ended,6 months ago,1,['Female'],True,False,159.63,False,Why the child left care entirely,8,Any additional context and comments about the child’s care history,2,including Mainstream,['White – Other'],Residential,False,False,False,
8,Trans Female,White – British,0,True,11,[39],Fostering - Respite,3,1,2025-12-21 22:53:40.625587,Reason why most recent placement ended,6 months ago,1,['Non binary'],True,True,747.7,False,Why the child left care entirely,3,Any additional context and comments about the child’s care history,17,including Mainstream,['Black/Black British – African'],Respite Foster,False,False,False,
17,Trans Female,White – British,0,True,18,[51],Residential,1,1,2025-12-21 22:53:40.625587,Reason why most recent placement ended,6 months ago,1,['NULL'],True,False,885.43,False,Why the child left care entirely,2,Any additional context and comments about the child’s care history,2,including Mainstream,['Other Ethnic Group'],Residential,False,False,False,
16,Trans Male,Asian/British Asian – Pakistani,0,False,18,[72],Kinship,4,1,2025-12-21 22:53:40.625587,N/A,N/A,1,['Unspecified'],True,True,717.65,False,N/A,5,N/A,2,including Mainstream,['Refused'],Kinship,True,True,False,
8,Male,White – British,0,True,12,[28],Adoption,5,1,2025-12-21 22:53:40.625587,Reason why most recent placement ended,6 months ago,1,['Unspecified'],True,False,252.56,True,Why the child left care entirely,6,Any additional context and comments about the child’s care history,14,including Mainstream,['Mixed - White/Asian'],Adoption,True,False,False,
13,Female,Asian/British Asian – Pakistani,0,True,18,[35],Residential,0,1,2025-12-21 22:53:40.625587,Reason why most recent placement ended,6 months ago,1,['Non binary'],True,True,592.92,False,Why the child left care entirely,1,Any additional context and comments about the child’s care history,14,including Mainstream,['Asian/British Asian – Bangladeshi'],Residential,True,False,False,
15,Female,White – British,0,False,18,[34],Special Guardianship,1,1,2025-12-21 22:53:40.625587,N/A,N/A,1,['NULL'],True,True,944.27,True,N/A,6,N/A,13,including Mainstream,['Traveller of Irish Heritage'],Special Guardianship,False,False,False,
2,Female,Traveller of Irish Heritage,0,True,5,[45],Fostering - Respite,0,1,2025-12-21 22:53:40.625587,Reason why most recent placement ended,6 months ago,1,['Unspecified'],False,False,803.43,True,Why the child left care entirely,0,Any additional context and comments about the child’s care history,5,including Mainstream,['Gypsy / Roma'],Respite Foster,True,False,False,
11,Non binary,White – British,0,False,13,[52],Fostering - Short Term,2,1,2025-12-21 22:53:40.625587,N/A,N/A,1,['Male'],True,False,143.34,True,N/A,2,N/A,5,including Mainstream,['Black/Black British – Other'],Short Term Foster,True,False,False,
17,Female,Asian/British Asian – Pakistani,0,True,18,[43],Fostering - Respite,2,1,2025-12-21 22:53:40.625587,Reason why most recent placement ended,6 months ago,1,['Unspecified'],True,False,137.43,False,Why the child left care entirely,8,Any additional context and comments about the child’s care history,14,including Mainstream,['Mixed - White/Black Caribbean'],Respite Foster,False,True,False,
16,Female,White – British,0,True,18,[32],Residential,4,1,2025-12-21 22:53:40.625587,Reason why most recent placement ended,6 months ago,1,['NULL'],True,True,388.23,True,Why the child left care entirely,7,Any additional context and comments about the child’s care history,10,including Mainstream,['Mixed – Other'],Residential,False,False,False,
9,Female,White - Eastern European,0,True,10,[49],Fostering - Respite,5,1,2025-12-21 22:53:40.625587,Reason why most recent placement ended,6 months ago,1,['Non binary'],True,True,886.03,True,Why the child left care entirely,8,Any additional context and comments about the child’s care history,17,including Mainstream,['Black/Black British – Caribbean'],Respite Foster,False,False,False,
0,Female,White – British,0,True,18,[72],Fostering - Emergency,5,1,2025-12-21 22:53:40.625587,Reason why most recent placement ended,6 months ago,1,['Female'],True,False,653.97,False,Why the child left care entirely,5,Any additional context and comments about the child’s care history,15,including Mainstream,['White – British'],Emergency Foster,True,False,False,
2,Trans Male,White – British,0,True,5,[66],Fostering - Short Term,2,1,2025-12-21 22:53:40.625587,Reason why most recent placement ended,6 months ago,1,['Trans Female'],True,False,516.77,True,Why the child left care entirely,2,Any additional context and comments about the child’s care history,14,including Mainstream,['Traveller of Irish Heritage'],Short Term Foster,False,True,False,
6,Female,White – British,0,False,10,[31],Special Guardianship,5,1,2025-12-21 22:53:40.625587,N/A,N/A,1,['NULL'],True,True,320.26,True,N/A,7,N/A,11,including Mainstream,['White - Central European'],Special Guardianship,False,False,False,
13,Trans Male,Asian/British Asian – Pakistani,0,False,14,[51],Residential,4,1,2025-12-21 22:53:40.625587,N/A,N/A,1,['NULL'],True,True,785.16,False,N/A,6,N/A,11,including Mainstream,['Gypsy / Roma'],Residential,False,False,False,
12,Male,White – British,0,False,17,[49],Residential,2,1,2025-12-21 22:53:40.625587,N/A,N/A,1,['Unknown'],True,True,322.05,False,N/A,4,N/A,8,including Mainstream,['Asian/British Asian – Bangladeshi'],Residential,False,True,True,
11,Female,Asian/British Asian – Pakistani,0,True,17,[29],Adoption,3,1,2025-12-21 22:53:40.625587,Reason why most recent placement ended,6 months ago,1,['Trans Male'],False,True,15.92,False,Why the child left care entirely,1,Any additional context and comments about the child’s care history,12,including Mainstream,['Gypsy'],Adoption,True,False,False,
11,Female,Asian/British Asian – Pakistani,0,False,18,[59],Residential,3,1,2025-12-21 22:53:40.625587,N/A,N/A,1,['Female'],True,False,113.12,True,N/A,4,N/A,7,including Mainstream,['Mixed – Other'],Residential,False,False,True,
10,Trans Male,White – British,0,True,16,[35],Fostering - Emergency,4,1,2025-12-21 22:53:40.625587,Reason why most recent placement ended,6 months ago,1,['Unborn'],True,False,464.27,True,Why the child left care entirely,5,Any additional context and comments about the child’s care history,7,including Mainstream,['Asian/British Asian – Other'],Emergency Foster,True,False,False,
1,Male,White – British,0,False,5,[56],Fostering - Emergency,4,1,2025-12-21 22:53:40.625587,N/A,N/A,1,['Unknown'],True,True,150.51,False,N/A,1,N/A,1,including Mainstream,['Mixed - White/Asian'],Emergency Foster,False,False,False,
17,Female,Other Ethnic Group,0,False,18,[31],Kinship,5,1,2025-12-21 22:53:40.625587,N/A,N/A,1,['Trans Male'],True,False,935.96,True,N/A,8,N/A,17,including Mainstream,['White – British'],Kinship,False,False,False,
15,Male,Asian/British Asian – Indian,0,True,18,[45],Residential,1,1,2025-12-21 22:53:40.625587,Reason why most recent placement ended,6 months ago,1,['Female'],True,False,89.59,False,Why the child left care entirely,7,Any additional context and comments about the child’s care history,10,including Mainstream,['Dual Heritage - Black/White'],Residential,False,False,False,
7,Trans Female,White – British,0,True,14,[75],Kinship,1,1,2025-12-21 22:53:40.625587,Reason why most recent placement ended,6 months ago,1,['Unknown'],True,True,911.02,True,Why the child left care entirely,4,Any additional context and comments about the child’s care history,15,including Mainstream,['Unknown'],Kinship,False,False,False,
16,Female,Asian/British Asian – Pakistani,0,True,17,[38],Kinship,2,1,2025-12-21 22:53:40.625587,Reason why most recent placement ended,6 months ago,1,['Trans Male'],True,False,103.94,True,Why the child left care entirely,8,Any additional context and comments about the child’s care history,4,including Mainstream,['Gypsy / Roma'],Kinship,False,True,False,
6,Male,Black/Black British – African,0,False,14,[29],Adoption,3,1,2025-12-21 22:53:40.625587,N/A,N/A,1,['Non binary'],True,False,447.81,True,N/A,7,N/A,11,including Mainstream,['White – Other'],Adoption,False,True,False,
8,Female,White – British,0,True,17,[72],Kinship,4,1,2025-12-21 22:53:40.625587,Reason why most recent placement ended,6 months ago,1,['Trans Female'],True,True,325.14,False,Why the child left care entirely,3,Any additional context and comments about the child’s care history,11,including Mainstream,['Roma'],Kinship,False,False,False,
2,Male,Asian/British Asian – Pakistani,0,True,12,[37],Adoption,0,1,2025-12-21 22:53:40.625587,Reason why most recent placement ended,6 months ago,1,['Non binary'],True,False,997.01,False,Why the child left care entirely,3,Any additional context and comments about the child’s care history,16,including Mainstream,['Refused'],Adoption,False,False,False,
8,Trans Male,White – British,0,True,13,[28],Residential,4,1,2025-12-21 22:53:40.625587,Reason why most recent placement ended,6 months ago,1,['Indeterminate'],True,False,261.22,False,Why the child left care entirely,8,Any additional context and comments about the child’s care history,16,including Mainstream,['Traveller of Irish Heritage'],Residential,False,True,False,
0,Non binary,Asian/British Asian – Pakistani,0,True,16,[44],Kinship,0,1,2025-12-21 22:53:40.625587,Reason why most recent placement ended,6 months ago,1,['Unborn'],True,False,21.16,True,Why the child left care entirely,5,Any additional context and comments about the child’s care history,12,including Mainstream,['White – British'],Kinship,False,False,True,
4,Female,Asian/British Asian – Pakistani,0,False,15,[33],Fostering - Respite,4,1,2025-12-21 22:53:40.625587,N/A,N/A,1,['Trans Female'],True,True,425.9,True,N/A,8,N/A,14,including Mainstream,['Other Ethnic Group'],Respite Foster,False,False,False,
15,Trans Female,White - Central European,0,True,16,[69],Special Guardianship,1,1,2025-12-21 22:53:40.625587,Reason why most recent placement ended,6 months ago,1,['Unknown'],True,True,997.64,False,Why the child left care entirely,7,Any additional context and comments about the child’s care history,10,including Mainstream,['NULL'],Special Guardianship,False,False,False,
11,Male,White – British,0,True,14,[63],Fostering - Respite,0,1,2025-12-21 22:53:40.625587,Reason why most recent placement ended,6 months ago,1,['Non binary'],True,True,644.25,False,Why the child left care entirely,8,Any additional context and comments about the child’s care history,10,including Mainstream,['Black/Black British – Caribbean'],Respite Foster,False,False,False,
0,Trans Female,Asian/British Asian – Pakistani,0,False,15,[70],Fostering - Long Term,1,1,2025-12-21 22:53:40.625587,N/A,N/A,1,['NULL'],True,False,829.41,False,N/A,8,N/A,12,including Mainstream,['White - Central European'],Long Term Foster,False,True,False,
0,Male,Black/Black British – African,0,True,4,[39],Residential,4,1,2025-12-21 22:53:40.625587,Reason why most recent placement ended,6 months ago,1,['Unspecified'],True,False,242.29,True,Why the child left care entirely,1,Any additional context and comments about the child’s care history,13,including Mainstream,['Roma'],Residential,False,False,False,
14,Male,White – British,0,True,15,[47],Fostering - Emergency,3,1,2025-12-21 22:53:40.625587,Reason why most recent placement ended,6 months ago,1,['Trans Male'],True,True,926.0,True,Why the child left care entirely,6,Any additional context and comments about the child’s care history,8,including Mainstream,['White - Eastern European'],Emergency Foster,False,False,False,
12,Trans Female,White – British,0,False,16,[49],Special Guardianship,1,1,2025-12-21 22:53:40.625587,N/A,N/A,1,['Non binary'],True,False,407.06,False,N/A,8,N/A,9,including Mainstream,['White – Irish'],Special Guardianship,False,True,False,
13,Male,White – British,0,True,17,[56],Fostering - Emergency,4,1,2025-12-21 22:53:40.625587,Reason why most recent placement ended,6 months ago,1,['Indeterminate'],False,False,670.45,True,Why the child left care entirely,1,Any additional context and comments about the child’s care history,16,including Mainstream,['Black/Black British – Caribbean'],Emergency Foster,True,False,True,
10,Female,Asian/British Asian – Pakistani,0,False,18,[54],Fostering - Long Term,0,1,2025-12-21 22:53:40.625587,N/A,N/A,1,['NULL'],True,True,995.57,True,N/A,2,N/A,3,including Mainstream,['Asian/British Asian – Pakistani'],Long Term Foster,False,False,False,
9,Non binary,White – British,0,False,18,[57],Fostering - Emergency,5,1,2025-12-21 22:53:40.625587,N/A,N/A,1,['Unknown'],True,False,977.26,True,N/A,5,N/A,11,including Mainstream,['Roma'],Emergency Foster,False,False,False,
8,Female,White – British,0,True,18,[60],Fostering - Respite,0,1,2025-12-21 22:53:40.625587,Reason why most recent placement ended,6 months ago,1,['Trans Male'],False,False,430.76,False,Why the child left care entirely,1,Any additional context and comments about the child’s care history,4,including Mainstream,['NULL'],Respite Foster,False,False,False,
15,Male,Asian/British Asian – Pakistani,0,False,18,[43],Kinship,3,1,2025-12-21 22:53:40.625587,N/A,N/A,1,['Unspecified'],True,True,620.12,True,N/A,6,N/A,6,including Mainstream,['Unknown'],Kinship,False,True,False,
14,Male,White - Eastern European,0,True,17,[40],Special Guardianship,4,1,2025-12-21 22:53:40.625587,Reason why most recent placement ended,6 months ago,1,['Unknown'],True,True,411.56,True,Why the child left care entirely,7,Any additional context and comments about the child’s care history,12,including Mainstream,['White – British'],Special Guardianship,False,False,False,
14,Female,White – British,0,True,18,[30],Fostering - Emergency,1,1,2025-12-21 22:53:40.625587,Reason why most recent placement ended,6 months ago,1,['Female'],True,True,266.2,True,Why the child left care entirely,3,Any additional context and comments about the child’s care history,4,including Mainstream,['Asian/British Asian – Indian'],Emergency Foster,False,False,False,
10,Trans Male,White – Irish,0,True,17,[54],Fostering - Respite,0,1,2025-12-21 22:53:40.625587,Reason why most recent placement ended,6 months ago,1,['Female'],True,False,946.72,True,Why the child left care entirely,5,Any additional context and comments about the child’s care history,9,including Mainstream,['Mixed - White/Black African'],Respite Foster,False,False,False,
15,Male,White – British,0,False,17,[43],Fostering - Emergency,3,1,2025-12-21 22:53:40.625587,N/A,N/A,1,['Indeterminate'],True,False,790.52,True,N/A,0,N/A,0,including Mainstream,['Unknown'],Emergency Foster,False,False,False,
0,Male,Asian/British Asian – Pakistani,0,True,12,[68],Residential,3,1,2025-12-21 22:53:40.625587,Reason why most recent placement ended,6 months ago,1,['Indeterminate'],True,False,270.72,False,Why the child left care entirely,4,Any additional context and comments about the child’s care history,5,including Mainstream,['Traveller – Other'],Residential,True,True,False,
10,Male,Asian/British Asian – Pakistani,0,True,13,[63],Fostering - Respite,1,1,2025-12-21 22:53:40.625587,Reason why most recent placement ended,6 months ago,1,['Unborn'],True,True,542.92,True,Why the child left care entirely,5,Any additional context and comments about the child’s care history,12,including Mainstream,['Asian/British Asian – Bangladeshi'],Respite Foster,False,False,False,
11,Female,White – British,0,True,18,[63],Fostering - Short Term,2,1,2025-12-21 22:53:40.625587,Reason why most recent placement ended,6 months ago,1,['Unborn'],True,False,874.05,True,Why the child left care entirely,3,Any additional context and comments about the child’s care history,6,including Mainstream,['Traveller – Other'],Short Term Foster,False,False,False,
15,Female,White – British,0,True,18,[70],Fostering - Emergency,1,1,2025-12-21 22:53:40.625587,Reason why most recent placement ended,6 months ago,1,['Indeterminate'],False,True,162.61,False,Why the child left care entirely,1,Any additional context and comments about the child’s care history,9,including Mainstream,['Gypsy / Roma'],Emergency Foster,True,False,False,
6,Female,Asian/British Asian – Pakistani,0,True,9,[29],Fostering - Emergency,0,1,2025-12-21 22:53:40.625587,Reason why most recent placement ended,6 months ago,1,['Female'],False,True,672.18,True,Why the child left care entirely,1,Any additional context and comments about the child’s care history,5,including Mainstream,['Information Not Yet Obtained'],Emergency Foster,True,False,False,
10,Female,Asian/British Asian – Pakistani,0,True,11,[44],Fostering - Emergency,2,1,2025-12-21 22:53:40.625587,Reason why most recent placement ended,6 months ago,1,['Trans Female'],True,False,879.3,True,Why the child left care entirely,1,Any additional context and comments about the child’s care history,0,including Mainstream,['Mixed - White/Black Caribbean'],Emergency Foster,False,False,False,
13,Female,Asian/British Asian – Pakistani,0,True,14,[47],Adoption,4,1,2025-12-21 22:53:40.625587,Reason why most recent placement ended,6 months ago,1,['Female'],True,False,105.36,True,Why the child left care entirely,5,Any additional context and comments about the child’s care history,13,including Mainstream,['Other Ethnic Group'],Adoption,False,False,False,
0,Female,White – British,0,True,2,[46],Fostering - Emergency,4,1,2025-12-21 22:53:40.625587,Reason why most recent placement ended,6 months ago,1,['Non binary'],True,False,774.02,True,Why the child left care entirely,7,Any additional context and comments about the child’s care history,7,including Mainstream,['Traveller – Other'],Emergency Foster,False,False,False,
17,Male,Mixed – Other,0,False,18,[56],Fostering - Emergency,4,1,2025-12-21 22:53:40.625587,N/A,N/A,1,['Unknown'],True,False,43.88,False,N/A,4,N/A,16,including Mainstream,['Information Not Yet Obtained'],Emergency Foster,False,False,False,
2,Female,White – British,0,True,18,[74],Fostering - Long Term,3,1,2025-12-21 22:53:40.625587,Reason why most recent placement ended,6 months ago,1,['Trans Female'],True,False,661.4,False,Why the child left care entirely,2,Any additional context and comments about the child’s care history,3,including Mainstream,['Black/Black British – Other'],Long Term Foster,True,False,False,
5,Female,White – British,0,True,10,[62],Fostering - Long Term,1,1,2025-12-21 22:53:40.625587,Reason why most recent placement ended,6 months ago,1,['Unspecified'],True,True,909.1,False,Why the child left care entirely,3,Any additional context and comments about the child’s care history,9,including Mainstream,['Asian/British Asian – Chinese'],Long Term Foster,True,False,False,
0,Trans Female,Asian/British Asian – Pakistani,0,True,2,[38],Kinship,1,1,2025-12-21 22:53:40.625587,Reason why most recent placement ended,6 months ago,1,['Trans Female'],True,False,90.4,True,Why the child left care entirely,3,Any additional context and comments about the child’s care history,10,including Mainstream,['White – Other'],Kinship,False,True,True,
16,Trans Male,White – British,0,False,18,[51],Fostering - Emergency,0,1,2025-12-21 22:53:40.625587,N/A,N/A,1,['Unknown'],True,False,682.6,False,N/A,3,N/A,8,including Mainstream,['White – Irish'],Emergency Foster,False,False,False,
10,Trans Male,White – British,0,True,11,[68],Fostering - Emergency,3,1,2025-12-21 22:53:40.625587,Reason why most recent placement ended,6 months ago,1,['Non binary'],False,True,537.66,True,Why the child left care entirely,0,Any additional context and comments about the child’s care history,5,including Mainstream,['Asian/British Asian – Indian'],Emergency Foster,False,False,False,
7,Trans Male,White – Irish,0,True,15,[60],Adoption,4,1,2025-12-21 22:53:40.625587,Reason why most recent placement ended,6 months ago,1,['Indeterminate'],True,False,833.16,True,Why the child left care entirely,4,Any additional context and comments about the child’s care history,5,including Mainstream,['Asian/British Asian – Pakistani'],Adoption,False,True,False,
3,Trans Female,White – British,0,True,14,[40],Fostering - Emergency,1,1,2025-12-21 22:53:40.625587,Reason why most recent placement ended,6 months ago,1,['Female'],True,True,115.11,False,Why the child left care entirely,7,Any additional context and comments about the child’s care history,1,including Mainstream,['Gypsy / Roma'],Emergency Foster,False,False,False,
1,Male,Dual Heritage - Black/White,0,True,14,[34],Special Guardianship,3,1,2025-12-21 22:53:40.625587,Reason why most recent placement ended,6 months ago,1,['Unspecified'],True,True,558.4,False,Why the child left care entirely,7,Any additional context and comments about the child’s care history,5,including Mainstream,['White - Eastern European'],Special Guardianship,True,False,False,
6,Female,White – British,0,False,16,[58],Kinship,1,1,2025-12-21 22:53:40.625587,N/A,N/A,1,['Indeterminate'],True,False,401.79,True,N/A,8,N/A,0,including Mainstream,['Unknown'],Kinship,False,False,True,
17,Female,White – British,0,True,18,[43],Fostering - Short Term,4,1,2025-12-21 22:53:40.625587,Reason why most recent placement ended,6 months ago,1,['Female'],True,True,324.59,True,Why the child left care entirely,6,Any additional context and comments about the child’s care history,2,including Mainstream,['Black/Black British – African'],Short Term Foster,False,True,True,
2,Female,White – British,0,True,12,[34],Adoption,2,1,2025-12-21 22:53:40.625587,Reason why most recent placement ended,6 months ago,1,['Unborn'],True,False,739.68,True,Why the child left care entirely,4,Any additional context and comments about the child’s care history,15,including Mainstream,['Mixed - White/Asian'],Adoption,True,False,True,
14,Male,White – British,0,True,16,[74],Fostering - Long Term,1,1,2025-12-21 22:53:40.625587,Reason why most recent placement ended,6 months ago,1,['Unborn'],True,False,808.97,True,Why the child left care entirely,8,Any additional context and comments about the child’s care history,11,including Mainstream,['Gypsy'],Long Term Foster,False,False,False,
16,Male,Asian/British Asian – Bangladeshi,0,False,17,[29],Special Guardianship,2,1,2025-12-21 22:53:40.625587,N/A,N/A,1,['Female'],True,True,242.12,False,N/A,2,N/A,1,including Mainstream,['Gypsy'],Special Guardianship,True,False,False,
12,Male,White – British,0,True,16,[47],Adoption,5,1,2025-12-21 22:53:40.625587,Reason why most recent placement ended,6 months ago,1,['Unborn'],True,True,447.01,True,Why the child left care entirely,2,Any additional context and comments about the child’s care history,1,including Mainstream,['Asian/British Asian – Chinese'],Adoption,True,False,False,
12,Male,Black/Black British – Caribbean,0,False,14,[49],Fostering - Long Term,2,1,2025-12-21 22:53:40.625587,N/A,N/A,1,['Non binary'],False,True,566.23,False,N/A,0,N/A,12,including Mainstream,['Traveller – Other'],Long Term Foster,False,False,True,
7,Non binary,White – British,0,False,16,[36],Adoption,4,1,2025-12-21 22:53:40.625587,N/A,N/A,1,['Non binary'],True,True,628.04,True,N/A,7,N/A,1,including Mainstream,['Asian/British Asian – Other'],Adoption,False,False,False,
7,Male,White – British,0,True,15,[57],Special Guardianship,1,1,2025-12-21 22:53:40.625587,Reason why most recent placement ended,6 months ago,1,['Unknown'],True,True,968.45,False,Why the child left care entirely,5,Any additional context and comments about the child’s care history,2,including Mainstream,['Gypsy / Roma'],Special Guardianship,False,True,False,
7,Trans Male,White – British,0,True,9,[68],Adoption,2,1,2025-12-21 22:53:40.625587,Reason why most recent placement ended,6 months ago,1,['NULL'],True,True,493.27,False,Why the child left care entirely,7,Any additional context and comments about the child’s care history,16,including Mainstream,['Unknown'],Adoption,False,False,False,
5,Female,White – British,0,True,6,[54],Fostering - Emergency,5,1,2025-12-21 22:53:40.625587,Reason why most recent placement ended,6 months ago,1,['Female'],True,True,210.4,True,Why the child left care entirely,6,Any additional context and comments about the child’s care history,2,including Mainstream,['Asian/British Asian – Bangladeshi'],Emergency Foster,True,True,False,
3,Female,Asian/British Asian – Pakistani,0,False,16,[59],Fostering - Long Term,3,1,2025-12-21 22:53:40.625587,N/A,N/A,1,['Male'],True,False,753.26,False,N/A,5,N/A,7,including Mainstream,['Mixed - White/Black African'],Long Term Foster,False,False,False,
16,Male,White – Other,0,True,18,[41],Fostering - Long Term,0,1,2025-12-21 22:53:40.625587,Reason why most recent placement ended,6 months ago,1,['NULL'],False,True,842.86,True,Why the child left care entirely,0,Any additional context and comments about the child’s care history,0,including Mainstream,['White – British'],Long Term Foster,False,False,False,
10,Male,Asian/British Asian – Pakistani,0,False,17,[64],Fostering - Short Term,3,1,2025-12-21 22:53:40.625587,N/A,N/A,1,['NULL'],True,True,934.38,True,N/A,6,N/A,17,including Mainstream,['Unknown'],Short Term Foster,False,False,False,
16,Female,White - Eastern European,0,True,18,[66],Kinship,0,1,2025-12-21 22:53:40.625587,Reason why most recent placement ended,6 months ago,1,['Unborn'],False,True,925.06,True,Why the child left care entirely,0,Any additional context and comments about the child’s care history,0,including Mainstream,['Mixed - White/Black African'],Kinship,True,False,False,
4,Female,White – Other,0,True,15,[38],Fostering - Short Term,1,1,2025-12-21 22:53:40.625587,Reason why most recent placement ended,6 months ago,1,['Male'],True,True,234.12,False,Why the child left care entirely,5,Any additional context and comments about the child’s care history,14,including Mainstream,['White – Other'],Short Term Foster,False,True,False,
9,Male,White – British,0,False,17,[26],Fostering - Short Term,3,1,2025-12-21 22:53:40.625587,N/A,N/A,1,['Non binary'],False,True,202.14,False,N/A,1,N/A,17,including Mainstream,['Black/Black British – Other'],Short Term Foster,False,False,False,
9,Trans Male,Asian/British Asian – Pakistani,0,False,18,[72],Fostering - Respite,2,1,2025-12-21 22:53:40.625587,N/A,N/A,1,['Female'],True,False,913.09,True,N/A,7,N/A,8,including Mainstream,['White – British'],Respite Foster,False,False,False,
2,Male,Mixed - White/Asian,0,False,3,[38],Residential,5,1,2025-12-21 22:53:40.625587,N/A,N/A,1,['Male'],True,True,394.59,False,N/A,5,N/A,8,including Mainstream,['Gypsy'],Residential,False,False,False,
4,Male,White – British,0,True,7,[69],Special Guardianship,4,1,2025-12-21 22:53:40.625587,Reason why most recent placement ended,6 months ago,1,['Unborn'],False,True,92.04,True,Why the child left care entirely,0,Any additional context and comments about the child’s care history,11,including Mainstream,['Mixed – Other'],Special Guardianship,False,False,False,
3,Female,White – British,0,False,16,[44],Adoption,2,1,2025-12-21 22:53:40.625587,N/A,N/A,1,['Unspecified'],True,True,590.17,True,N/A,6,N/A,9,including Mainstream,['White – British'],Adoption,True,False,False,
5,Female,Asian/British Asian – Pakistani,0,True,10,[55],Fostering - Respite,5,1,2025-12-21 22:53:40.625587,Reason why most recent placement ended,6 months ago,1,['Non binary'],True,True,955.16,True,Why the child left care entirely,2,Any additional context and comments about the child’s care history,9,including Mainstream,['White – Other'],Respite Foster,True,False,True,
3,Female,White – British,0,False,18,[65],Residential,0,1,2025-12-21 22:53:40.625587,N/A,N/A,1,['Trans Female'],True,True,748.39,True,N/A,6,N/A,0,including Mainstream,['Mixed – Other'],Residential,False,True,False,
12,Female,White – British,0,True,14,[56],Special Guardianship,3,1,2025-12-21 22:53:40.625587,Reason why most recent placement ended,6 months ago,1,['Unborn'],True,False,700.12,True,Why the child left care entirely,3,Any additional context and comments about the child’s care history,7,including Mainstream,['NULL'],Special Guardianship,False,False,False,
14,Male,White – British,0,False,18,[27],Kinship,1,1,2025-12-21 22:53:40.625587,N/A,N/A,1,['Female'],True,True,792.81,False,N/A,1,N/A,9,including Mainstream,['Asian/British Asian – Indian'],Kinship,True,False,True,
2,Trans Male,Black/Black British – African,0,True,14,[56],Fostering - Respite,0,1,2025-12-21 22:53:40.625587,Reason why most recent placement ended,6 months ago,1,['Unborn'],True,False,273.93,True,Why the child left care entirely,0,Any additional context and comments about the child’s care history,16,including Mainstream,['Black/Black British – Other'],Respite Foster,False,False,False,
4,Female,White – British,0,False,10,[57],Adoption,5,1,2025-12-21 22:53:40.625587,N/A,N/A,1,['Unspecified'],True,True,922.73,True,N/A,5,N/A,8,including Mainstream,['White – British'],Adoption,True,False,True,
8,Female,Other Ethnic Group,0,False,12,[62],Adoption,0,1,2025-12-21 22:53:40.625587,N/A,N/A,1,['NULL'],True,False,355.38,False,N/A,8,N/A,4,including Mainstream,['White – British'],Adoption,True,True,False,
14,Male,White – British,0,False,17,[64],Fostering - Long Term,4,1,2025-12-21 22:53:40.625587,N/A,N/A,1,['Female'],True,False,691.09,False,N/A,6,N/A,7,including Mainstream,['White – British'],Long Term Foster,True,True,False,
5,Female,White – British,0,True,6,[27],Residential,2,1,2025-12-21 22:53:40.625587,Reason why most recent placement ended,6 months ago,1,['Unknown'],True,False,162.05,False,Why the child left care entirely,6,Any additional context and comments about the child’s care history,16,including Mainstream,['Other Ethnic Group'],Residential,False,False,False,
9,Female,White - Central European,0,False,10,[57],Fostering - Long Term,5,1,2025-12-21 22:53:40.625587,N/A,N/A,1,['Female'],False,True,213.2,False,N/A,0,N/A,12,including Mainstream,['Asian/British Asian – Chinese'],Long Term Foster,True,False,False,
11,Female,Gypsy / Roma,0,True,13,[32],Fostering - Short Term,0,1,2025-12-21 22:53:40.625587,Reason why most recent placement ended,6 months ago,1,['Indeterminate'],True,True,126.74,True,Why the child left care entirely,7,Any additional context and comments about the child’s care history,15,including Mainstream,['White – Other'],Short Term Foster,False,False,False,
2,Trans Female,Asian/British Asian – Pakistani,0,False,14,[28],Adoption,1,1,2025-12-21 22:53:40.625587,N/A,N/A,1,['Unknown'],True,False,752.02,True,N/A,2,N/A,13,including Mainstream,['Asian/British Asian – Indian'],Adoption,False,True,True,
3,Male,White - Central European,0,False,8,[42],Fostering - Emergency,3,1,2025-12-21 22:53:40.625587,N/A,N/A,1,['Indeterminate'],False,False,876.15,True,N/A,1,N/A,0,including Mainstream,['Asian/British Asian – Other'],Emergency Foster,False,False,False,
9,Female,White – British,0,False,18,[35],Adoption,0,1,2025-12-21 22:53:40.625587,N/A,N/A,1,['NULL'],True,False,347.37,False,N/A,6,N/A,17,including Mainstream,['White – Irish'],Adoption,False,False,False,
0,Trans Male,White - Eastern European,0,True,14,[59],Fostering - Short Term,5,1,2025-12-21 22:53:40.625587,Reason why most recent placement ended,6 months ago,1,['Unborn'],True,True,634.9,True,Why the child left care entirely,0,Any additional context and comments about the child’s care history,13,including Mainstream,['NULL'],Short Term Foster,False,False,False,
3,Female,White – British,0,False,5,[44],Kinship,3,1,2025-12-21 22:53:40.625587,N/A,N/A,1,['Trans Male'],True,False,235.18,True,N/A,0,N/A,3,including Mainstream,['White - Central European'],Kinship,False,False,False,
16,Male,White – British,0,True,18,[59],Fostering - Respite,2,1,2025-12-21 22:53:40.625587,Reason why most recent placement ended,6 months ago,1,['Female'],True,False,40.12,False,Why the child left care entirely,3,Any additional context and comments about the child’s care history,7,including Mainstream,['Asian/British Asian – Chinese'],Respite Foster,True,False,False,
2,Female,Mixed - White/Asian,0,False,14,[61],Residential,1,1,2025-12-21 22:53:40.625587,N/A,N/A,1,['NULL'],True,True,839.45,True,N/A,3,N/A,15,including Mainstream,['White – Irish'],Residential,False,False,False,
2,Male,White – British,0,True,15,[70],Fostering - Long Term,1,1,2025-12-21 22:53:40.625587,Reason why most recent placement ended,6 months ago,1,['Indeterminate'],True,True,381.86,False,Why the child left care entirely,7,Any additional context and comments about the child’s care history,6,including Mainstream,['Traveller – Other'],Long Term Foster,True,True,False,
4,Male,White – British,0,False,6,[27],Fostering - Long Term,2,1,2025-12-21 22:53:40.625587,N/A,N/A,1,['Unknown'],True,True,976.31,False,N/A,2,N/A,11,including Mainstream,['Asian/British Asian – Pakistani'],Long Term Foster,True,False,False,
16,Male,White – British,0,True,17,[70],Adoption,1,1,2025-12-21 22:53:40.625587,Reason why most recent placement ended,6 months ago,1,['Unknown'],True,True,203.63,False,Why the child left care entirely,4,Any additional context and comments about the child’s care history,3,including Mainstream,['Black/Black British – Other'],Adoption,False,False,False,
5,Trans Female,White – British,0,True,6,[38],Adoption,4,1,2025-12-21 22:53:40.625587,Reason why most recent placement ended,6 months ago,1,['Trans Female'],True,False,814.44,True,Why the child left care entirely,0,Any additional context and comments about the child’s care history,2,including Mainstream,['Information Not Yet Obtained'],Adoption,False,False,False,
13,Male,Asian/British Asian – Pakistani,0,True,17,[28],Adoption,2,1,2025-12-21 22:53:40.625587,Reason why most recent placement ended,6 months ago,1,['Unknown'],True,False,797.2,False,Why the child left care entirely,8,Any additional context and comments about the child’s care history,5,including Mainstream,['Traveller of Irish Heritage'],Adoption,False,False,False,
11,Male,White – British,0,False,17,[60],Residential,1,1,2025-12-21 22:53:40.625587,N/A,N/A,1,['Unknown'],True,True,741.58,True,N/A,3,N/A,10,including Mainstream,['Asian/British Asian – Bangladeshi'],Residential,False,True,False,
3,Non binary,White – British,0,True,12,[74],Residential,4,1,2025-12-21 22:53:40.625587,Reason why most recent placement ended,6 months ago,1,['Non binary'],True,False,986.27,True,Why the child left care entirely,3,Any additional context and comments about the child’s care history,0,including Mainstream,['Gypsy / Roma'],Residential,False,False,True,
9,Non binary,White – British,0,True,14,[59],Fostering - Respite,1,1,2025-12-21 22:53:40.625587,Reason why most recent placement ended,6 months ago,1,['Trans Female'],False,True,625.59,False,Why the child left care entirely,1,Any additional context and comments about the child’s care history,7,including Mainstream,['Asian/British Asian – Pakistani'],Respite Foster,False,False,False,
10,Female,White – British,0,True,14,[67],Fostering - Short Term,1,1,2025-12-21 22:53:40.625587,Reason why most recent placement ended,6 months ago,1,['NULL'],True,False,524.59,True,Why the child left care entirely,0,Any additional context and comments about the child’s care history,2,including Mainstream,['Dual Heritage - Black/White'],Short Term Foster,False,False,False,
3,Female,Gypsy / Roma,0,False,10,[50],Fostering - Respite,5,1,2025-12-21 22:53:40.625587,N/A,N/A,1,['Non binary'],True,False,258.83,False,N/A,6,N/A,2,including Mainstream,['Traveller – Other'],Respite Foster,False,False,True,
7,Male,White – British,0,True,11,[55],Residential,2,1,2025-12-21 22:53:40.625587,Reason why most recent placement ended,6 months ago,1,['Indeterminate'],False,False,852.41,False,Why the child left care entirely,1,Any additional context and comments about the child’s care history,10,including Mainstream,['Black/Black British – Caribbean'],Residential,False,False,False,
17,Female,Asian/British Asian – Pakistani,0,True,18,[73],Fostering - Long Term,0,1,2025-12-21 22:53:40.625587,Reason why most recent placement ended,6 months ago,1,['Unknown'],True,True,739.02,True,Why the child left care entirely,6,Any additional context and comments about the child’s care history,6,including Mainstream,['Asian/British Asian – Chinese'],Long Term Foster,False,True,False,
11,Male,White - Eastern European,0,True,15,[53],Adoption,2,1,2025-12-21 22:53:40.625587,Reason why most recent placement ended,6 months ago,1,['Indeterminate'],True,False,825.15,True,Why the child left care entirely,1,Any additional context and comments about the child’s care history,2,including Mainstream,['Refused'],Adoption,False,False,False,
3,Male,White - Central European,0,False,13,[59],Fostering - Long Term,2,1,2025-12-21 22:53:40.625587,N/A,N/A,1,['Unknown'],False,True,576.57,False,N/A,1,N/A,6,including Mainstream,['Gypsy / Roma'],Long Term Foster,False,False,True,
15,Trans Female,Gypsy,0,True,17,[45],Kinship,4,1,2025-12-21 22:53:40.625587,Reason why most recent placement ended,6 months ago,1,['Indeterminate'],True,True,86.18,False,Why the child left care entirely,5,Any additional context and comments about the child’s care history,15,including Mainstream,['Gypsy / Roma'],Kinship,True,False,False,
3,Female,White - Eastern European,0,True,13,[52],Special Guardianship,5,1,2025-12-21 22:53:40.625587,Reason why most recent placement ended,6 months ago,1,['Unspecified'],True,True,425.32,False,Why the child left care entirely,4,Any additional context and comments about the child’s care history,1,including Mainstream,['Gypsy / Roma'],Special Guardianship,False,False,False,
16,Female,White – British,0,True,17,[54],Fostering - Short Term,3,1,2025-12-21 22:53:40.625587,Reason why most recent placement ended,6 months ago,1,['Trans Male'],True,False,252.74,True,Why the child left care entirely,4,Any additional context and comments about the child’s care history,8,including Mainstream,['Information Not Yet Obtained'],Short Term Foster,False,True,False,
2,Non binary,White – British,0,True,13,[73],Residential,3,1,2025-12-21 22:53:40.625587,Reason why most recent placement ended,6 months ago,1,['Trans Male'],True,True,598.86,True,Why the child left care entirely,3,Any additional context and comments about the child’s care history,14,including Mainstream,['Other Ethnic Group'],Residential,False,False,False,
16,Non binary,White - Eastern European,0,True,18,[32],Special Guardianship,2,1,2025-12-21 22:53:40.625587,Reason why most recent placement ended,6 months ago,1,['Unspecified'],True,True,200.72,True,Why the child left care entirely,3,Any additional context and comments about the child’s care history,5,including Mainstream,['Black/Black British – African'],Special Guardianship,False,False,False,
11,Female,White - Central European,0,False,16,[53],Adoption,4,1,2025-12-21 22:53:40.625587,N/A,N/A,1,['Female'],True,False,62.74,True,N/A,1,N/A,6,including Mainstream,['Unknown'],Adoption,False,False,False,
13,Trans Male,White – British,0,True,18,[69],Fostering - Emergency,2,1,2025-12-21 22:53:40.625587,Reason why most recent placement ended,6 months ago,1,['Unspecified'],True,False,461.4,False,Why the child left care entirely,5,Any additional context and comments about the child’s care history,17,including Mainstream,['Mixed - White/Asian'],Emergency Foster,True,False,False,
10,Female,White – British,0,True,12,[37],Residential,5,1,2025-12-21 22:53:40.625587,Reason why most recent placement ended,6 months ago,1,['NULL'],True,False,204.57,False,Why the child left care entirely,2,Any additional context and comments about the child’s care history,3,including Mainstream,['Dual Heritage - Black/White'],Residential,False,True,False,
15,Male,White – British,0,True,18,[34],Fostering - Respite,0,1,2025-12-21 22:53:40.625587,Reason why most recent placement ended,6 months ago,1,['Non binary'],False,False,564.96,False,Why the child left care entirely,1,Any additional context and comments about the child’s care history,8,including Mainstream,['Asian/British Asian – Other'],Respite Foster,False,False,False,
13,Female,White - Eastern European,0,True,16,[26],Kinship,2,1,2025-12-21 22:53:40.625587,Reason why most recent placement ended,6 months ago,1,['Non binary'],True,True,677.81,True,Why the child left care entirely,8,Any additional context and comments about the child’s care history,15,including Mainstream,['Black/Black British – Other'],Kinship,False,False,False,
5,Male,White – British,0,True,17,[36],Fostering - Long Term,1,1,2025-12-21 22:53:40.625587,Reason why most recent placement ended,6 months ago,1,['Unknown'],False,False,981.21,True,Why the child left care entirely,0,Any additional context and comments about the child’s care history,9,including Mainstream,['Gypsy'],Long Term Foster,False,False,False,
0,Female,White – British,0,True,13,[34],Fostering - Respite,4,1,2025-12-21 22:53:40.625587,Reason why most recent placement ended,6 months ago,1,['Female'],True,True,359.92,False,Why the child left care entirely,7,Any additional context and comments about the child’s care history,12,including Mainstream,['Black/Black British – Caribbean'],Respite Foster,False,False,False,
2,Male,Asian/British Asian – Pakistani,0,True,5,[72],Fostering - Respite,1,1,2025-12-21 22:53:40.625587,Reason why most recent placement ended,6 months ago,1,['Unspecified'],False,True,180.02,False,Why the child left care entirely,0,Any additional context and comments about the child’s care history,17,including Mainstream,['Information Not Yet Obtained'],Respite Foster,False,False,False,
17,Male,White – British,0,True,18,[66],Special Guardianship,3,1,2025-12-21 22:53:40.625587,Reason why most recent placement ended,6 months ago,1,['Unknown'],True,False,344.75,True,Why the child left care entirely,2,Any additional context and comments about the child’s care history,13,including Mainstream,['Dual Heritage - Black/White'],Special Guardianship,False,False,False,
14,Male,Asian/British Asian – Pakistani,0,True,17,[67],Fostering - Emergency,0,1,2025-12-21 22:53:40.625587,Reason why most recent placement ended,6 months ago,1,['Unspecified'],False,False,845.16,True,Why the child left care entirely,0,Any additional context and comments about the child’s care history,17,including Mainstream,['Information Not Yet Obtained'],Emergency Foster,False,False,False,
14,Non binary,Asian/British Asian – Pakistani,0,False,17,[47],Special Guardianship,1,1,2025-12-21 22:53:40.625587,N/A,N/A,1,['Unspecified'],False,False,389.25,False,N/A,0,N/A,10,including Mainstream,['Traveller of Irish Heritage'],Special Guardianship,False,False,False,
1,Male,White – British,0,False,11,[61],Adoption,0,1,2025-12-21 22:53:40.625587,N/A,N/A,1,['Unspecified'],True,True,589.18,False,N/A,7,N/A,4,including Mainstream,['Gypsy'],Adoption,True,False,False,
8,Female,White – British,0,True,15,[43],Adoption,3,1,2025-12-21 22:53:40.625587,Reason why most recent placement ended,6 months ago,1,['Unknown'],True,True,657.8,False,Why the child left care entirely,5,Any additional context and comments about the child’s care history,1,including Mainstream,['Asian/British Asian – Chinese'],Adoption,False,False,False,
8,Male,White – British,0,False,15,[58],Kinship,5,1,2025-12-21 22:53:40.625587,N/A,N/A,1,['Unborn'],False,False,154.23,True,N/A,1,N/A,1,including Mainstream,['Refused'],Kinship,False,False,False,
16,Trans Female,White – Other,0,True,17,[44],Fostering - Long Term,5,1,2025-12-21 22:53:40.625587,Reason why most recent placement ended,6 months ago,1,['Female'],True,True,512.19,True,Why the child left care entirely,8,Any additional context and comments about the child’s care history,13,including Mainstream,['Mixed - White/Black Caribbean'],Long Term Foster,False,False,False,
5,Female,White – British,0,True,7,[35],Fostering - Emergency,0,1,2025-12-21 22:53:40.625587,Reason why most recent placement ended,6 months ago,1,['Trans Male'],True,False,725.89,False,Why the child left care entirely,6,Any additional context and comments about the child’s care history,8,including Mainstream,['Asian/British Asian – Pakistani'],Emergency Foster,False,True,False,
9,Trans Female,White - Eastern European,0,True,16,[53],Residential,2,1,2025-12-21 22:53:40.625587,Reason why most recent placement ended,6 months ago,1,['Unspecified'],True,False,766.78,True,Why the child left care entirely,3,Any additional context and comments about the child’s care history,15,including Mainstream,['Unknown'],Residential,False,False,False,
13,Female,White – British,0,True,16,[68],Kinship,1,1,2025-12-21 22:53:40.625587,Reason why most recent placement ended,6 months ago,1,['Trans Female'],True,False,935.35,False,Why the child left care entirely,1,Any additional context and comments about the child’s care history,9,including Mainstream,['Information Not Yet Obtained'],Kinship,True,False,False,
4,Male,White – British,0,True,5,[72],Fostering - Long Term,0,1,2025-12-21 22:53:40.625587,Reason why most recent placement ended,6 months ago,1,['Female'],True,True,82.42,False,Why the child left care entirely,0,Any additional context and comments about the child’s care history,12,including Mainstream,['Unknown'],Long Term Foster,False,False,False,
11,Male,White – British,0,True,15,[49],Special Guardianship,1,1,2025-12-21 22:53:40.625587,Reason why most recent placement ended,6 months ago,1,['Female'],True,True,534.28,True,Why the child left care entirely,4,Any additional context and comments about the child’s care history,7,including Mainstream,['White – Irish'],Special Guardianship,True,False,False,
2,Male,White – British,0,True,10,[32],Residential,0,1,2025-12-21 22:53:40.625587,Reason why most recent placement ended,6 months ago,1,['Trans Female'],True,True,623.91,False,Why the child left care entirely,4,Any additional context and comments about the child’s care history,3,including Mainstream,['Traveller – Other'],Residential,True,False,False,
4,Non binary,Asian/British Asian – Pakistani,0,True,18,[58],Residential,2,1,2025-12-21 22:53:40.625587,Reason why most recent placement ended,6 months ago,1,['Unspecified'],True,True,721.42,False,Why the child left care entirely,8,Any additional context and comments about the child’s care history,13,including Mainstream,['White – Irish'],Residential,False,False,False,
12,Male,Asian/British Asian – Pakistani,0,False,14,[42],Fostering - Respite,5,1,2025-12-21 22:53:40.625587,N/A,N/A,1,['Trans Female'],True,False,333.63,False,N/A,8,N/A,17,including Mainstream,['NULL'],Respite Foster,True,False,False,
8,Male,White – Other,0,True,16,[63],Fostering - Respite,5,1,2025-12-21 22:53:40.625587,Reason why most recent placement ended,6 months ago,1,['Unborn'],True,True,320.15,False,Why the child left care entirely,7,Any additional context and comments about the child’s care history,2,including Mainstream,['Gypsy'],Respite Foster,False,True,False,
16,Female,White – British,0,True,18,[53],Fostering - Short Term,1,1,2025-12-21 22:53:40.625587,Reason why most recent placement ended,6 months ago,1,['Unspecified'],True,False,214.48,False,Why the child left care entirely,8,Any additional context and comments about the child’s care history,9,including Mainstream,['Mixed - White/Black Caribbean'],Short Term Foster,False,False,False,
2,Female,White – British,0,False,17,[69],Adoption,4,1,2025-12-21 22:53:40.625587,N/A,N/A,1,['Trans Male'],True,False,810.83,False,N/A,4,N/A,11,including Mainstream,['White – British'],Adoption,True,False,False,
2,Female,Asian/British Asian – Pakistani,0,False,17,[30],Special Guardianship,4,1,2025-12-21 22:53:40.625587,N/A,N/A,1,['NULL'],True,False,482.68,True,N/A,2,N/A,8,including Mainstream,['Traveller – Other'],Special Guardianship,False,False,False,
4,Male,White – British,0,False,8,[59],Residential,2,1,2025-12-21 22:53:40.625587,N/A,N/A,1,['Non binary'],True,False,202.61,True,N/A,8,N/A,10,including Mainstream,['Mixed - White/Black Caribbean'],Residential,False,True,False,
4,Male,Asian/British Asian – Pakistani,0,True,17,[32],Adoption,5,1,2025-12-21 22:53:40.625587,Reason why most recent placement ended,6 months ago,1,['Female'],True,True,670.62,True,Why the child left care entirely,4,Any additional context and comments about the child’s care history,2,including Mainstream,['Mixed - White/Asian'],Adoption,False,False,False,
5,Trans Male,White – British,0,True,15,[52],Residential,2,1,2025-12-21 22:53:40.625587,Reason why most recent placement ended,6 months ago,1,['NULL'],True,False,985.94,False,Why the child left care entirely,5,Any additional context and comments about the child’s care history,7,including Mainstream,['Black/Black British – African'],Residential,False,True,False,
17,Male,White – British,0,True,18,[27],Fostering - Emergency,0,1,2025-12-21 22:53:40.625587,Reason why most recent placement ended,6 months ago,1,['Male'],True,False,875.47,True,Why the child left care entirely,7,Any additional context and comments about the child’s care history,9,including Mainstream,['Roma'],Emergency Foster,False,True,False,
10,Trans Male,White – British,0,True,14,[33],Kinship,0,1,2025-12-21 22:53:40.625587,Reason why most recent placement ended,6 months ago,1,['Indeterminate'],True,False,709.45,True,Why the child left care entirely,6,Any additional context and comments about the child’s care history,10,including Mainstream,['Asian/British Asian – Indian'],Kinship,True,True,False,
0,Male,White – British,0,True,16,[52],Fostering - Short Term,2,1,2025-12-21 22:53:40.625587,Reason why most recent placement ended,6 months ago,1,['Non binary'],True,True,37.43,False,Why the child left care entirely,2,Any additional context and comments about the child’s care history,1,including Mainstream,['Black/Black British – African'],Short Term Foster,False,True,False,
4,Non binary,Asian/British Asian – Pakistani,0,True,7,[62],Fostering - Emergency,1,1,2025-12-21 22:53:40.625587,Reason why most recent placement ended,6 months ago,1,['Unknown'],True,True,46.57,True,Why the child left care entirely,8,Any additional context and comments about the child’s care history,3,including Mainstream,['Asian/British Asian – Pakistani'],Emergency Foster,True,False,False,
13,Female,White – British,0,True,14,[34],Adoption,4,1,2025-12-21 22:53:40.625587,Reason why most recent placement ended,6 months ago,1,['Non binary'],True,True,227.98,True,Why the child left care entirely,4,Any additional context and comments about the child’s care history,10,including Mainstream,['White - Eastern European'],Adoption,False,False,False,
10,Female,Asian/British Asian – Pakistani,0,False,14,[57],Residential,3,1,2025-12-21 22:53:40.625587,N/A,N/A,1,['Indeterminate'],True,False,132.92,False,N/A,4,N/A,2,including Mainstream,['Refused'],Residential,False,True,False,
11,Male,Asian/British Asian – Other,0,True,14,[32],Kinship,0,1,2025-12-21 22:53:40.625587,Reason why most recent placement ended,6 months ago,1,['Female'],True,True,229.81,False,Why the child left care entirely,1,Any additional context and comments about the child’s care history,13,including Mainstream,['Dual Heritage - Black/White'],Kinship,True,False,False,
14,Trans Female,White – British,0,False,16,[53],Special Guardianship,4,1,2025-12-21 22:53:40.625587,N/A,N/A,1,['Indeterminate'],True,False,15.67,False,N/A,4,N/A,7,including Mainstream,['Asian/British Asian – Chinese'],Special Guardianship,False,False,False,
0,Trans Female,White – British,0,True,14,[74],Residential,4,1,2025-12-21 22:53:40.625587,Reason why most recent placement ended,6 months ago,1,['Trans Male'],True,False,726.33,False,Why the child left care entirely,8,Any additional context and comments about the child’s care history,14,including Mainstream,['White – Irish'],Residential,False,False,False,
7,Male,Asian/British Asian – Pakistani,0,True,10,[42],Kinship,3,1,2025-12-21 22:53:40.625587,Reason why most recent placement ended,6 months ago,1,['Unborn'],True,False,768.71,True,Why the child left care entirely,2,Any additional context and comments about the child’s care history,4,including Mainstream,['Information Not Yet Obtained'],Kinship,False,False,True,
6,Female,Asian/British Asian – Pakistani,0,False,12,[46],Adoption,2,1,2025-12-21 22:53:40.625587,N/A,N/A,1,['Indeterminate'],True,True,142.86,False,N/A,3,N/A,15,including Mainstream,['Mixed – Other'],Adoption,False,False,False,
7,Female,White – Irish,0,True,8,[71],Residential,2,1,2025-12-21 22:53:40.625587,Reason why most recent placement ended,6 months ago,1,['Trans Female'],True,True,723.92,True,Why the child left care entirely,6,Any additional context and comments about the child’s care history,14,including Mainstream,['Traveller of Irish Heritage'],Residential,False,True,True,
10,Female,White – British,0,True,13,[32],Special Guardianship,1,1,2025-12-21 22:53:40.625587,Reason why most recent placement ended,6 months ago,1,['Unknown'],False,True,324.77,False,Why the child left care entirely,1,Any additional context and comments about the child’s care history,3,including Mainstream,['Asian/British Asian – Indian'],Special Guardianship,False,False,False,
5,Female,Asian/British Asian – Pakistani,0,True,8,[61],Special Guardianship,5,1,2025-12-21 22:53:40.625587,Reason why most recent placement ended,6 months ago,1,['Unspecified'],True,True,186.27,True,Why the child left care entirely,2,Any additional context and comments about the child’s care history,1,including Mainstream,['Mixed - White/Black Caribbean'],Special Guardianship,False,False,False,
2,Male,White – British,0,True,7,[33],Fostering - Short Term,4,1,2025-12-21 22:53:40.625587,Reason why most recent placement ended,6 months ago,1,['Unknown'],True,True,272.46,True,Why the child left care entirely,8,Any additional context and comments about the child’s care history,14,including Mainstream,['Dual Heritage - Black/White'],Short Term Foster,False,True,False,
12,Female,Asian/British Asian – Pakistani,0,True,17,[45],Adoption,1,1,2025-12-21 22:53:40.625587,Reason why most recent placement ended,6 months ago,1,['Non binary'],False,False,786.98,False,Why the child left care entirely,0,Any additional context and comments about the child’s care history,7,including Mainstream,['Mixed - White/Black African'],Adoption,True,False,False,
7,Trans Female,Asian/British Asian – Other,0,True,16,[75],Fostering - Long Term,4,1,2025-12-21 22:53:40.625587,Reason why most recent placement ended,6 months ago,1,['NULL'],True,False,206.14,True,Why the child left care entirely,2,Any additional context and comments about the child’s care history,2,including Mainstream,['Gypsy'],Long Term Foster,False,True,False,
9,Male,Black/Black British – Caribbean,0,True,12,[33],Kinship,2,1,2025-12-21 22:53:40.625587,Reason why most recent placement ended,6 months ago,1,['Trans Male'],False,True,510.63,True,Why the child left care entirely,0,Any additional context and comments about the child’s care history,2,including Mainstream,['Other Ethnic Group'],Kinship,False,False,False,
15,Male,Asian/British Asian – Indian,0,False,17,[60],Fostering - Respite,1,1,2025-12-21 22:53:40.625587,N/A,N/A,1,['NULL'],True,False,31.05,False,N/A,0,N/A,4,including Mainstream,['White - Eastern European'],Respite Foster,False,False,False,
8,Male,Asian/British Asian – Pakistani,0,False,18,[48],Adoption,5,1,2025-12-21 22:53:40.625587,N/A,N/A,1,['Unspecified'],False,True,265.82,True,N/A,1,N/A,8,including Mainstream,['White – Irish'],Adoption,False,False,False,
7,Non binary,White – British,0,False,18,[60],Fostering - Emergency,5,1,2025-12-21 22:53:40.625587,N/A,N/A,1,['NULL'],True,False,853.3,False,N/A,5,N/A,13,including Mainstream,['Roma'],Emergency Foster,False,False,False,
1,Male,White – British,0,True,18,[67],Fostering - Long Term,4,1,2025-12-21 22:53:40.625587,Reason why most recent placement ended,6 months ago,1,['Male'],True,False,57.26,False,Why the child left care entirely,7,Any additional context and comments about the child’s care history,11,including Mainstream,['Asian/British Asian – Bangladeshi'],Long Term Foster,False,True,False,
7,Female,White – British,0,True,9,[74],Kinship,4,1,2025-12-21 22:53:40.625587,Reason why most recent placement ended,6 months ago,1,['Trans Male'],False,True,831.4,False,Why the child left care entirely,1,Any additional context and comments about the child’s care history,12,including Mainstream,['Mixed – Other'],Kinship,False,False,False,
0,Male,Asian/British Asian – Other,0,False,18,[56],Special Guardianship,5,1,2025-12-21 22:53:40.625587,N/A,N/A,1,['NULL'],True,True,363.46,False,N/A,2,N/A,13,including Mainstream,['Asian/British Asian – Pakistani'],Special Guardianship,False,False,False,
15,Female,White - Eastern European,0,False,16,[71],Fostering - Respite,1,1,2025-12-21 22:53:40.625587,N/A,N/A,1,['Trans Female'],True,False,238.56,False,N/A,4,N/A,9,including Mainstream,['Black/Black British – Caribbean'],Respite Foster,False,True,False,
6,Female,Mixed – Other,0,True,13,[74],Fostering - Long Term,3,1,2025-12-21 22:53:40.625587,Reason why most recent placement ended,6 months ago,1,['Male'],True,False,461.3,False,Why the child left care entirely,1,Any additional context and comments about the child’s care history,12,including Mainstream,['Gypsy'],Long Term Foster,False,False,False,
3,Male,White – British,0,True,5,[62],Fostering - Emergency,2,1,2025-12-21 22:53:40.625587,Reason why most recent placement ended,6 months ago,1,['Female'],True,False,578.33,False,Why the child left care entirely,4,Any additional context and comments about the child’s care history,10,including Mainstream,['Mixed - White/Black African'],Emergency Foster,False,True,False,
8,Female,Asian/British Asian – Other,0,True,10,[66],Fostering - Long Term,3,1,2025-12-21 22:53:40.625587,Reason why most recent placement ended,6 months ago,1,['Unspecified'],True,True,508.66,False,Why the child left care entirely,8,Any additional context and comments about the child’s care history,12,including Mainstream,['Black/Black British – Caribbean'],Long Term Foster,False,False,False,
7,Male,Traveller – Other,0,False,17,[47],Special Guardianship,3,1,2025-12-21 22:53:40.625587,N/A,N/A,1,['Male'],True,True,340.06,False,N/A,5,N/A,2,including Mainstream,['Asian/British Asian – Bangladeshi'],Special Guardianship,False,True,False,
7,Male,White - Central European,0,True,18,[53],Special Guardianship,4,1,2025-12-21 22:53:40.625587,Reason why most recent placement ended,6 months ago,1,['Non binary'],True,False,733.02,True,Why the child left care entirely,7,Any additional context and comments about the child’s care history,12,including Mainstream,['White - Eastern European'],Special Guardianship,True,False,False,
3,Trans Female,White – British,0,False,18,[30],Fostering - Short Term,3,1,2025-12-21 22:53:40.625587,N/A,N/A,1,['Non binary'],True,True,507.56,False,N/A,6,N/A,14,including Mainstream,['Information Not Yet Obtained'],Short Term Foster,False,False,True,
0,Female,Asian/British Asian – Pakistani,0,False,12,[25],Fostering - Long Term,1,1,2025-12-21 22:53:40.625587,N/A,N/A,1,['Unknown'],True,False,769.99,True,N/A,6,N/A,15,including Mainstream,['Dual Heritage - Black/White'],Long Term Foster,False,False,False,
5,Non binary,White – British,0,True,9,[65],Fostering - Long Term,3,1,2025-12-21 22:53:40.625587,Reason why most recent placement ended,6 months ago,1,['Male'],True,True,816.67,True,Why the child left care entirely,7,Any additional context and comments about the child’s care history,4,including Mainstream,['Other Ethnic Group'],Long Term Foster,False,False,False,
12,Female,White - Eastern European,0,True,16,[40],Kinship,3,1,2025-12-21 22:53:40.625587,Reason why most recent placement ended,6 months ago,1,['Non binary'],True,False,623.22,True,Why the child left care entirely,2,Any additional context and comments about the child’s care history,8,including Mainstream,['Asian/British Asian – Indian'],Kinship,False,False,False,
15,Trans Male,Asian/British Asian – Pakistani,0,True,18,[54],Adoption,2,1,2025-12-21 22:53:40.625587,Reason why most recent placement ended,6 months ago,1,['Unknown'],True,False,39.35,False,Why the child left care entirely,3,Any additional context and comments about the child’s care history,0,including Mainstream,['Other Ethnic Group'],Adoption,False,True,False,
0,Male,White – British,0,True,12,[73],Special Guardianship,0,1,2025-12-21 22:53:40.625587,Reason why most recent placement ended,6 months ago,1,['Indeterminate'],True,False,834.57,True,Why the child left care entirely,5,Any additional context and comments about the child’s care history,3,including Mainstream,['White - Eastern European'],Special Guardianship,False,False,False,
7,Male,White – British,0,True,15,[63],Adoption,1,1,2025-12-21 22:53:40.625587,Reason why most recent placement ended,6 months ago,1,['Trans Male'],False,False,291.44,False,Why the child left care entirely,1,Any additional context and comments about the child’s care history,8,including Mainstream,['Black/Black British – Other'],Adoption,False,False,False,
2,Female,White – British,0,False,11,[38],Kinship,2,1,2025-12-21 22:53:40.625587,N/A,N/A,1,['Female'],True,True,35.14,False,N/A,2,N/A,1,including Mainstream,['Asian/British Asian – Bangladeshi'],Kinship,True,False,False,
15,Female,White – British,0,True,18,[31],Fostering - Long Term,0,1,2025-12-21 22:53:40.625587,Reason why most recent placement ended,6 months ago,1,['Unborn'],True,False,126.78,True,Why the child left care entirely,4,Any additional context and comments about the child’s care history,6,including Mainstream,['Asian/British Asian – Chinese'],Long Term Foster,False,False,False,
14,Female,Asian/British Asian – Pakistani,0,True,16,[25],Fostering - Emergency,1,1,2025-12-21 22:53:40.625587,Reason why most recent placement ended,6 months ago,1,['Unborn'],False,False,736.88,True,Why the child left care entirely,0,Any additional context and comments about the child’s care history,11,including Mainstream,['Black/Black British – Caribbean'],Emergency Foster,False,False,False,
9,Male,Asian/British Asian – Pakistani,0,True,13,[63],Residential,4,1,2025-12-21 22:53:40.625587,Reason why most recent placement ended,6 months ago,1,['Indeterminate'],True,False,826.99,True,Why the child left care entirely,3,Any additional context and comments about the child’s care history,3,including Mainstream,['Mixed - White/Black Caribbean'],Residential,False,False,False,
12,Trans Female,Asian/British Asian – Pakistani,0,True,18,[46],Fostering - Emergency,4,1,2025-12-21 22:53:40.625587,Reason why most recent placement ended,6 months ago,1,['Unspecified'],True,False,654.37,True,Why the child left care entirely,7,Any additional context and comments about the child’s care history,2,including Mainstream,['White - Eastern European'],Emergency Foster,True,False,True,
15,Male,White – British,0,False,16,[44],Fostering - Long Term,2,1,2025-12-21 22:53:40.625587,N/A,N/A,1,['Trans Male'],True,True,637.9,True,N/A,4,N/A,2,including Mainstream,['White – British'],Long Term Foster,True,False,False,
11,Female,Mixed - White/Black Caribbean,0,True,12,[75],Fostering - Emergency,2,1,2025-12-21 22:53:40.625587,Reason why most recent placement ended,6 months ago,1,['Non binary'],True,True,15.1,True,Why the child left care entirely,4,Any additional context and comments about the child’s care history,13,including Mainstream,['Mixed - White/Black African'],Emergency Foster,True,False,False,
12,Female,Asian/British Asian – Pakistani,0,True,16,[64],Residential,2,1,2025-12-21 22:53:40.625587,Reason why most recent placement ended,6 months ago,1,['NULL'],True,True,845.2,True,Why the child left care entirely,4,Any additional context and comments about the child’s care history,11,including Mainstream,['Asian/British Asian – Chinese'],Residential,False,False,False,
8,Female,Asian/British Asian – Pakistani,0,True,12,[31],Kinship,2,1,2025-12-21 22:53:40.625587,Reason why most recent placement ended,6 months ago,1,['Trans Female'],True,True,59.81,False,Why the child left care entirely,0,Any additional context and comments about the child’s care history,12,including Mainstream,['Other Ethnic Group'],Kinship,False,False,False,
5,Female,White – British,0,True,14,[68],Kinship,4,1,2025-12-21 22:53:40.625587,Reason why most recent placement ended,6 months ago,1,['Unborn'],True,True,706.14,True,Why the child left care entirely,7,Any additional context and comments about the child’s care history,8,including Mainstream,['Black/Black British – Other'],Kinship,True,True,True,
12,Non binary,White – British,0,False,16,[36],Fostering - Respite,4,1,2025-12-21 22:53:40.625587,N/A,N/A,1,['Unknown'],True,True,37.4,False,N/A,6,N/A,3,including Mainstream,['Black/Black British – African'],Respite Foster,False,False,False,
11,Male,Asian/British Asian – Pakistani,0,False,14,[28],Fostering - Short Term,4,1,2025-12-21 22:53:40.625587,N/A,N/A,1,['Unspecified'],True,False,447.88,True,N/A,3,N/A,7,including Mainstream,['Refused'],Short Term Foster,False,True,False,
6,Non binary,White – Other,0,False,13,[44],Residential,2,1,2025-12-21 22:53:40.625587,N/A,N/A,1,['Male'],True,False,362.8,True,N/A,1,N/A,0,including Mainstream,['Traveller – Other'],Residential,False,False,False,
4,Female,Asian/British Asian – Bangladeshi,0,True,16,[41],Residential,3,1,2025-12-21 22:53:40.625587,Reason why most recent placement ended,6 months ago,1,['Indeterminate'],True,False,985.5,True,Why the child left care entirely,8,Any additional context and comments about the child’s care history,14,including Mainstream,['Gypsy'],Residential,False,False,False,
16,Female,White - Eastern European,0,True,18,[63],Kinship,5,1,2025-12-21 22:53:40.625587,Reason why most recent placement ended,6 months ago,1,['Unborn'],True,True,100.5,False,Why the child left care entirely,0,Any additional context and comments about the child’s care history,11,including Mainstream,['Gypsy / Roma'],Kinship,False,False,False,
0,Female,White – British,0,False,2,[36],Fostering - Respite,4,1,2025-12-21 22:53:40.625587,N/A,N/A,1,['Unspecified'],True,False,460.78,True,N/A,0,N/A,6,including Mainstream,['White - Central European'],Respite Foster,False,False,False,
11,Trans Female,White – British,0,True,18,[45],Fostering - Emergency,2,1,2025-12-21 22:53:40.625587,Reason why most recent placement ended,6 months ago,1,['Trans Male'],True,False,376.1,False,Why the child left care entirely,8,Any additional context and comments about the child’s care history,8,including Mainstream,['White – British'],Emergency Foster,False,True,False,
12,Male,Dual Heritage - Black/White,0,False,18,[69],Fostering - Respite,1,1,2025-12-21 22:53:40.625587,N/A,N/A,1,['Female'],True,True,142.89,True,N/A,7,N/A,3,including Mainstream,['Information Not Yet Obtained'],Respite Foster,False,False,False,
14,Non binary,Asian/British Asian – Pakistani,0,False,18,[66],Residential,5,1,2025-12-21 22:53:40.625587,N/A,N/A,1,['Indeterminate'],True,True,979.33,False,N/A,3,N/A,7,including Mainstream,['Black/Black British – Caribbean'],Residential,True,True,False,
14,Trans Male,White – British,0,True,18,[66],Fostering - Short Term,5,1,2025-12-21 22:53:40.625587,Reason why most recent placement ended,6 months ago,1,['Unknown'],True,False,573.05,False,Why the child left care entirely,3,Any additional context and comments about the child’s care history,13,including Mainstream,['White – Other'],Short Term Foster,False,False,False,
14,Female,Asian/British Asian – Pakistani,0,True,18,[63],Special Guardianship,4,1,2025-12-21 22:53:40.625587,Reason why most recent placement ended,6 months ago,1,['Trans Female'],True,False,330.72,False,Why the child left care entirely,1,Any additional context and comments about the child’s care history,7,including Mainstream,['White - Central European'],Special Guardianship,True,False,False,
7,Trans Female,Black/Black British – African,0,True,13,[26],Fostering - Long Term,5,1,2025-12-21 22:53:40.625587,Reason why most recent placement ended,6 months ago,1,['Unspecified'],True,True,62.69,False,Why the child left care entirely,0,Any additional context and comments about the child’s care history,12,including Mainstream,['Mixed – Other'],Long Term Foster,False,False,False,
5,Male,Asian/British Asian – Pakistani,0,False,6,[48],Adoption,4,1,2025-12-21 22:53:40.625587,N/A,N/A,1,['Female'],True,True,312.99,True,N/A,8,N/A,8,including Mainstream,['Information Not Yet Obtained'],Adoption,True,False,False,
15,Female,Asian/British Asian – Pakistani,0,True,17,[25],Kinship,3,1,2025-12-21 22:53:40.625587,Reason why most recent placement ended,6 months ago,1,['Non binary'],True,False,577.16,False,Why the child left care entirely,1,Any additional context and comments about the child’s care history,8,including Mainstream,['Unknown'],Kinship,False,False,False,
9,Male,White – British,0,False,16,[26],Kinship,0,1,2025-12-21 22:53:40.625587,N/A,N/A,1,['Trans Male'],True,True,958.28,False,N/A,8,N/A,6,including Mainstream,['Gypsy / Roma'],Kinship,True,False,False,
10,Non binary,White – British,0,False,18,[52],Fostering - Long Term,5,1,2025-12-21 22:53:40.625587,N/A,N/A,1,['Trans Male'],True,False,325.17,True,N/A,5,N/A,6,including Mainstream,['White – Irish'],Long Term Foster,False,False,False,
2,Female,White – British,0,False,18,[26],Residential,1,1,2025-12-21 22:53:40.625587,N/A,N/A,1,['Unspecified'],False,True,196.09,False,N/A,0,N/A,15,including Mainstream,['Mixed - White/Black Caribbean'],Residential,False,False,False,
0,Male,White – British,0,True,11,[26],Fostering - Long Term,3,1,2025-12-21 22:53:40.625587,Reason why most recent placement ended,6 months ago,1,['NULL'],True,True,312.36,True,Why the child left care entirely,1,Any additional context and comments about the child’s care history,17,including Mainstream,['Other Ethnic Group'],Long Term Foster,False,False,False,
9,Female,White – British,0,True,10,[51],Fostering - Respite,2,1,2025-12-21 22:53:40.625587,Reason why most recent placement ended,6 months ago,1,['Trans Female'],True,True,504.65,True,Why the child left care entirely,7,Any additional context and comments about the child’s care history,1,including Mainstream,['Asian/British Asian – Chinese'],Respite Foster,False,False,False,
17,Female,White – British,0,False,18,[25],Residential,0,1,2025-12-21 22:53:40.625587,N/A,N/A,1,['Unborn'],False,False,179.57,True,N/A,1,N/A,8,including Mainstream,['Traveller of Irish Heritage'],Residential,True,False,False,
2,Non binary,White – British,0,True,3,[63],Fostering - Emergency,0,1,2025-12-21 22:53:40.625587,Reason why most recent placement ended,6 months ago,1,['Unspecified'],True,True,658.93,True,Why the child left care entirely,5,Any additional context and comments about the child’s care history,6,including Mainstream,['Mixed - White/Black African'],Emergency Foster,False,True,False,
6,Trans Male,White – British,0,False,16,[62],Kinship,4,1,2025-12-21 22:53:40.625587,N/A,N/A,1,['Non binary'],True,False,467.43,False,N/A,7,N/A,14,including Mainstream,['Black/Black British – Other'],Kinship,False,False,False,
13,Male,Asian/British Asian – Pakistani,0,True,16,[44],Residential,0,1,2025-12-21 22:53:40.625587,Reason why most recent placement ended,6 months ago,1,['Non binary'],False,True,134.31,True,Why the child left care entirely,0,Any additional context and comments about the child’s care history,15,including Mainstream,['Asian/British Asian – Chinese'],Residential,True,False,False,
14,Female,Asian/British Asian – Pakistani,0,True,15,[58],Fostering - Short Term,4,1,2025-12-21 22:53:40.625587,Reason why most recent placement ended,6 months ago,1,['Trans Male'],True,True,552.38,True,Why the child left care entirely,3,Any additional context and comments about the child’s care history,10,including Mainstream,['Asian/British Asian – Other'],Short Term Foster,False,False,False,
6,Male,White – Other,0,True,7,[34],Adoption,2,1,2025-12-21 22:53:40.625587,Reason why most recent placement ended,6 months ago,1,['Unspecified'],True,False,269.82,False,Why the child left care entirely,4,Any additional context and comments about the child’s care history,6,including Mainstream,['Information Not Yet Obtained'],Adoption,False,False,False,
12,Female,White – British,0,True,18,[36],Fostering - Emergency,3,1,2025-12-21 22:53:40.625587,Reason why most recent placement ended,6 months ago,1,['Indeterminate'],True,False,746.38,False,Why the child left care entirely,6,Any additional context and comments about the child’s care history,13,including Mainstream,['Asian/British Asian – Chinese'],Emergency Foster,False,False,False,
17,Male,White – British,0,True,18,[25],Fostering - Respite,3,1,2025-12-21 22:53:40.625587,Reason why most recent placement ended,6 months ago,1,['Indeterminate'],True,False,682.02,True,Why the child left care entirely,2,Any additional context and comments about the child’s care history,1,including Mainstream,['Black/Black British – Other'],Respite Foster,False,False,False,
8,Male,White – British,0,False,17,[50],Kinship,3,1,2025-12-21 22:53:40.625587,N/A,N/A,1,['Trans Female'],True,True,289.28,True,N/A,5,N/A,3,including Mainstream,['Asian/British Asian – Indian'],Kinship,False,True,False,
15,Female,White – British,0,False,18,[35],Special Guardianship,0,1,2025-12-21 22:53:40.625587,N/A,N/A,1,['Unborn'],True,False,55.47,True,N/A,4,N/A,8,including Mainstream,['White – British'],Special Guardianship,False,False,False,
4,Female,White – Other,0,True,15,[32],Fostering - Long Term,4,1,2025-12-21 22:53:40.625587,Reason why most recent placement ended,6 months ago,1,['Indeterminate'],True,False,265.92,True,Why the child left care entirely,5,Any additional context and comments about the child’s care history,6,including Mainstream,['NULL'],Long Term Foster,False,False,False,
12,Female,Asian/British Asian – Pakistani,0,False,15,[56],Residential,1,1,2025-12-21 22:53:40.625587,N/A,N/A,1,['Male'],True,True,658.17,True,N/A,7,N/A,9,including Mainstream,['Black/Black British – Caribbean'],Residential,True,True,False,
0,Female,White – British,0,True,18,[33],Kinship,3,1,2025-12-21 22:53:40.625587,Reason why most recent placement ended,6 months ago,1,['NULL'],True,True,34.12,True,Why the child left care entirely,4,Any additional context and comments about the child’s care history,12,including Mainstream,['Asian/British Asian – Chinese'],Kinship,True,False,False,
11,Female,White – British,0,True,18,[54],Fostering - Short Term,5,1,2025-12-21 22:53:40.625587,Reason why most recent placement ended,6 months ago,1,['Unborn'],True,False,769.93,False,Why the child left care entirely,1,Any additional context and comments about the child’s care history,0,including Mainstream,['Mixed – Other'],Short Term Foster,False,False,False,
1,Male,White – British,0,False,2,[31],Fostering - Short Term,1,1,2025-12-21 22:53:40.625587,N/A,N/A,1,['Trans Male'],True,True,407.1,False,N/A,6,N/A,9,including Mainstream,['Asian/British Asian – Chinese'],Short Term Foster,True,False,False,
2,Female,White – British,0,True,3,[73],Fostering - Long Term,4,1,2025-12-21 22:53:40.625587,Reason why most recent placement ended,6 months ago,1,['Unknown'],True,False,765.07,False,Why the child left care entirely,6,Any additional context and comments about the child’s care history,12,including Mainstream,['Unknown'],Long Term Foster,False,False,False,
17,Female,White – British,0,True,18,[38],Fostering - Short Term,1,1,2025-12-21 22:53:40.625587,Reason why most recent placement ended,6 months ago,1,['Male'],True,False,52.87,True,Why the child left care entirely,6,Any additional context and comments about the child’s care history,6,including Mainstream,['Mixed - White/Asian'],Short Term Foster,True,False,False,
8,Male,White – British,0,True,14,[50],Residential,3,1,2025-12-21 22:53:40.625587,Reason why most recent placement ended,6 months ago,1,['Trans Female'],True,True,6.86,True,Why the child left care entirely,6,Any additional context and comments about the child’s care history,1,including Mainstream,['Asian/British Asian – Pakistani'],Residential,False,False,True,
8,Female,Asian/British Asian – Pakistani,0,True,10,[56],Special Guardianship,0,1,2025-12-21 22:53:40.625587,Reason why most recent placement ended,6 months ago,1,['Indeterminate'],True,True,175.02,True,Why the child left care entirely,4,Any additional context and comments about the child’s care history,7,including Mainstream,['Gypsy / Roma'],Special Guardianship,False,False,False,
6,Male,Asian/British Asian – Bangladeshi,0,False,16,[57],Fostering - Long Term,5,1,2025-12-21 22:53:40.625587,N/A,N/A,1,['Unborn'],True,True,297.99,False,N/A,2,N/A,16,including Mainstream,['Asian/British Asian – Pakistani'],Long Term Foster,False,False,False,
17,Female,White – British,0,False,18,[73],Residential,3,1,2025-12-21 22:53:40.625587,N/A,N/A,1,['Unborn'],True,True,708.83,False,N/A,3,N/A,0,including Mainstream,['Black/Black British – African'],Residential,True,True,False,
9,Trans Male,Asian/British Asian – Pakistani,0,True,18,[44],Adoption,2,1,2025-12-21 22:53:40.625587,Reason why most recent placement ended,6 months ago,1,['Non binary'],True,True,813.8,True,Why the child left care entirely,5,Any additional context and comments about the child’s care history,14,including Mainstream,['White – Irish'],Adoption,True,True,False,
5,Trans Male,White – British,0,True,8,[58],Adoption,3,1,2025-12-21 22:53:40.625587,Reason why most recent placement ended,6 months ago,1,['NULL'],False,True,742.81,True,Why the child left care entirely,0,Any additional context and comments about the child’s care history,15,including Mainstream,['Asian/British Asian – Bangladeshi'],Adoption,False,False,False,
9,Female,White – British,0,False,12,[69],Fostering - Emergency,1,1,2025-12-21 22:53:40.625587,N/A,N/A,1,['Unborn'],True,True,814.42,False,N/A,3,N/A,12,including Mainstream,['Asian/British Asian – Chinese'],Emergency Foster,False,False,False,
6,Male,White – British,0,True,17,[30],Residential,0,1,2025-12-21 22:53:40.625587,Reason why most recent placement ended,6 months ago,1,['Female'],True,True,170.84,True,Why the child left care entirely,5,Any additional context and comments about the child’s care history,11,including Mainstream,['NULL'],Residential,False,True,False,
12,Trans Female,White – British,0,False,18,[66],Fostering - Long Term,1,1,2025-12-21 22:53:40.625587,N/A,N/A,1,['Trans Male'],True,True,564.78,False,N/A,0,N/A,13,including Mainstream,['Unknown'],Long Term Foster,False,False,False,
16,Female,White – British,0,True,18,[45],Fostering - Long Term,3,1,2025-12-21 22:53:40.625587,Reason why most recent placement ended,6 months ago,1,['Female'],False,False,111.68,True,Why the child left care entirely,1,Any additional context and comments about the child’s care history,7,including Mainstream,['Dual Heritage - Black/White'],Long Term Foster,False,False,False,
17,Female,White – British,0,False,18,[50],Fostering - Respite,1,1,2025-12-21 22:53:40.625587,N/A,N/A,1,['Indeterminate'],True,False,860.55,False,N/A,3,N/A,15,including Mainstream,['White - Central European'],Respite Foster,False,False,False,
1,Female,White – British,0,True,18,[26],Adoption,3,1,2025-12-21 22:53:40.625587,Reason why most recent placement ended,6 months ago,1,['NULL'],True,False,764.06,False,Why the child left care entirely,5,Any additional context and comments about the child’s care history,10,including Mainstream,['White – British'],Adoption,False,True,False,
1,Male,Asian/British Asian – Pakistani,0,False,6,[52],Fostering - Short Term,1,1,2025-12-21 22:53:40.625587,N/A,N/A,1,['Trans Male'],True,True,562.5,True,N/A,4,N/A,5,including Mainstream,['Asian/British Asian – Other'],Short Term Foster,False,False,False,
2,Female,Asian/British Asian – Pakistani,0,True,14,[61],Fostering - Emergency,2,1,2025-12-21 22:53:40.625587,Reason why most recent placement ended,6 months ago,1,['NULL'],True,False,230.57,False,Why the child left care entirely,4,Any additional context and comments about the child’s care history,17,including Mainstream,['Dual Heritage - Black/White'],Emergency Foster,False,True,False,
6,Female,White – British,0,True,8,[41],Special Guardianship,4,1,2025-12-21 22:53:40.625587,Reason why most recent placement ended,6 months ago,1,['Unknown'],True,True,793.82,True,Why the child left care entirely,7,Any additional context and comments about the child’s care history,4,including Mainstream,['Unknown'],Special Guardianship,False,True,False,
6,Male,Black/Black British – Caribbean,0,False,13,[50],Adoption,5,1,2025-12-21 22:53:40.625587,N/A,N/A,1,['Trans Male'],False,True,409.15,True,N/A,0,N/A,14,including Mainstream,['Unknown'],Adoption,False,False,True,
0,Male,White – British,0,False,7,[42],Special Guardianship,5,1,2025-12-21 22:53:40.625587,N/A,N/A,1,['Unborn'],True,False,90.37,True,N/A,3,N/A,0,including Mainstream,['Traveller of Irish Heritage'],Special Guardianship,False,False,False,
14,Male,Asian/British Asian – Pakistani,0,True,18,[75],Fostering - Short Term,5,1,2025-12-21 22:53:40.625587,Reason why most recent placement ended,6 months ago,1,['NULL'],True,False,253.86,False,Why the child left care entirely,4,Any additional context and comments about the child’s care history,14,including Mainstream,['White - Eastern European'],Short Term Foster,True,True,False,
16,Female,Asian/British Asian – Bangladeshi,0,False,18,[56],Fostering - Long Term,1,1,2025-12-21 22:53:40.625587,N/A,N/A,1,['Trans Female'],True,False,137.3,True,N/A,7,N/A,16,including Mainstream,['White – Other'],Long Term Foster,False,True,False,
8,Female,White - Eastern European,0,False,17,[50],Kinship,0,1,2025-12-21 22:53:40.625587,N/A,N/A,1,['Trans Male'],True,True,441.02,False,N/A,2,N/A,10,including Mainstream,['Other Ethnic Group'],Kinship,False,False,False,
6,Trans Female,Asian/British Asian – Pakistani,0,False,8,[62],Adoption,5,1,2025-12-21 22:53:40.625587,N/A,N/A,1,['Unborn'],True,False,393.41,True,N/A,3,N/A,16,including Mainstream,['Mixed - White/Black African'],Adoption,True,True,False,
5,Male,Asian/British Asian – Pakistani,0,True,15,[54],Adoption,0,1,2025-12-21 22:53:40.625587,Reason why most recent placement ended,6 months ago,1,['Unborn'],True,False,8.97,False,Why the child left care entirely,4,Any additional context and comments about the child’s care history,4,including Mainstream,['Information Not Yet Obtained'],Adoption,False,True,False,
5,Male,White - Central European,0,True,8,[60],Special Guardianship,0,1,2025-12-21 22:53:40.625587,Reason why most recent placement ended,6 months ago,1,['Unspecified'],True,False,886.1,True,Why the child left care entirely,2,Any additional context and comments about the child’s care history,2,including Mainstream,['Asian/British Asian – Other'],Special Guardianship,False,False,False,
11,Male,White – British,0,False,18,[42],Adoption,4,1,2025-12-21 22:53:40.625587,N/A,N/A,1,['Male'],True,False,544.55,True,N/A,3,N/A,10,including Mainstream,['Asian/British Asian – Bangladeshi'],Adoption,True,False,True,
9,Trans Male,Asian/British Asian – Pakistani,0,False,12,[38],Fostering - Emergency,3,1,2025-12-21 22:53:40.625587,N/A,N/A,1,['Unspecified'],True,True,629.98,True,N/A,0,N/A,15,including Mainstream,['Black/Black British – Caribbean'],Emergency Foster,False,False,False,
5,Female,Asian/British Asian – Indian,0,False,6,[63],Adoption,0,1,2025-12-21 22:53:40.625587,N/A,N/A,1,['Unspecified'],True,False,408.61,False,N/A,0,N/A,10,including Mainstream,['Black/Black British – African'],Adoption,False,False,False,
17,Trans Male,Asian/British Asian – Pakistani,0,True,18,[35],Kinship,5,1,2025-12-21 22:53:40.625587,Reason why most recent placement ended,6 months ago,1,['Female'],True,False,534.69,False,Why the child left care entirely,2,Any additional context and comments about the child’s care history,6,including Mainstream,['White – British'],Kinship,True,False,False,
7,Trans Female,White – British,0,True,17,[34],Kinship,2,1,2025-12-21 22:53:40.625587,Reason why most recent placement ended,6 months ago,1,['Unborn'],False,True,468.21,False,Why the child left care entirely,1,Any additional context and comments about the child’s care history,10,including Mainstream,['Mixed - White/Black African'],Kinship,True,False,False,
1,Female,Asian/British Asian – Pakistani,0,False,12,[37],Adoption,5,1,2025-12-21 22:53:40.625587,N/A,N/A,1,['Unknown'],True,True,797.31,False,N/A,0,N/A,11,including Mainstream,['Other Ethnic Group'],Adoption,False,False,False,
0,Male,White – British,0,True,7,[68],Residential,3,1,2025-12-21 22:53:40.625587,Reason why most recent placement ended,6 months ago,1,['Male'],True,False,522.94,False,Why the child left care entirely,5,Any additional context and comments about the child’s care history,8,including Mainstream,['Gypsy / Roma'],Residential,True,False,False,
0,Female,White – British,0,True,4,[64],Kinship,4,1,2025-12-21 22:53:40.625587,Reason why most recent placement ended,6 months ago,1,['Non binary'],True,False,845.06,False,Why the child left care entirely,4,Any additional context and comments about the child’s care history,8,including Mainstream,['Asian/British Asian – Indian'],Kinship,False,False,False,
10,Male,White – British,0,True,18,[59],Kinship,4,1,2025-12-21 22:53:40.625587,Reason why most recent placement ended,6 months ago,1,['Unborn'],True,True,288.17,False,Why the child left care entirely,4,Any additional context and comments about the child’s care history,8,including Mainstream,['Gypsy / Roma'],Kinship,False,True,False,
13,Trans Male,White – British,0,False,17,[53],Fostering - Long Term,2,1,2025-12-21 22:53:40.625587,N/A,N/A,1,['Unspecified'],True,True,781.43,False,N/A,5,N/A,7,including Mainstream,['White – British'],Long Term Foster,True,True,False,
8,Male,Asian/British Asian – Indian,0,True,15,[40],Fostering - Short Term,3,1,2025-12-21 22:53:40.625587,Reason why most recent placement ended,6 months ago,1,['NULL'],True,True,997.85,False,Why the child left care entirely,7,Any additional context and comments about the child’s care history,3,including Mainstream,['Refused'],Short Term Foster,False,False,False,
6,Male,White – British,0,True,15,[30],Residential,3,1,2025-12-21 22:53:40.625587,Reason why most recent placement ended,6 months ago,1,['Female'],True,True,244.5,False,Why the child left care entirely,7,Any additional context and comments about the child’s care history,0,including Mainstream,['White - Central European'],Residential,True,True,False,
13,Female,White – British,0,True,18,[47],Adoption,1,1,2025-12-21 22:53:40.625587,Reason why most recent placement ended,6 months ago,1,['Non binary'],True,True,249.22,False,Why the child left care entirely,3,Any additional context and comments about the child’s care history,16,including Mainstream,['Asian/British Asian – Pakistani'],Adoption,True,False,False,
7,Trans Female,White – British,0,True,10,[42],Adoption,3,1,2025-12-21 22:53:40.625587,Reason why most recent placement ended,6 months ago,1,['Trans Male'],True,False,708.08,False,Why the child left care entirely,3,Any additional context and comments about the child’s care history,13,including Mainstream,['Mixed - White/Asian'],Adoption,False,True,False,
9,Female,Asian/British Asian – Pakistani,0,True,15,[58],Adoption,2,1,2025-12-21 22:53:40.625587,Reason why most recent placement ended,6 months ago,1,['Unknown'],True,True,267.39,False,Why the child left care entirely,6,Any additional context and comments about the child’s care history,7,including Mainstream,['Mixed - White/Black Caribbean'],Adoption,False,False,False,
5,Male,White – British,0,True,9,[43],Fostering - Respite,4,1,2025-12-21 22:53:40.625587,Reason why most recent placement ended,6 months ago,1,['Non binary'],True,False,225.89,True,Why the child left care entirely,2,Any additional context and comments about the child’s care history,12,including Mainstream,['White - Eastern European'],Respite Foster,False,False,True,
15,Male,Asian/British Asian – Pakistani,0,True,18,[28],Fostering - Short Term,4,1,2025-12-21 22:53:40.625587,Reason why most recent placement ended,6 months ago,1,['Unknown'],False,False,992.11,True,Why the child left care entirely,1,Any additional context and comments about the child’s care history,17,including Mainstream,['Black/Black British – Caribbean'],Short Term Foster,False,False,False,
12,Female,White – British,0,True,16,[25],Kinship,3,1,2025-12-21 22:53:40.625587,Reason why most recent placement ended,6 months ago,1,['Female'],True,False,454.75,True,Why the child left care entirely,3,Any additional context and comments about the child’s care history,0,including Mainstream,['Asian/British Asian – Other'],Kinship,True,False,False,
14,Male,White – British,0,True,16,[59],Adoption,1,1,2025-12-21 22:53:40.625587,Reason why most recent placement ended,6 months ago,1,['Male'],True,True,797.34,True,Why the child left care entirely,6,Any additional context and comments about the child’s care history,12,including Mainstream,['Gypsy'],Adoption,True,False,False,
4,Male,White - Eastern European,0,False,8,[31],Fostering - Emergency,5,1,2025-12-21 22:53:40.625587,N/A,N/A,1,['Female'],True,True,336.59,True,N/A,2,N/A,10,including Mainstream,['Refused'],Emergency Foster,True,False,False,
15,Male,White – British,0,False,16,[65],Fostering - Respite,1,1,2025-12-21 22:53:40.625587,N/A,N/A,1,['Trans Female'],True,False,373.76,True,N/A,4,N/A,10,including Mainstream,['Asian/British Asian – Chinese'],Respite Foster,False,True,False,
5,Non binary,White - Central European,0,False,13,[66],Adoption,3,1,2025-12-21 22:53:40.625587,N/A,N/A,1,['Female'],True,True,25.01,False,N/A,5,N/A,14,including Mainstream,['Mixed - White/Black African'],Adoption,False,False,True,
0,Female,Other Ethnic Group,0,False,8,[51],Residential,0,1,2025-12-21 22:53:40.625587,N/A,N/A,1,['Female'],True,True,688.36,True,N/A,4,N/A,12,including Mainstream,['Mixed – Other'],Residential,False,False,False,
0,Female,White – British,0,False,7,[60],Special Guardianship,1,1,2025-12-21 22:53:40.625587,N/A,N/A,1,['Unknown'],True,False,312.64,False,N/A,4,N/A,1,including Mainstream,['Asian/British Asian – Pakistani'],Special Guardianship,True,True,False,
12,Female,White – British,0,True,17,[65],Special Guardianship,1,1,2025-12-21 22:53:40.625587,Reason why most recent placement ended,6 months ago,1,['Trans Female'],True,False,42.77,False,Why the child left care entirely,0,Any additional context and comments about the child’s care history,3,including Mainstream,['Unknown'],Special Guardianship,True,False,False,
9,Male,Asian/British Asian – Other,0,False,17,[32],Fostering - Emergency,3,1,2025-12-21 22:53:40.625587,N/A,N/A,1,['NULL'],True,False,950.16,True,N/A,7,N/A,12,including Mainstream,['White - Eastern European'],Emergency Foster,False,False,False,
3,Trans Male,Asian/British Asian – Pakistani,0,True,6,[67],Fostering - Respite,3,1,2025-12-21 22:53:40.625587,Reason why most recent placement ended,6 months ago,1,['Female'],True,False,841.55,False,Why the child left care entirely,6,Any additional context and comments about the child’s care history,15,including Mainstream,['Black/Black British – Other'],Respite Foster,False,False,False,
13,Female,White – British,0,True,18,[57],Kinship,5,1,2025-12-21 22:53:40.625587,Reason why most recent placement ended,6 months ago,1,['Male'],True,False,362.63,False,Why the child left care entirely,8,Any additional context and comments about the child’s care history,9,including Mainstream,['Mixed - White/Black African'],Kinship,False,False,False,
1,Female,Dual Heritage - Black/White,0,True,7,[27],Fostering - Respite,4,1,2025-12-21 22:53:40.625587,Reason why most recent placement ended,6 months ago,1,['Unknown'],False,False,59.9,False,Why the child left care entirely,0,Any additional context and comments about the child’s care history,9,including Mainstream,['Mixed - White/Black Caribbean'],Respite Foster,False,False,True,
8,Male,Asian/British Asian – Pakistani,0,True,9,[62],Adoption,3,1,2025-12-21 22:53:40.625587,Reason why most recent placement ended,6 months ago,1,['Unborn'],True,True,362.34,False,Why the child left care entirely,4,Any additional context and comments about the child’s care history,12,including Mainstream,['White - Eastern European'],Adoption,False,False,False,
16,Trans Male,Black/Black British – Caribbean,0,True,18,[69],Fostering - Long Term,0,1,2025-12-21 22:53:40.625587,Reason why most recent placement ended,6 months ago,1,['Unspecified'],True,True,851.1,False,Why the child left care entirely,5,Any additional context and comments about the child’s care history,6,including Mainstream,['Information Not Yet Obtained'],Long Term Foster,False,False,True,
8,Female,White – British,0,False,17,[53],Fostering - Emergency,5,1,2025-12-21 22:53:40.625587,N/A,N/A,1,['Male'],True,False,33.86,False,N/A,2,N/A,7,including Mainstream,['Gypsy'],Emergency Foster,False,True,False,
11,Non binary,White – British,0,True,12,[70],Fostering - Respite,4,1,2025-12-21 22:53:40.625587,Reason why most recent placement ended,6 months ago,1,['Non binary'],True,True,137.28,False,Why the child left care entirely,8,Any additional context and comments about the child’s care history,3,including Mainstream,['Black/Black British – Other'],Respite Foster,False,False,False,
3,Female,White – British,0,True,4,[74],Fostering - Long Term,3,1,2025-12-21 22:53:40.625587,Reason why most recent placement ended,6 months ago,1,['Unknown'],False,True,845.58,True,Why the child left care entirely,0,Any additional context and comments about the child’s care history,3,including Mainstream,['Black/Black British – Other'],Long Term Foster,True,False,False,
2,Female,Asian/British Asian – Bangladeshi,0,True,4,[34],Adoption,1,1,2025-12-21 22:53:40.625587,Reason why most recent placement ended,6 months ago,1,['NULL'],True,True,363.69,True,Why the child left care entirely,5,Any additional context and comments about the child’s care history,10,including Mainstream,['Refused'],Adoption,False,False,False,
8,Female,Mixed - White/Asian,0,False,10,[38],Special Guardianship,4,1,2025-12-21 22:53:40.625587,N/A,N/A,1,['NULL'],True,False,838.99,False,N/A,3,N/A,9,including Mainstream,['Gypsy'],Special Guardianship,False,False,False,
14,Female,Asian/British Asian – Indian,0,True,16,[48],Residential,5,1,2025-12-21 22:53:40.625587,Reason why most recent placement ended,6 months ago,1,['Trans Female'],True,False,530.82,True,Why the child left care entirely,8,Any additional context and comments about the child’s care history,2,including Mainstream,['Information Not Yet Obtained'],Residential,False,False,False,
8,Male,White – British,0,True,12,[61],Adoption,2,1,2025-12-21 22:53:40.625587,Reason why most recent placement ended,6 months ago,1,['Female'],False,True,997.57,True,Why the child left care entirely,0,Any additional context and comments about the child’s care history,2,including Mainstream,['Asian/British Asian – Indian'],Adoption,True,False,False,
13,Male,White – British,0,True,15,[64],Special Guardianship,3,1,2025-12-21 22:53:40.625587,Reason why most recent placement ended,6 months ago,1,['Non binary'],True,False,896.12,True,Why the child left care entirely,8,Any additional context and comments about the child’s care history,5,including Mainstream,['Mixed - White/Black Caribbean'],Special Guardianship,False,False,False,
15,Male,White – British,0,True,18,[55],Fostering - Emergency,2,1,2025-12-21 22:53:40.625587,Reason why most recent placement ended,6 months ago,1,['NULL'],True,False,874.82,True,Why the child left care entirely,1,Any additional context and comments about the child’s care history,13,including Mainstream,['Refused'],Emergency Foster,False,False,False,
9,Non binary,White – British,0,True,15,[73],Fostering - Short Term,3,1,2025-12-21 22:53:40.625587,Reason why most recent placement ended,6 months ago,1,['Non binary'],True,False,525.12,True,Why the child left care entirely,4,Any additional context and comments about the child’s care history,1,including Mainstream,['Mixed – Other'],Short Term Foster,False,False,False,
6,Female,Asian/British Asian – Pakistani,0,True,17,[28],Special Guardianship,5,1,2025-12-21 22:53:40.625587,Reason why most recent placement ended,6 months ago,1,['Non binary'],True,True,505.64,False,Why the child left care entirely,7,Any additional context and comments about the child’s care history,13,including Mainstream,['Unknown'],Special Guardianship,True,True,False,
9,Female,Asian/British Asian – Pakistani,0,True,12,[33],Kinship,4,1,2025-12-21 22:53:40.625587,Reason why most recent placement ended,6 months ago,1,['Male'],False,True,223.07,True,Why the child left care entirely,1,Any additional context and comments about the child’s care history,7,including Mainstream,['Gypsy / Roma'],Kinship,False,False,False,
7,Male,Asian/British Asian – Pakistani,0,False,12,[34],Special Guardianship,0,1,2025-12-21 22:53:40.625587,N/A,N/A,1,['Trans Female'],True,True,936.78,False,N/A,6,N/A,0,including Mainstream,['Gypsy / Roma'],Special Guardianship,False,False,False,
1,Non binary,Asian/British Asian – Indian,0,False,18,[40],Adoption,3,1,2025-12-21 22:53:40.625587,N/A,N/A,1,['Unknown'],True,False,320.29,False,N/A,7,N/A,3,including Mainstream,['White - Eastern European'],Adoption,False,False,False,
11,Non binary,White - Eastern European,0,False,12,[38],Fostering - Respite,5,1,2025-12-21 22:53:40.625587,N/A,N/A,1,['Indeterminate'],True,True,121.46,True,N/A,8,N/A,7,including Mainstream,['Black/Black British – Caribbean'],Respite Foster,False,False,False,
11,Female,White – British,0,True,17,[35],Fostering - Long Term,2,1,2025-12-21 22:53:40.625587,Reason why most recent placement ended,6 months ago,1,['Non binary'],True,True,501.32,False,Why the child left care entirely,7,Any additional context and comments about the child’s care history,11,including Mainstream,['Black/Black British – African'],Long Term Foster,False,True,False,
0,Female,White – Other,0,False,13,[28],Fostering - Short Term,2,1,2025-12-21 22:53:40.625587,N/A,N/A,1,['Indeterminate'],True,True,798.73,False,N/A,5,N/A,7,including Mainstream,['Mixed - White/Black African'],Short Term Foster,False,True,False,
4,Male,White – British,0,True,18,[42],Fostering - Short Term,4,1,2025-12-21 22:53:40.625587,Reason why most recent placement ended,6 months ago,1,['Indeterminate'],False,True,905.09,False,Why the child left care entirely,1,Any additional context and comments about the child’s care history,13,including Mainstream,['Black/Black British – Caribbean'],Short Term Foster,False,False,False,
7,Female,Asian/British Asian – Other,0,True,13,[72],Fostering - Long Term,5,1,2025-12-21 22:53:40.625587,Reason why most recent placement ended,6 months ago,1,['Female'],True,True,467.32,True,Why the child left care entirely,7,Any additional context and comments about the child’s care history,16,including Mainstream,['Mixed – Other'],Long Term Foster,True,False,False,
15,Female,Asian/British Asian – Pakistani,0,False,16,[58],Kinship,1,1,2025-12-21 22:53:40.625587,N/A,N/A,1,['Non binary'],True,False,458.64,True,N/A,2,N/A,6,including Mainstream,['White – British'],Kinship,False,False,False,
13,Female,White - Central European,0,True,15,[42],Fostering - Short Term,1,1,2025-12-21 22:53:40.625587,Reason why most recent placement ended,6 months ago,1,['Male'],True,True,99.42,False,Why the child left care entirely,5,Any additional context and comments about the child’s care history,3,including Mainstream,['Other Ethnic Group'],Short Term Foster,False,True,False,
7,Female,Asian/British Asian – Pakistani,0,False,10,[70],Adoption,3,1,2025-12-21 22:53:40.625587,N/A,N/A,1,['Unborn'],True,True,608.56,True,N/A,4,N/A,17,including Mainstream,['Mixed – Other'],Adoption,True,False,False,
4,Trans Female,Asian/British Asian – Pakistani,0,True,13,[70],Residential,2,1,2025-12-21 22:53:40.625587,Reason why most recent placement ended,6 months ago,1,['Unknown'],True,False,818.66,False,Why the child left care entirely,4,Any additional context and comments about the child’s care history,1,including Mainstream,['Mixed – Other'],Residential,True,False,True,
15,Female,Asian/British Asian – Pakistani,0,False,17,[25],Kinship,1,1,2025-12-21 22:53:40.625587,N/A,N/A,1,['Unborn'],True,False,288.31,False,N/A,6,N/A,0,including Mainstream,['Asian/British Asian – Other'],Kinship,True,True,False,
11,Male,Mixed – Other,0,False,15,[59],Residential,3,1,2025-12-21 22:53:40.625587,N/A,N/A,1,['Unspecified'],True,False,806.49,False,N/A,6,N/A,11,including Mainstream,['White – British'],Residential,False,False,False,
15,Female,White – British,0,True,18,[58],Fostering - Emergency,2,1,2025-12-21 22:53:40.625587,Reason why most recent placement ended,6 months ago,1,['Non binary'],True,True,797.88,False,Why the child left care entirely,2,Any additional context and comments about the child’s care history,4,including Mainstream,['Dual Heritage - Black/White'],Emergency Foster,False,False,False,
14,Female,White – British,0,True,16,[52],Special Guardianship,2,1,2025-12-21 22:53:40.625587,Reason why most recent placement ended,6 months ago,1,['Indeterminate'],True,True,784.52,False,Why the child left care entirely,1,Any additional context and comments about the child’s care history,6,including Mainstream,['Roma'],Special Guardianship,False,False,False,
17,Trans Male,White – British,0,False,18,[43],Adoption,1,1,2025-12-21 22:53:40.625587,N/A,N/A,1,['Unspecified'],True,False,169.18,False,N/A,6,N/A,16,including Mainstream,['Refused'],Adoption,True,True,False,
10,Male,White – British,0,True,15,[71],Fostering - Long Term,2,1,2025-12-21 22:53:40.625587,Reason why most recent placement ended,6 months ago,1,['Unknown'],True,False,638.0,True,Why the child left care entirely,8,Any additional context and comments about the child’s care history,16,including Mainstream,['Mixed - White/Asian'],Long Term Foster,False,True,False,
13,Female,White – British,0,True,18,[38],Special Guardianship,0,1,2025-12-21 22:53:40.625587,Reason why most recent placement ended,6 months ago,1,['Unborn'],True,False,882.69,False,Why the child left care entirely,4,Any additional context and comments about the child’s care history,0,including Mainstream,['Black/Black British – African'],Special Guardianship,True,False,False,
14,Male,White – British,0,True,15,[30],Fostering - Respite,4,1,2025-12-21 22:53:40.625587,Reason why most recent placement ended,6 months ago,1,['Female'],True,True,445.18,False,Why the child left care entirely,7,Any additional context and comments about the child’s care history,5,including Mainstream,['White - Central European'],Respite Foster,True,False,False,
4,Male,White – British,0,True,16,[50],Fostering - Emergency,0,1,2025-12-21 22:53:40.625587,Reason why most recent placement ended,6 months ago,1,['Unspecified'],True,False,294.65,True,Why the child left care entirely,2,Any additional context and comments about the child’s care history,11,including Mainstream,['Traveller – Other'],Emergency Foster,False,False,False,
8,Male,White – British,0,False,13,[47],Fostering - Respite,2,1,2025-12-21 22:53:40.625587,N/A,N/A,1,['Unknown'],True,True,474.75,False,N/A,0,N/A,4,including Mainstream,['Black/Black British – Other'],Respite Foster,False,False,False,
2,Female,Dual Heritage - Black/White,0,False,12,[46],Fostering - Respite,5,1,2025-12-21 22:53:40.625587,N/A,N/A,1,['Non binary'],True,True,203.88,True,N/A,8,N/A,1,including Mainstream,['Traveller of Irish Heritage'],Respite Foster,False,False,False,
3,Female,White – British,0,False,14,[73],Fostering - Short Term,4,1,2025-12-21 22:53:40.625587,N/A,N/A,1,['Unborn'],True,True,783.21,False,N/A,3,N/A,5,including Mainstream,['Asian/British Asian – Indian'],Short Term Foster,False,True,False,
3,Male,White – British,0,True,11,[27],Adoption,3,1,2025-12-21 22:53:40.625587,Reason why most recent placement ended,6 months ago,1,['NULL'],True,False,590.62,False,Why the child left care entirely,4,Any additional context and comments about the child’s care history,13,including Mainstream,['Traveller – Other'],Adoption,True,True,False,
2,Female,Asian/British Asian – Pakistani,0,True,10,[72],Kinship,2,1,2025-12-21 22:53:40.625587,Reason why most recent placement ended,6 months ago,1,['NULL'],True,True,841.88,True,Why the child left care entirely,2,Any additional context and comments about the child’s care history,9,including Mainstream,['Refused'],Kinship,True,False,False,
1,Female,White – British,0,True,12,[40],Adoption,4,1,2025-12-21 22:53:40.625587,Reason why most recent placement ended,6 months ago,1,['Female'],True,False,639.41,True,Why the child left care entirely,7,Any additional context and comments about the child’s care history,12,including Mainstream,['Asian/British Asian – Bangladeshi'],Adoption,False,False,False,
16,Female,White – British,0,True,18,[56],Fostering - Long Term,5,1,2025-12-21 22:53:40.625587,Reason why most recent placement ended,6 months ago,1,['Unknown'],True,False,81.26,False,Why the child left care entirely,0,Any additional context and comments about the child’s care history,14,including Mainstream,['White - Eastern European'],Long Term Foster,False,False,False,
1,Female,White – British,0,False,12,[73],Fostering - Respite,5,1,2025-12-21 22:53:40.625587,N/A,N/A,1,['Unknown'],False,True,157.52,False,N/A,0,N/A,6,including Mainstream,['Mixed - White/Black Caribbean'],Respite Foster,True,False,True,
1,Trans Female,White – British,0,False,13,[33],Residential,1,1,2025-12-21 22:53:40.625587,N/A,N/A,1,['Unborn'],True,True,796.56,False,N/A,8,N/A,15,including Mainstream,['Black/Black British – Other'],Residential,False,False,False,
17,Trans Male,White – British,0,False,18,[36],Fostering - Emergency,5,1,2025-12-21 22:53:40.625587,N/A,N/A,1,['Female'],True,False,370.96,True,N/A,8,N/A,13,including Mainstream,['Traveller of Irish Heritage'],Emergency Foster,True,False,False,
14,Trans Male,White – British,0,False,16,[33],Fostering - Respite,2,1,2025-12-21 22:53:40.625587,N/A,N/A,1,['Unspecified'],True,True,624.28,True,N/A,1,N/A,1,including Mainstream,['Asian/British Asian – Other'],Respite Foster,False,False,False,
16,Female,Asian/British Asian – Pakistani,0,True,17,[51],Adoption,3,1,2025-12-21 22:53:40.625587,Reason why most recent placement ended,6 months ago,1,['Indeterminate'],True,False,680.21,True,Why the child left care entirely,1,Any additional context and comments about the child’s care history,15,including Mainstream,['Gypsy'],Adoption,True,False,False,
4,Female,Asian/British Asian – Pakistani,0,True,17,[29],Fostering - Long Term,0,1,2025-12-21 22:53:40.625587,Reason why most recent placement ended,6 months ago,1,['Unborn'],True,False,919.9,True,Why the child left care entirely,3,Any additional context and comments about the child’s care history,3,including Mainstream,['Traveller of Irish Heritage'],Long Term Foster,False,False,False,
10,Trans Male,White – British,0,False,15,[43],Fostering - Emergency,3,1,2025-12-21 22:53:40.625587,N/A,N/A,1,['Female'],True,True,471.62,True,N/A,7,N/A,17,including Mainstream,['Mixed - White/Black Caribbean'],Emergency Foster,True,False,False,
1,Female,Asian/British Asian – Pakistani,0,True,8,[70],Fostering - Emergency,1,1,2025-12-21 22:53:40.625587,Reason why most recent placement ended,6 months ago,1,['Indeterminate'],False,True,835.64,False,Why the child left care entirely,1,Any additional context and comments about the child’s care history,6,including Mainstream,['Dual Heritage - Black/White'],Emergency Foster,True,False,False,
4,Male,White – British,0,True,12,[28],Kinship,3,1,2025-12-21 22:53:40.625587,Reason why most recent placement ended,6 months ago,1,['Unspecified'],True,False,316.1,True,Why the child left care entirely,8,Any additional context and comments about the child’s care history,10,including Mainstream,['NULL'],Kinship,False,False,False,
13,Female,Asian/British Asian – Pakistani,0,False,18,[62],Fostering - Short Term,2,1,2025-12-21 22:53:40.625587,N/A,N/A,1,['Unknown'],True,False,88.86,False,N/A,7,N/A,3,including Mainstream,['Black/Black British – Caribbean'],Short Term Foster,False,True,False,
16,Male,Asian/British Asian – Pakistani,0,True,17,[44],Fostering - Short Term,1,1,2025-12-21 22:53:40.625587,Reason why most recent placement ended,6 months ago,1,['Indeterminate'],True,True,294.18,False,Why the child left care entirely,2,Any additional context and comments about the child’s care history,11,including Mainstream,['Gypsy'],Short Term Foster,False,True,False,
13,Trans Female,White – British,0,True,16,[64],Fostering - Respite,1,1,2025-12-21 22:53:40.625587,Reason why most recent placement ended,6 months ago,1,['Non binary'],True,False,946.56,True,Why the child left care entirely,7,Any additional context and comments about the child’s care history,8,including Mainstream,['Unknown'],Respite Foster,False,False,False,
6,Male,White - Central European,0,False,14,[32],Fostering - Emergency,3,1,2025-12-21 22:53:40.625587,N/A,N/A,1,['Unspecified'],True,False,43.21,True,N/A,8,N/A,12,including Mainstream,['Refused'],Emergency Foster,True,False,False,
1,Female,Asian/British Asian – Pakistani,0,True,11,[44],Adoption,2,1,2025-12-21 22:53:40.625587,Reason why most recent placement ended,6 months ago,1,['Trans Male'],True,True,309.73,True,Why the child left care entirely,6,Any additional context and comments about the child’s care history,14,including Mainstream,['Roma'],Adoption,True,False,False,
12,Male,White – British,0,True,16,[70],Fostering - Respite,4,1,2025-12-21 22:53:40.625587,Reason why most recent placement ended,6 months ago,1,['Trans Female'],True,True,506.22,True,Why the child left care entirely,0,Any additional context and comments about the child’s care history,8,including Mainstream,['Black/Black British – African'],Respite Foster,True,False,False,
4,Female,Asian/British Asian – Pakistani,0,True,14,[51],Fostering - Short Term,3,1,2025-12-21 22:53:40.625587,Reason why most recent placement ended,6 months ago,1,['NULL'],True,False,748.28,False,Why the child left care entirely,2,Any additional context and comments about the child’s care history,13,including Mainstream,['Mixed - White/Asian'],Short Term Foster,False,True,False,
3,Female,White – British,0,True,11,[44],Special Guardianship,0,1,2025-12-21 22:53:40.625587,Reason why most recent placement ended,6 months ago,1,['NULL'],True,False,748.72,True,Why the child left care entirely,3,Any additional context and comments about the child’s care history,17,including Mainstream,['Asian/British Asian – Other'],Special Guardianship,True,True,False,
13,Male,Mixed - White/Black Caribbean,0,False,18,[32],Fostering - Long Term,0,1,2025-12-21 22:53:40.625587,N/A,N/A,1,['Unknown'],True,False,480.77,True,N/A,7,N/A,12,including Mainstream,['Roma'],Long Term Foster,False,False,False,
2,Female,White – British,0,False,12,[34],Fostering - Emergency,5,1,2025-12-21 22:53:40.625587,N/A,N/A,1,['Unspecified'],True,False,327.82,False,N/A,2,N/A,3,including Mainstream,['Gypsy'],Emergency Foster,False,False,False,
13,Trans Female,White - Eastern European,0,True,16,[41],Fostering - Long Term,2,1,2025-12-21 22:53:40.625587,Reason why most recent placement ended,6 months ago,1,['Unborn'],True,True,794.0,True,Why the child left care entirely,2,Any additional context and comments about the child’s care history,1,including Mainstream,['Asian/British Asian – Bangladeshi'],Long Term Foster,True,False,False,
9,Male,White – British,0,False,12,[62],Fostering - Emergency,0,1,2025-12-21 22:53:40.625587,N/A,N/A,1,['NULL'],True,True,856.34,False,N/A,3,N/A,2,including Mainstream,['Asian/British Asian – Indian'],Emergency Foster,False,False,False,
3,Male,White – British,0,False,11,[67],Special Guardianship,5,1,2025-12-21 22:53:40.625587,N/A,N/A,1,['Trans Male'],True,True,223.84,True,N/A,4,N/A,2,including Mainstream,['Mixed - White/Black Caribbean'],Special Guardianship,False,True,False,
16,Female,White – British,0,False,17,[54],Fostering - Long Term,5,1,2025-12-21 22:53:40.625587,N/A,N/A,1,['Trans Female'],True,True,307.28,True,N/A,7,N/A,2,including Mainstream,['Black/Black British – Caribbean'],Long Term Foster,True,False,False,
10,Male,Asian/British Asian – Pakistani,0,True,15,[69],Fostering - Respite,4,1,2025-12-21 22:53:40.625587,Reason why most recent placement ended,6 months ago,1,['Unknown'],True,True,66.86,False,Why the child left care entirely,3,Any additional context and comments about the child’s care history,11,including Mainstream,['Other Ethnic Group'],Respite Foster,True,True,False,
9,Trans Female,Asian/British Asian – Pakistani,0,True,15,[69],Fostering - Short Term,0,1,2025-12-21 22:53:40.625587,Reason why most recent placement ended,6 months ago,1,['Indeterminate'],True,True,910.88,True,Why the child left care entirely,6,Any additional context and comments about the child’s care history,0,including Mainstream,['Asian/British Asian – Indian'],Short Term Foster,True,True,False,
14,Female,White – British,0,True,18,[65],Fostering - Short Term,3,1,2025-12-21 22:53:40.625587,Reason why most recent placement ended,6 months ago,1,['Non binary'],True,True,751.23,False,Why the child left care entirely,5,Any additional context and comments about the child’s care history,17,including Mainstream,['Refused'],Short Term Foster,True,False,False,
15,Male,Asian/British Asian – Pakistani,0,True,17,[38],Residential,0,1,2025-12-21 22:53:40.625587,Reason why most recent placement ended,6 months ago,1,['Trans Female'],True,True,72.48,True,Why the child left care entirely,4,Any additional context and comments about the child’s care history,12,including Mainstream,['Asian/British Asian – Other'],Residential,False,True,True,
14,Male,Asian/British Asian – Pakistani,0,False,17,[25],Special Guardianship,5,1,2025-12-21 22:53:40.625587,N/A,N/A,1,['Unborn'],False,False,614.49,True,N/A,0,N/A,2,including Mainstream,['Mixed - White/Black Caribbean'],Special Guardianship,True,False,False,
12,Male,White – British,0,False,13,[49],Kinship,4,1,2025-12-21 22:53:40.625587,N/A,N/A,1,['Unspecified'],True,True,695.07,False,N/A,6,N/A,11,including Mainstream,['Gypsy / Roma'],Kinship,False,False,False,
7,Trans Male,White – Other,0,True,11,[55],Residential,4,1,2025-12-21 22:53:40.625587,Reason why most recent placement ended,6 months ago,1,['Female'],True,False,49.06,False,Why the child left care entirely,0,Any additional context and comments about the child’s care history,8,including Mainstream,['White – British'],Residential,False,False,False,
13,Female,White – British,0,True,15,[57],Fostering - Respite,2,1,2025-12-21 22:53:40.625587,Reason why most recent placement ended,6 months ago,1,['Male'],True,True,587.31,False,Why the child left care entirely,4,Any additional context and comments about the child’s care history,11,including Mainstream,['Mixed - White/Black African'],Respite Foster,True,True,False,
2,Female,Mixed - White/Black Caribbean,0,True,6,[55],Adoption,1,1,2025-12-21 22:53:40.625587,Reason why most recent placement ended,6 months ago,1,['Male'],True,True,216.98,True,Why the child left care entirely,3,Any additional context and comments about the child’s care history,9,including Mainstream,['Gypsy'],Adoption,False,False,False,
10,Female,White – British,0,False,11,[69],Fostering - Short Term,1,1,2025-12-21 22:53:40.625587,N/A,N/A,1,['Unspecified'],True,True,459.79,True,N/A,8,N/A,0,including Mainstream,['Gypsy / Roma'],Short Term Foster,False,True,False,
1,Female,Mixed – Other,0,True,17,[41],Fostering - Short Term,2,1,2025-12-21 22:53:40.625587,Reason why most recent placement ended,6 months ago,1,['Unborn'],True,True,790.74,False,Why the child left care entirely,3,Any additional context and comments about the child’s care history,16,including Mainstream,['White - Eastern European'],Short Term Foster,False,False,False,
9,Trans Female,White – British,0,True,12,[42],Fostering - Short Term,3,1,2025-12-21 22:53:40.625587,Reason why most recent placement ended,6 months ago,1,['NULL'],True,False,307.9,False,Why the child left care entirely,5,Any additional context and comments about the child’s care history,16,including Mainstream,['Gypsy'],Short Term Foster,True,True,False,
9,Male,Asian/British Asian – Pakistani,0,False,18,[61],Kinship,2,1,2025-12-21 22:53:40.625587,N/A,N/A,1,['Unborn'],True,True,747.37,True,N/A,4,N/A,2,including Mainstream,['Mixed - White/Black Caribbean'],Kinship,False,False,False,
12,Male,White – British,0,False,18,[59],Residential,5,1,2025-12-21 22:53:40.625587,N/A,N/A,1,['Unknown'],True,True,836.35,True,N/A,3,N/A,12,including Mainstream,['Gypsy'],Residential,False,True,False,
14,Male,White – British,0,False,15,[27],Residential,4,1,2025-12-21 22:53:40.625587,N/A,N/A,1,['NULL'],True,True,552.57,True,N/A,3,N/A,15,including Mainstream,['White – Irish'],Residential,True,False,False,
7,Male,Asian/British Asian – Pakistani,0,False,16,[58],Fostering - Short Term,5,1,2025-12-21 22:53:40.625587,N/A,N/A,1,['Non binary'],True,True,569.7,False,N/A,2,N/A,3,including Mainstream,['Asian/British Asian – Other'],Short Term Foster,True,True,False,
4,Female,White – British,0,True,15,[34],Adoption,0,1,2025-12-21 22:53:40.625587,Reason why most recent placement ended,6 months ago,1,['Unborn'],True,True,500.53,True,Why the child left care entirely,2,Any additional context and comments about the child’s care history,12,including Mainstream,['White – Other'],Adoption,False,False,True,
14,Male,White – British,0,False,15,[42],Fostering - Short Term,5,1,2025-12-21 22:53:40.625587,N/A,N/A,1,['Male'],True,True,424.32,False,N/A,2,N/A,12,including Mainstream,['Mixed - White/Asian'],Short Term Foster,True,False,False,
10,Female,White – British,0,True,17,[39],Special Guardianship,3,1,2025-12-21 22:53:40.625587,Reason why most recent placement ended,6 months ago,1,['Female'],True,True,91.11,False,Why the child left care entirely,4,Any additional context and comments about the child’s care history,15,including Mainstream,['Black/Black British – African'],Special Guardianship,False,False,False,
14,Trans Male,White – British,0,True,18,[34],Fostering - Short Term,0,1,2025-12-21 22:53:40.625587,Reason why most recent placement ended,6 months ago,1,['Unknown'],True,True,286.48,False,Why the child left care entirely,2,Any additional context and comments about the child’s care history,9,including Mainstream,['Asian/British Asian – Bangladeshi'],Short Term Foster,False,False,False,
5,Female,White – British,0,True,11,[51],Fostering - Emergency,4,1,2025-12-21 22:53:40.625587,Reason why most recent placement ended,6 months ago,1,['Unborn'],True,False,234.33,False,Why the child left care entirely,4,Any additional context and comments about the child’s care history,4,including Mainstream,['Asian/British Asian – Other'],Emergency Foster,False,True,False,
8,Trans Male,White – British,0,False,15,[74],Fostering - Respite,3,1,2025-12-21 22:53:40.625587,N/A,N/A,1,['Trans Male'],True,False,202.88,False,N/A,3,N/A,2,including Mainstream,['Gypsy / Roma'],Respite Foster,False,False,False,
9,Trans Male,White – British,0,False,15,[53],Fostering - Short Term,2,1,2025-12-21 22:53:40.625587,N/A,N/A,1,['Male'],True,True,695.26,False,N/A,8,N/A,12,including Mainstream,['White - Eastern European'],Short Term Foster,True,True,False,
16,Female,Asian/British Asian – Indian,0,False,17,[54],Fostering - Long Term,1,1,2025-12-21 22:53:40.625587,N/A,N/A,1,['Indeterminate'],True,True,159.19,True,N/A,2,N/A,7,including Mainstream,['Other Ethnic Group'],Long Term Foster,False,True,False,
5,Trans Male,Asian/British Asian – Pakistani,0,True,9,[27],Adoption,2,1,2025-12-21 22:53:40.625587,Reason why most recent placement ended,6 months ago,1,['Trans Female'],True,True,979.79,False,Why the child left care entirely,1,Any additional context and comments about the child’s care history,2,including Mainstream,['Asian/British Asian – Indian'],Adoption,True,False,False,
17,Female,White - Eastern European,0,False,18,[41],Special Guardianship,3,1,2025-12-21 22:53:40.625587,N/A,N/A,1,['Trans Male'],True,True,669.04,False,N/A,8,N/A,1,including Mainstream,['Dual Heritage - Black/White'],Special Guardianship,True,True,False,
13,Male,White – British,0,False,17,[65],Fostering - Emergency,0,1,2025-12-21 22:53:40.625587,N/A,N/A,1,['Unborn'],True,False,489.76,False,N/A,7,N/A,9,including Mainstream,['Mixed - White/Black Caribbean'],Emergency Foster,False,False,False,
5,Trans Female,Asian/British Asian – Pakistani,0,False,14,[52],Fostering - Respite,5,1,2025-12-21 22:53:40.625587,N/A,N/A,1,['Unknown'],True,True,253.08,True,N/A,8,N/A,3,including Mainstream,['White - Central European'],Respite Foster,False,True,False,
14,Female,Gypsy / Roma,0,False,17,[75],Fostering - Emergency,3,1,2025-12-21 22:53:40.625587,N/A,N/A,1,['Unspecified'],True,False,583.57,False,N/A,7,N/A,1,including Mainstream,['White - Central European'],Emergency Foster,False,False,False,
7,Male,White - Central European,0,True,15,[49],Fostering - Long Term,5,1,2025-12-21 22:53:40.625587,Reason why most recent placement ended,6 months ago,1,['NULL'],True,True,432.18,True,Why the child left care entirely,3,Any additional context and comments about the child’s care history,0,including Mainstream,['Asian/British Asian – Other'],Long Term Foster,True,True,False,
1,Female,White – British,0,True,13,[29],Fostering - Long Term,2,1,2025-12-21 22:53:40.625587,Reason why most recent placement ended,6 months ago,1,['Trans Male'],True,False,44.46,False,Why the child left care entirely,7,Any additional context and comments about the child’s care history,13,including Mainstream,['Gypsy'],Long Term Foster,False,False,False,
10,Female,Asian/British Asian – Pakistani,0,True,16,[36],Fostering - Long Term,0,1,2025-12-21 22:53:40.625587,Reason why most recent placement ended,6 months ago,1,['Male'],True,False,734.86,False,Why the child left care entirely,4,Any additional context and comments about the child’s care history,17,including Mainstream,['Dual Heritage - Black/White'],Long Term Foster,True,False,False,
14,Male,White – British,0,False,16,[25],Kinship,2,1,2025-12-21 22:53:40.625587,N/A,N/A,1,['Female'],False,True,774.85,False,N/A,1,N/A,11,including Mainstream,['Asian/British Asian – Other'],Kinship,False,False,False,
13,Male,White – British,0,True,17,[35],Adoption,2,1,2025-12-21 22:53:40.625587,Reason why most recent placement ended,6 months ago,1,['Indeterminate'],True,False,360.4,False,Why the child left care entirely,3,Any additional context and comments about the child’s care history,1,including Mainstream,['Roma'],Adoption,False,False,False,
10,Male,White – British,0,True,18,[64],Kinship,3,1,2025-12-21 22:53:40.625587,Reason why most recent placement ended,6 months ago,1,['Female'],True,False,24.02,True,Why the child left care entirely,1,Any additional context and comments about the child’s care history,9,including Mainstream,['Gypsy'],Kinship,True,False,False,
17,Female,Asian/British Asian – Pakistani,0,False,18,[59],Special Guardianship,2,1,2025-12-21 22:53:40.625587,N/A,N/A,1,['Indeterminate'],True,True,310.91,False,N/A,5,N/A,4,including Mainstream,['White - Central European'],Special Guardianship,True,False,True,
15,Trans Female,Asian/British Asian – Pakistani,0,True,17,[72],Residential,1,1,2025-12-21 22:53:40.625587,Reason why most recent placement ended,6 months ago,1,['Trans Male'],True,True,921.21,True,Why the child left care entirely,0,Any additional context and comments about the child’s care history,3,including Mainstream,['Information Not Yet Obtained'],Residential,False,False,False,
14,Male,White – British,0,True,18,[29],Residential,2,1,2025-12-21 22:53:40.625587,Reason why most recent placement ended,6 months ago,1,['Trans Male'],True,True,553.86,False,Why the child left care entirely,5,Any additional context and comments about the child’s care history,15,including Mainstream,['Mixed - White/Black African'],Residential,False,False,True,
8,Trans Male,White – British,0,False,15,[63],Fostering - Respite,5,1,2025-12-21 22:53:40.625587,N/A,N/A,1,['Unknown'],True,True,467.9,True,N/A,7,N/A,11,including Mainstream,['Unknown'],Respite Foster,False,False,False,
7,Trans Female,White – British,0,False,15,[51],Special Guardianship,2,1,2025-12-21 22:53:40.625587,N/A,N/A,1,['Trans Female'],False,True,115.28,False,N/A,0,N/A,12,including Mainstream,['Mixed - White/Asian'],Special Guardianship,False,False,False,
16,Trans Female,Asian/British Asian – Other,0,False,18,[30],Fostering - Short Term,0,1,2025-12-21 22:53:40.625587,N/A,N/A,1,['Non binary'],True,True,909.22,True,N/A,4,N/A,17,including Mainstream,['Dual Heritage - Black/White'],Short Term Foster,True,True,False,
4,Female,Asian/British Asian – Pakistani,0,True,8,[52],Fostering - Long Term,5,1,2025-12-21 22:53:40.625587,Reason why most recent placement ended,6 months ago,1,['Unspecified'],True,True,623.62,False,Why the child left care entirely,2,Any additional context and comments about the child’s care history,1,including Mainstream,['White - Eastern European'],Long Term Foster,False,False,False,
0,Trans Female,Asian/British Asian – Pakistani,0,True,7,[72],Fostering - Long Term,2,1,2025-12-21 22:53:40.625587,Reason why most recent placement ended,6 months ago,1,['NULL'],True,False,138.39,True,Why the child left care entirely,4,Any additional context and comments about the child’s care history,8,including Mainstream,['Asian/British Asian – Chinese'],Long Term Foster,False,False,False,
12,Male,White – British,0,True,15,[28],Fostering - Emergency,2,1,2025-12-21 22:53:40.625587,Reason why most recent placement ended,6 months ago,1,['Unspecified'],True,True,216.13,False,Why the child left care entirely,2,Any additional context and comments about the child’s care history,5,including Mainstream,['Mixed - White/Asian'],Emergency Foster,False,True,False,
7,Trans Female,White – British,0,True,11,[44],Kinship,2,1,2025-12-21 22:53:40.625587,Reason why most recent placement ended,6 months ago,1,['Female'],True,True,693.18,False,Why the child left care entirely,3,Any additional context and comments about the child’s care history,6,including Mainstream,['Mixed - White/Black Caribbean'],Kinship,True,False,False,
14,Female,White - Eastern European,0,True,16,[45],Fostering - Respite,2,1,2025-12-21 22:53:40.625587,Reason why most recent placement ended,6 months ago,1,['Unknown'],True,False,831.74,False,Why the child left care entirely,2,Any additional context and comments about the child’s care history,0,including Mainstream,['Dual Heritage - Black/White'],Respite Foster,False,False,False,
9,Non binary,Asian/British Asian – Pakistani,0,False,16,[33],Fostering - Respite,3,1,2025-12-21 22:53:40.625587,N/A,N/A,1,['Male'],True,False,446.33,False,N/A,3,N/A,17,including Mainstream,['Asian/British Asian – Indian'],Respite Foster,True,False,True,
10,Male,White – British,0,False,17,[54],Kinship,4,1,2025-12-21 22:53:40.625587,N/A,N/A,1,['Non binary'],True,False,195.72,True,N/A,6,N/A,12,including Mainstream,['Asian/British Asian – Indian'],Kinship,True,False,False,
1,Male,Asian/British Asian – Pakistani,0,False,9,[28],Residential,4,1,2025-12-21 22:53:40.625587,N/A,N/A,1,['Non binary'],True,True,504.79,True,N/A,5,N/A,16,including Mainstream,['White - Eastern European'],Residential,False,False,False,
5,Male,Asian/British Asian – Pakistani,0,True,8,[25],Kinship,5,1,2025-12-21 22:53:40.625587,Reason why most recent placement ended,6 months ago,1,['NULL'],True,True,962.78,False,Why the child left care entirely,7,Any additional context and comments about the child’s care history,8,including Mainstream,['Mixed - White/Asian'],Kinship,False,False,False,
4,Non binary,Black/Black British – Other,0,True,17,[48],Fostering - Emergency,3,1,2025-12-21 22:53:40.625587,Reason why most recent placement ended,6 months ago,1,['Unspecified'],True,False,418.46,False,Why the child left care entirely,6,Any additional context and comments about the child’s care history,3,including Mainstream,['NULL'],Emergency Foster,False,False,False,
11,Female,White – British,0,False,14,[39],Fostering - Respite,0,1,2025-12-21 22:53:40.625587,N/A,N/A,1,['Indeterminate'],False,False,601.37,False,N/A,1,N/A,5,including Mainstream,['Asian/British Asian – Bangladeshi'],Respite Foster,False,False,False,
12,Female,Asian/British Asian – Bangladeshi,0,True,16,[51],Residential,2,1,2025-12-21 22:53:40.625587,Reason why most recent placement ended,6 months ago,1,['Unspecified'],True,True,446.48,False,Why the child left care entirely,7,Any additional context and comments about the child’s care history,17,including Mainstream,['Gypsy'],Residential,False,False,False,
0,Female,White – British,0,True,8,[36],Fostering - Respite,1,1,2025-12-21 22:53:40.625587,Reason why most recent placement ended,6 months ago,1,['Trans Female'],True,False,887.22,False,Why the child left care entirely,6,Any additional context and comments about the child’s care history,15,including Mainstream,['Black/Black British – Caribbean'],Respite Foster,False,False,True,
2,Female,Asian/British Asian – Pakistani,0,True,8,[74],Residential,0,1,2025-12-21 22:53:40.625587,Reason why most recent placement ended,6 months ago,1,['Unspecified'],True,True,818.09,False,Why the child left care entirely,8,Any additional context and comments about the child’s care history,16,including Mainstream,['Mixed - White/Black Caribbean'],Residential,False,False,False,
17,Trans Female,White – British,0,True,18,[72],Fostering - Long Term,5,1,2025-12-21 22:53:40.625587,Reason why most recent placement ended,6 months ago,1,['Male'],False,False,543.66,True,Why the child left care entirely,0,Any additional context and comments about the child’s care history,1,including Mainstream,['Other Ethnic Group'],Long Term Foster,False,False,False,
14,Female,Asian/British Asian – Pakistani,0,True,17,[31],Fostering - Emergency,0,1,2025-12-21 22:53:40.625587,Reason why most recent placement ended,6 months ago,1,['Unspecified'],True,True,718.68,False,Why the child left care entirely,2,Any additional context and comments about the child’s care history,2,including Mainstream,['White - Eastern European'],Emergency Foster,False,False,False,
17,Male,Asian/British Asian – Pakistani,0,False,18,[31],Fostering - Emergency,2,1,2025-12-21 22:53:40.625587,N/A,N/A,1,['Male'],True,False,740.79,False,N/A,4,N/A,2,including Mainstream,['Gypsy / Roma'],Emergency Foster,False,False,False,
12,Female,White – British,0,True,16,[56],Fostering - Respite,5,1,2025-12-21 22:53:40.625587,Reason why most recent placement ended,6 months ago,1,['Male'],True,False,710.95,True,Why the child left care entirely,0,Any additional context and comments about the child’s care history,6,including Mainstream,['Gypsy'],Respite Foster,True,False,False,
15,Female,White – British,0,False,16,[41],Adoption,4,1,2025-12-21 22:53:40.625587,N/A,N/A,1,['Female'],True,False,345.75,True,N/A,6,N/A,11,including Mainstream,['Black/Black British – Other'],Adoption,False,False,False,
15,Trans Male,Asian/British Asian – Indian,0,False,17,[61],Fostering - Emergency,3,1,2025-12-21 22:53:40.625587,N/A,N/A,1,['Trans Male'],True,True,435.85,False,N/A,7,N/A,8,including Mainstream,['Unknown'],Emergency Foster,False,False,False,
3,Male,Asian/British Asian – Pakistani,0,True,15,[53],Fostering - Long Term,2,1,2025-12-21 22:53:40.625587,Reason why most recent placement ended,6 months ago,1,['Female'],True,False,108.91,True,Why the child left care entirely,1,Any additional context and comments about the child’s care history,7,including Mainstream,['Mixed – Other'],Long Term Foster,False,False,False,
4,Male,White – Other,0,True,11,[40],Fostering - Long Term,5,1,2025-12-21 22:53:40.625587,Reason why most recent placement ended,6 months ago,1,['Indeterminate'],True,True,472.26,True,Why the child left care entirely,3,Any additional context and comments about the child’s care history,6,including Mainstream,['Information Not Yet Obtained'],Long Term Foster,False,False,False,
4,Female,White – British,0,True,5,[25],Residential,5,1,2025-12-21 22:53:40.625587,Reason why most recent placement ended,6 months ago,1,['Unborn'],True,True,502.98,True,Why the child left care entirely,5,Any additional context and comments about the child’s care history,4,including Mainstream,['White - Central European'],Residential,False,False,False,
13,Male,White – British,0,True,15,[51],Kinship,1,1,2025-12-21 22:53:40.625587,Reason why most recent placement ended,6 months ago,1,['Trans Female'],True,True,371.91,False,Why the child left care entirely,8,Any additional context and comments about the child’s care history,6,including Mainstream,['Black/Black British – African'],Kinship,False,False,False,
7,Trans Male,White – British,0,False,17,[52],Fostering - Short Term,2,1,2025-12-21 22:53:40.625587,N/A,N/A,1,['Unknown'],True,True,636.33,True,N/A,7,N/A,12,including Mainstream,['White - Central European'],Short Term Foster,True,False,False,
12,Male,White – Other,0,True,13,[32],Adoption,2,1,2025-12-21 22:53:40.625587,Reason why most recent placement ended,6 months ago,1,['Trans Male'],True,True,162.87,True,Why the child left care entirely,6,Any additional context and comments about the child’s care history,3,including Mainstream,['Unknown'],Adoption,True,False,False,
12,Male,Asian/British Asian – Pakistani,0,True,18,[35],Fostering - Long Term,5,1,2025-12-21 22:53:40.625587,Reason why most recent placement ended,6 months ago,1,['Unspecified'],True,False,908.14,True,Why the child left care entirely,5,Any additional context and comments about the child’s care history,4,including Mainstream,['Other Ethnic Group'],Long Term Foster,False,False,False,
8,Male,Asian/British Asian – Pakistani,0,False,10,[42],Fostering - Short Term,2,1,2025-12-21 22:53:40.625587,N/A,N/A,1,['Indeterminate'],True,True,39.55,True,N/A,7,N/A,11,including Mainstream,['White – British'],Short Term Foster,False,False,False,
4,Trans Male,White - Central European,0,True,11,[32],Residential,3,1,2025-12-21 22:53:40.625587,Reason why most recent placement ended,6 months ago,1,['Indeterminate'],True,True,588.97,False,Why the child left care entirely,1,Any additional context and comments about the child’s care history,16,including Mainstream,['White – British'],Residential,True,False,False,
0,Trans Female,White – British,0,True,13,[50],Special Guardianship,1,1,2025-12-21 22:53:40.625587,Reason why most recent placement ended,6 months ago,1,['Unborn'],True,False,30.92,False,Why the child left care entirely,5,Any additional context and comments about the child’s care history,16,including Mainstream,['White - Eastern European'],Special Guardianship,True,False,False,
7,Trans Female,White – British,0,False,8,[52],Fostering - Respite,0,1,2025-12-21 22:53:40.625587,N/A,N/A,1,['Female'],True,False,760.68,True,N/A,3,N/A,11,including Mainstream,['Dual Heritage - Black/White'],Respite Foster,True,False,False,
13,Female,White – British,0,False,16,[44],Residential,1,1,2025-12-21 22:53:40.625587,N/A,N/A,1,['Female'],True,True,565.6,False,N/A,4,N/A,3,including Mainstream,['White – Other'],Residential,False,True,False,
7,Male,White – British,0,False,12,[28],Kinship,3,1,2025-12-21 22:53:40.625587,N/A,N/A,1,['Trans Male'],False,False,441.87,False,N/A,0,N/A,1,including Mainstream,['Asian/British Asian – Pakistani'],Kinship,False,False,False,
13,Male,White - Central European,0,True,14,[38],Special Guardianship,2,1,2025-12-21 22:53:40.625587,Reason why most recent placement ended,6 months ago,1,['Male'],True,False,274.02,True,Why the child left care entirely,5,Any additional context and comments about the child’s care history,12,including Mainstream,['Roma'],Special Guardianship,False,False,False,
10,Female,White – British,0,True,17,[33],Special Guardianship,1,1,2025-12-21 22:53:40.625587,Reason why most recent placement ended,6 months ago,1,['Female'],True,True,339.36,False,Why the child left care entirely,0,Any additional context and comments about the child’s care history,2,including Mainstream,['Asian/British Asian – Chinese'],Special Guardianship,False,False,False,
8,Female,White – Other,0,False,15,[36],Fostering - Long Term,2,1,2025-12-21 22:53:40.625587,N/A,N/A,1,['Indeterminate'],False,True,173.54,True,N/A,0,N/A,4,including Mainstream,['Mixed - White/Asian'],Long Term Foster,False,False,False,
4,Female,White – British,0,True,11,[44],Fostering - Long Term,5,1,2025-12-21 22:53:40.625587,Reason why most recent placement ended,6 months ago,1,['Female'],True,False,69.8,False,Why the child left care entirely,2,Any additional context and comments about the child’s care history,12,including Mainstream,['White – Other'],Long Term Foster,False,True,False,
10,Male,Asian/British Asian – Indian,0,False,12,[73],Fostering - Long Term,5,1,2025-12-21 22:53:40.625587,N/A,N/A,1,['Indeterminate'],True,True,126.06,False,N/A,3,N/A,10,including Mainstream,['Unknown'],Long Term Foster,False,False,False,
3,Trans Female,Asian/British Asian – Bangladeshi,0,False,15,[57],Residential,5,1,2025-12-21 22:53:40.625587,N/A,N/A,1,['Female'],True,True,476.61,False,N/A,5,N/A,1,including Mainstream,['Asian/British Asian – Other'],Residential,False,True,False,
6,Female,Asian/British Asian – Indian,0,True,18,[41],Kinship,3,1,2025-12-21 22:53:40.625587,Reason why most recent placement ended,6 months ago,1,['Unknown'],True,False,619.6,False,Why the child left care entirely,7,Any additional context and comments about the child’s care history,9,including Mainstream,['Asian/British Asian – Other'],Kinship,True,False,False,
13,Female,White – British,0,True,14,[66],Residential,5,1,2025-12-21 22:53:40.625587,Reason why most recent placement ended,6 months ago,1,['Non binary'],True,False,557.98,False,Why the child left care entirely,0,Any additional context and comments about the child’s care history,3,including Mainstream,['Black/Black British – Other'],Residential,False,False,False,
4,Male,White – British,0,True,13,[28],Fostering - Short Term,2,1,2025-12-21 22:53:40.625587,Reason why most recent placement ended,6 months ago,1,['Trans Female'],True,True,690.27,False,Why the child left care entirely,4,Any additional context and comments about the child’s care history,10,including Mainstream,['White – Irish'],Short Term Foster,False,False,False,
13,Male,White – British,0,False,17,[31],Fostering - Long Term,4,1,2025-12-21 22:53:40.625587,N/A,N/A,1,['Trans Female'],True,False,77.47,False,N/A,4,N/A,6,including Mainstream,['Black/Black British – Caribbean'],Long Term Foster,False,False,False,
9,Trans Male,White – British,0,True,18,[65],Fostering - Emergency,4,1,2025-12-21 22:53:40.625587,Reason why most recent placement ended,6 months ago,1,['NULL'],True,False,745.38,False,Why the child left care entirely,8,Any additional context and comments about the child’s care history,11,including Mainstream,['Mixed – Other'],Emergency Foster,False,False,True,
11,Female,Asian/British Asian – Pakistani,0,False,13,[62],Fostering - Emergency,4,1,2025-12-21 22:53:40.625587,N/A,N/A,1,['Trans Male'],True,True,490.69,False,N/A,8,N/A,16,including Mainstream,['Mixed - White/Asian'],Emergency Foster,True,False,True,
15,Trans Female,White – British,0,True,16,[54],Special Guardianship,5,1,2025-12-21 22:53:40.625587,Reason why most recent placement ended,6 months ago,1,['Trans Male'],False,False,509.74,False,Why the child left care entirely,0,Any additional context and comments about the child’s care history,15,including Mainstream,['Roma'],Special Guardianship,True,False,True,
7,Female,Asian/British Asian – Pakistani,0,True,15,[36],Fostering - Long Term,0,1,2025-12-21 22:53:40.625587,Reason why most recent placement ended,6 months ago,1,['Unspecified'],True,False,154.93,False,Why the child left care entirely,0,Any additional context and comments about the child’s care history,13,including Mainstream,['White – British'],Long Term Foster,False,False,False,
15,Trans Male,White – British,0,False,18,[65],Fostering - Emergency,4,1,2025-12-21 22:53:40.625587,N/A,N/A,1,['Trans Male'],True,True,975.7,False,N/A,6,N/A,15,including Mainstream,['Mixed - White/Black Caribbean'],Emergency Foster,False,False,False,
0,Male,Asian/British Asian – Other,0,False,10,[45],Fostering - Emergency,1,1,2025-12-21 22:53:40.625587,N/A,N/A,1,['Indeterminate'],False,False,605.83,False,N/A,0,N/A,8,including Mainstream,['Black/Black British – Other'],Emergency Foster,False,False,True,
15,Male,Asian/British Asian – Pakistani,0,True,18,[51],Adoption,3,1,2025-12-21 22:53:40.625587,Reason why most recent placement ended,6 months ago,1,['Unspecified'],True,False,137.47,False,Why the child left care entirely,3,Any additional context and comments about the child’s care history,11,including Mainstream,['Unknown'],Adoption,False,False,False,
3,Female,Asian/British Asian – Pakistani,0,False,16,[33],Fostering - Long Term,2,1,2025-12-21 22:53:40.625587,N/A,N/A,1,['Trans Male'],True,True,648.92,True,N/A,8,N/A,6,including Mainstream,['Roma'],Long Term Foster,False,False,False,
14,Female,White – British,0,False,16,[68],Fostering - Long Term,3,1,2025-12-21 22:53:40.625587,N/A,N/A,1,['Female'],True,True,333.66,False,N/A,2,N/A,7,including Mainstream,['White – Other'],Long Term Foster,False,True,False,
3,Male,Asian/British Asian – Pakistani,0,False,11,[49],Adoption,3,1,2025-12-21 22:53:40.625587,N/A,N/A,1,['Male'],True,False,527.55,False,N/A,4,N/A,16,including Mainstream,['Asian/British Asian – Pakistani'],Adoption,False,False,False,
9,Trans Male,Asian/British Asian – Pakistani,0,False,14,[66],Fostering - Respite,5,1,2025-12-21 22:53:40.625587,N/A,N/A,1,['Unborn'],True,False,610.04,False,N/A,7,N/A,7,including Mainstream,['Refused'],Respite Foster,False,False,False,
16,Male,White – British,0,False,18,[41],Adoption,1,1,2025-12-21 22:53:40.625587,N/A,N/A,1,['Male'],False,False,789.2,True,N/A,1,N/A,17,including Mainstream,['Gypsy'],Adoption,True,False,False,
7,Female,White – British,0,True,18,[39],Fostering - Respite,2,1,2025-12-21 22:53:40.625587,Reason why most recent placement ended,6 months ago,1,['Indeterminate'],True,False,729.01,False,Why the child left care entirely,2,Any additional context and comments about the child’s care history,17,including Mainstream,['Black/Black British – Caribbean'],Respite Foster,True,False,False,
7,Female,White – British,0,False,9,[32],Kinship,1,1,2025-12-21 22:53:40.625587,N/A,N/A,1,['Trans Male'],True,False,514.69,True,N/A,5,N/A,14,including Mainstream,['White – Other'],Kinship,False,False,False,
12,Male,White – British,0,True,14,[40],Adoption,1,1,2025-12-21 22:53:40.625587,Reason why most recent placement ended,6 months ago,1,['Non binary'],False,True,268.34,False,Why the child left care entirely,1,Any additional context and comments about the child’s care history,5,including Mainstream,['White – Other'],Adoption,False,False,False,
15,Trans Female,White – British,0,False,16,[54],Adoption,3,1,2025-12-21 22:53:40.625587,N/A,N/A,1,['NULL'],True,False,409.0,False,N/A,8,N/A,13,including Mainstream,['White - Eastern European'],Adoption,True,False,False,
11,Trans Male,White – British,0,False,13,[25],Adoption,0,1,2025-12-21 22:53:40.625587,N/A,N/A,1,['Unknown'],True,False,615.38,False,N/A,1,N/A,9,including Mainstream,['White – Other'],Adoption,False,False,False,
13,Male,Asian/British Asian – Pakistani,0,True,17,[71],Fostering - Emergency,0,1,2025-12-21 22:53:40.625587,Reason why most recent placement ended,6 months ago,1,['Indeterminate'],True,True,419.58,True,Why the child left care entirely,3,Any additional context and comments about the child’s care history,16,including Mainstream,['NULL'],Emergency Foster,False,True,False,
16,Non binary,White – British,0,False,17,[73],Fostering - Respite,1,1,2025-12-21 22:53:40.625587,N/A,N/A,1,['Unspecified'],True,True,821.1,True,N/A,5,N/A,0,including Mainstream,['Traveller – Other'],Respite Foster,False,False,False,
6,Female,White – British,0,True,9,[45],Special Guardianship,2,1,2025-12-21 22:53:40.625587,Reason why most recent placement ended,6 months ago,1,['Non binary'],False,False,481.93,True,Why the child left care entirely,1,Any additional context and comments about the child’s care history,15,including Mainstream,['Asian/British Asian – Chinese'],Special Guardianship,True,False,False,
8,Trans Female,White - Central European,0,True,16,[65],Special Guardianship,2,1,2025-12-21 22:53:40.625587,Reason why most recent placement ended,6 months ago,1,['Trans Male'],True,False,505.15,True,Why the child left care entirely,8,Any additional context and comments about the child’s care history,4,including Mainstream,['Traveller – Other'],Special Guardianship,False,False,False,
13,Male,Asian/British Asian – Indian,0,True,14,[62],Kinship,3,1,2025-12-21 22:53:40.625587,Reason why most recent placement ended,6 months ago,1,['NULL'],False,False,244.96,True,Why the child left care entirely,0,Any additional context and comments about the child’s care history,5,including Mainstream,['Mixed - White/Black African'],Kinship,True,False,False,
15,Female,White – British,0,True,16,[30],Residential,3,1,2025-12-21 22:53:40.625587,Reason why most recent placement ended,6 months ago,1,['Indeterminate'],True,True,68.19,True,Why the child left care entirely,4,Any additional context and comments about the child’s care history,0,including Mainstream,['Other Ethnic Group'],Residential,True,False,False,
11,Non binary,White - Eastern European,0,True,13,[27],Fostering - Short Term,2,1,2025-12-21 22:53:40.625587,Reason why most recent placement ended,6 months ago,1,['Unborn'],True,True,247.61,False,Why the child left care entirely,6,Any additional context and comments about the child’s care history,2,including Mainstream,['Asian/British Asian – Indian'],Short Term Foster,True,True,False,
14,Male,Asian/British Asian – Pakistani,0,True,16,[30],Fostering - Long Term,4,1,2025-12-21 22:53:40.625587,Reason why most recent placement ended,6 months ago,1,['Non binary'],True,False,109.05,False,Why the child left care entirely,8,Any additional context and comments about the child’s care history,4,including Mainstream,['Black/Black British – Caribbean'],Long Term Foster,False,False,False,
0,Non binary,Asian/British Asian – Pakistani,0,True,2,[67],Fostering - Emergency,1,1,2025-12-21 22:53:40.625587,Reason why most recent placement ended,6 months ago,1,['Trans Female'],False,True,276.28,False,Why the child left care entirely,0,Any additional context and comments about the child’s care history,17,including Mainstream,['Mixed - White/Black African'],Emergency Foster,False,False,False,
5,Trans Female,White – British,0,True,10,[27],Fostering - Respite,0,1,2025-12-21 22:53:40.625587,Reason why most recent placement ended,6 months ago,1,['Trans Male'],False,True,676.36,True,Why the child left care entirely,0,Any additional context and comments about the child’s care history,17,including Mainstream,['Asian/British Asian – Chinese'],Respite Foster,False,False,False,
8,Male,White – British,0,True,13,[51],Fostering - Emergency,3,1,2025-12-21 22:53:40.625587,Reason why most recent placement ended,6 months ago,1,['Non binary'],False,False,906.8,True,Why the child left care entirely,0,Any additional context and comments about the child’s care history,0,including Mainstream,['Asian/British Asian – Bangladeshi'],Emergency Foster,False,False,False,
15,Non binary,White – British,0,False,17,[57],Special Guardianship,1,1,2025-12-21 22:53:40.625587,N/A,N/A,1,['Trans Female'],True,False,865.93,False,N/A,6,N/A,5,including Mainstream,['White - Central European'],Special Guardianship,False,True,False,
0,Male,Asian/British Asian – Pakistani,0,True,15,[26],Adoption,4,1,2025-12-21 22:53:40.625587,Reason why most recent placement ended,6 months ago,1,['Unknown'],True,False,606.82,True,Why the child left care entirely,6,Any additional context and comments about the child’s care history,10,including Mainstream,['Asian/British Asian – Chinese'],Adoption,True,False,False,
0,Male,White – British,0,True,2,[45],Adoption,3,1,2025-12-21 22:53:40.625587,Reason why most recent placement ended,6 months ago,1,['Female'],True,False,350.56,False,Why the child left care entirely,8,Any additional context and comments about the child’s care history,13,including Mainstream,['Information Not Yet Obtained'],Adoption,False,False,False,
0,Non binary,White - Central European,0,True,9,[55],Special Guardianship,2,1,2025-12-21 22:53:40.625587,Reason why most recent placement ended,6 months ago,1,['Trans Female'],True,False,783.2,True,Why the child left care entirely,7,Any additional context and comments about the child’s care history,14,including Mainstream,['Unknown'],Special Guardianship,True,False,False,
17,Non binary,White – British,0,True,18,[45],Special Guardianship,4,1,2025-12-21 22:53:40.625587,Reason why most recent placement ended,6 months ago,1,['Female'],True,True,341.05,True,Why the child left care entirely,4,Any additional context and comments about the child’s care history,16,including Mainstream,['Unknown'],Special Guardianship,True,False,False,
8,Female,Asian/British Asian – Indian,0,True,16,[30],Kinship,1,1,2025-12-21 22:53:40.625587,Reason why most recent placement ended,6 months ago,1,['Non binary'],True,True,410.46,True,Why the child left care entirely,0,Any additional context and comments about the child’s care history,10,including Mainstream,['White – British'],Kinship,True,False,False,
1,Female,White – British,0,False,6,[74],Fostering - Respite,2,1,2025-12-21 22:53:40.625587,N/A,N/A,1,['Male'],False,False,261.27,False,N/A,1,N/A,0,including Mainstream,['Black/Black British – Caribbean'],Respite Foster,False,False,False,
11,Male,White – British,0,False,17,[45],Fostering - Short Term,5,1,2025-12-21 22:53:40.625587,N/A,N/A,1,['Trans Male'],True,False,115.28,True,N/A,8,N/A,17,including Mainstream,['Black/Black British – African'],Short Term Foster,True,False,False,
11,Female,Asian/British Asian – Pakistani,0,False,15,[55],Fostering - Short Term,2,1,2025-12-21 22:53:40.625587,N/A,N/A,1,['Unspecified'],True,True,31.73,False,N/A,2,N/A,12,including Mainstream,['Mixed - White/Black Caribbean'],Short Term Foster,False,True,False,
6,Female,Other Ethnic Group,0,True,12,[63],Fostering - Respite,0,1,2025-12-21 22:53:40.625587,Reason why most recent placement ended,6 months ago,1,['Unborn'],False,False,827.16,True,Why the child left care entirely,1,Any additional context and comments about the child’s care history,0,including Mainstream,['NULL'],Respite Foster,False,False,False,
12,Non binary,Asian/British Asian – Pakistani,0,True,14,[74],Special Guardianship,3,1,2025-12-21 22:53:40.625587,Reason why most recent placement ended,6 months ago,1,['Male'],True,False,719.26,False,Why the child left care entirely,7,Any additional context and comments about the child’s care history,11,including Mainstream,['Other Ethnic Group'],Special Guardianship,False,False,False,
12,Female,Asian/British Asian – Pakistani,0,True,17,[36],Fostering - Respite,0,1,2025-12-21 22:53:40.625587,Reason why most recent placement ended,6 months ago,1,['Trans Female'],True,False,587.12,False,Why the child left care entirely,4,Any additional context and comments about the child’s care history,7,including Mainstream,['White - Central European'],Respite Foster,False,False,False,
10,Female,Black/Black British – African,0,True,12,[58],Fostering - Short Term,1,1,2025-12-21 22:53:40.625587,Reason why most recent placement ended,6 months ago,1,['Trans Male'],False,True,659.43,False,Why the child left care entirely,0,Any additional context and comments about the child’s care history,12,including Mainstream,['White – Irish'],Short Term Foster,False,False,False,
17,Male,White – British,0,True,18,[43],Adoption,4,1,2025-12-21 22:53:40.625587,Reason why most recent placement ended,6 months ago,1,['Male'],True,False,132.99,False,Why the child left care entirely,6,Any additional context and comments about the child’s care history,6,including Mainstream,['White – Other'],Adoption,True,False,False,
3,Female,Mixed – Other,0,False,13,[39],Kinship,3,1,2025-12-21 22:53:40.625587,N/A,N/A,1,['NULL'],True,False,184.7,False,N/A,6,N/A,0,including Mainstream,['Asian/British Asian – Bangladeshi'],Kinship,False,False,False,
4,Female,White – British,0,True,11,[25],Kinship,4,1,2025-12-21 22:53:40.625587,Reason why most recent placement ended,6 months ago,1,['Trans Male'],True,True,872.04,True,Why the child left care entirely,5,Any additional context and comments about the child’s care history,4,including Mainstream,['Mixed – Other'],Kinship,True,True,False,
4,Trans Female,White – British,0,False,9,[44],Fostering - Emergency,1,1,2025-12-21 22:53:40.625587,N/A,N/A,1,['Indeterminate'],True,False,262.36,False,N/A,2,N/A,5,including Mainstream,['Black/Black British – African'],Emergency Foster,True,False,False,
16,Female,White – British,0,True,17,[27],Residential,3,1,2025-12-21 22:53:40.625587,Reason why most recent placement ended,6 months ago,1,['Unspecified'],False,False,574.07,True,Why the child left care entirely,1,Any additional context and comments about the child’s care history,2,including Mainstream,['Asian/British Asian – Indian'],Residential,False,False,False,
12,Female,Asian/British Asian – Pakistani,0,False,13,[69],Fostering - Short Term,0,1,2025-12-21 22:53:40.625587,N/A,N/A,1,['Female'],False,True,828.22,False,N/A,0,N/A,15,including Mainstream,['Traveller – Other'],Short Term Foster,True,False,False,
10,Female,White – British,0,True,13,[48],Adoption,3,1,2025-12-21 22:53:40.625587,Reason why most recent placement ended,6 months ago,1,['Trans Male'],True,False,577.98,False,Why the child left care entirely,7,Any additional context and comments about the child’s care history,8,including Mainstream,['Mixed - White/Asian'],Adoption,False,False,False,
0,Female,Asian/British Asian – Pakistani,0,True,1,[34],Kinship,2,1,2025-12-21 22:53:40.625587,Reason why most recent placement ended,6 months ago,1,['Indeterminate'],True,True,847.83,True,Why the child left care entirely,4,Any additional context and comments about the child’s care history,6,including Mainstream,['Roma'],Kinship,True,False,False,
8,Male,Asian/British Asian – Pakistani,0,False,13,[60],Fostering - Short Term,1,1,2025-12-21 22:53:40.625587,N/A,N/A,1,['Non binary'],True,True,56.67,True,N/A,4,N/A,16,including Mainstream,['Black/Black British – Caribbean'],Short Term Foster,True,False,False,
5,Male,Asian/British Asian – Pakistani,0,False,14,[39],Fostering - Emergency,2,1,2025-12-21 22:53:40.625587,N/A,N/A,1,['NULL'],True,True,140.32,False,N/A,6,N/A,4,including Mainstream,['Gypsy'],Emergency Foster,False,False,False,
12,Male,White – British,0,False,16,[62],Fostering - Respite,5,1,2025-12-21 22:53:40.625587,N/A,N/A,1,['Unspecified'],True,False,114.89,True,N/A,4,N/A,6,including Mainstream,['Dual Heritage - Black/White'],Respite Foster,True,True,True,
17,Trans Male,White – British,0,False,18,[62],Kinship,5,1,2025-12-21 22:53:40.625587,N/A,N/A,1,['Unspecified'],True,True,336.15,False,N/A,2,N/A,11,including Mainstream,['Asian/British Asian – Bangladeshi'],Kinship,False,True,False,
2,Trans Male,Asian/British Asian – Pakistani,0,False,16,[53],Residential,2,1,2025-12-21 22:53:40.625587,N/A,N/A,1,['Unspecified'],True,True,924.03,True,N/A,5,N/A,7,including Mainstream,['Traveller of Irish Heritage'],Residential,False,True,False,
17,Female,Asian/British Asian – Pakistani,0,False,18,[64],Special Guardianship,3,1,2025-12-21 22:53:40.625587,N/A,N/A,1,['Indeterminate'],True,True,147.58,False,N/A,7,N/A,7,including Mainstream,['White - Central European'],Special Guardianship,False,False,True,
8,Male,White – Other,0,False,10,[29],Adoption,3,1,2025-12-21 22:53:40.625587,N/A,N/A,1,['Female'],True,True,954.66,False,N/A,5,N/A,4,including Mainstream,['Asian/British Asian – Pakistani'],Adoption,False,True,False,
3,Trans Female,Asian/British Asian – Pakistani,0,True,16,[31],Kinship,2,1,2025-12-21 22:53:40.625587,Reason why most recent placement ended,6 months ago,1,['Non binary'],True,True,557.66,True,Why the child left care entirely,6,Any additional context and comments about the child’s care history,15,including Mainstream,['Asian/British Asian – Chinese'],Kinship,False,True,False,
13,Male,Asian/British Asian – Pakistani,0,False,17,[39],Fostering - Long Term,5,1,2025-12-21 22:53:40.625587,N/A,N/A,1,['Male'],True,True,211.43,True,N/A,8,N/A,9,including Mainstream,['Black/Black British – African'],Long Term Foster,True,False,False,
7,Female,White – British,0,True,15,[36],Residential,1,1,2025-12-21 22:53:40.625587,Reason why most recent placement ended,6 months ago,1,['Non binary'],True,False,662.45,True,Why the child left care entirely,0,Any additional context and comments about the child’s care history,11,including Mainstream,['White – Irish'],Residential,False,False,True,
7,Female,Asian/British Asian – Pakistani,0,True,9,[60],Special Guardianship,1,1,2025-12-21 22:53:40.625587,Reason why most recent placement ended,6 months ago,1,['Female'],True,False,426.75,True,Why the child left care entirely,6,Any additional context and comments about the child’s care history,8,including Mainstream,['Roma'],Special Guardianship,False,False,False,
13,Female,White – British,0,True,16,[51],Special Guardianship,0,1,2025-12-21 22:53:40.625587,Reason why most recent placement ended,6 months ago,1,['Non binary'],True,True,620.51,False,Why the child left care entirely,8,Any additional context and comments about the child’s care history,13,including Mainstream,['White – British'],Special Guardianship,False,True,False,
7,Non binary,Asian/British Asian – Pakistani,0,False,11,[72],Fostering - Short Term,5,1,2025-12-21 22:53:40.625587,N/A,N/A,1,['NULL'],True,False,243.1,True,N/A,2,N/A,12,including Mainstream,['Mixed - White/Black African'],Short Term Foster,False,False,True,
3,Non binary,White – British,0,False,16,[48],Adoption,1,1,2025-12-21 22:53:40.625587,N/A,N/A,1,['Trans Male'],True,True,416.11,True,N/A,3,N/A,14,including Mainstream,['White – Other'],Adoption,True,False,True,
4,Male,White – British,0,False,6,[65],Fostering - Respite,3,1,2025-12-21 22:53:40.625587,N/A,N/A,1,['Unborn'],True,True,627.26,True,N/A,5,N/A,13,including Mainstream,['Mixed - White/Black Caribbean'],Respite Foster,False,True,False,
14,Male,White – British,0,True,17,[63],Adoption,1,1,2025-12-21 22:53:40.625587,Reason why most recent placement ended,6 months ago,1,['Unknown'],True,True,604.53,False,Why the child left care entirely,3,Any additional context and comments about the child’s care history,2,including Mainstream,['NULL'],Adoption,True,False,False,
10,Male,White – British,0,True,15,[38],Kinship,4,1,2025-12-21 22:53:40.625587,Reason why most recent placement ended,6 months ago,1,['Trans Male'],True,False,238.88,False,Why the child left care entirely,5,Any additional context and comments about the child’s care history,3,including Mainstream,['Asian/British Asian – Pakistani'],Kinship,True,True,False,
13,Female,Asian/British Asian – Pakistani,0,True,15,[38],Fostering - Emergency,0,1,2025-12-21 22:53:40.625587,Reason why most recent placement ended,6 months ago,1,['Male'],True,True,880.26,True,Why the child left care entirely,4,Any additional context and comments about the child’s care history,7,including Mainstream,['Black/Black British – African'],Emergency Foster,False,False,False,
11,Male,White – British,0,True,18,[75],Residential,5,1,2025-12-21 22:53:40.625587,Reason why most recent placement ended,6 months ago,1,['Unspecified'],True,True,905.29,False,Why the child left care entirely,4,Any additional context and comments about the child’s care history,6,including Mainstream,['Refused'],Residential,True,True,False,
5,Female,Asian/British Asian – Pakistani,0,True,13,[32],Special Guardianship,3,1,2025-12-21 22:53:40.625587,Reason why most recent placement ended,6 months ago,1,['Unspecified'],True,True,10.92,False,Why the child left care entirely,5,Any additional context and comments about the child’s care history,10,including Mainstream,['Black/Black British – Caribbean'],Special Guardianship,False,False,False,
16,Male,Asian/British Asian – Pakistani,0,True,17,[53],Residential,2,1,2025-12-21 22:53:40.625587,Reason why most recent placement ended,6 months ago,1,['NULL'],False,True,908.81,False,Why the child left care entirely,0,Any additional context and comments about the child’s care history,5,including Mainstream,['NULL'],Residential,False,False,False,
0,Female,White – British,0,True,13,[42],Fostering - Short Term,3,1,2025-12-21 22:53:40.625587,Reason why most recent placement ended,6 months ago,1,['Trans Male'],True,False,536.36,True,Why the child left care entirely,5,Any additional context and comments about the child’s care history,1,including Mainstream,['NULL'],Short Term Foster,False,False,False,
15,Male,White – British,0,True,18,[68],Residential,2,1,2025-12-21 22:53:40.625587,Reason why most recent placement ended,6 months ago,1,['Trans Male'],True,True,252.02,False,Why the child left care entirely,0,Any additional context and comments about the child’s care history,5,including Mainstream,['Black/Black British – Other'],Residential,False,False,False,
2,Trans Male,White – British,0,True,3,[70],Fostering - Long Term,2,1,2025-12-21 22:53:40.625587,Reason why most recent placement ended,6 months ago,1,['Unspecified'],True,False,213.41,True,Why the child left care entirely,4,Any additional context and comments about the child’s care history,15,including Mainstream,['Dual Heritage - Black/White'],Long Term Foster,True,False,False,
17,Female,White – British,0,True,18,[71],Residential,1,1,2025-12-21 22:53:40.625587,Reason why most recent placement ended,6 months ago,1,['Male'],True,True,600.39,True,Why the child left care entirely,1,Any additional context and comments about the child’s care history,12,including Mainstream,['Asian/British Asian – Chinese'],Residential,True,False,False,
15,Trans Female,White – British,0,False,16,[56],Fostering - Long Term,2,1,2025-12-21 22:53:40.625587,N/A,N/A,1,['Non binary'],True,False,585.37,False,N/A,8,N/A,13,including Mainstream,['Black/Black British – Other'],Long Term Foster,False,True,False,
6,Male,Asian/British Asian – Bangladeshi,0,False,16,[44],Fostering - Short Term,3,1,2025-12-21 22:53:40.625587,N/A,N/A,1,['Male'],True,False,691.08,False,N/A,2,N/A,1,including Mainstream,['Dual Heritage - Black/White'],Short Term Foster,False,False,True,
4,Female,Asian/British Asian – Pakistani,0,False,12,[47],Adoption,4,1,2025-12-21 22:53:40.625587,N/A,N/A,1,['Unknown'],True,True,444.36,False,N/A,6,N/A,10,including Mainstream,['Black/Black British – Caribbean'],Adoption,False,False,True,
15,Male,White – British,0,False,16,[58],Fostering - Respite,1,1,2025-12-21 22:53:40.625587,N/A,N/A,1,['Unknown'],True,False,214.03,False,N/A,2,N/A,1,including Mainstream,['Asian/British Asian – Bangladeshi'],Respite Foster,True,False,False,
8,Female,White – British,0,True,18,[32],Special Guardianship,0,1,2025-12-21 22:53:40.625587,Reason why most recent placement ended,6 months ago,1,['Female'],True,False,482.76,False,Why the child left care entirely,5,Any additional context and comments about the child’s care history,1,including Mainstream,['Traveller of Irish Heritage'],Special Guardianship,True,False,False,
0,Male,White – British,0,False,15,[46],Fostering - Respite,4,1,2025-12-21 22:53:40.625587,N/A,N/A,1,['Indeterminate'],True,True,900.1,True,N/A,7,N/A,0,including Mainstream,['Mixed - White/Black Caribbean'],Respite Foster,False,False,False,
6,Trans Female,Asian/British Asian – Pakistani,0,True,16,[49],Fostering - Short Term,0,1,2025-12-21 22:53:40.625587,Reason why most recent placement ended,6 months ago,1,['Female'],True,False,708.25,False,Why the child left care entirely,6,Any additional context and comments about the child’s care history,2,including Mainstream,['Information Not Yet Obtained'],Short Term Foster,False,False,False,
0,Male,White – British,0,False,9,[68],Special Guardianship,1,1,2025-12-21 22:53:40.625587,N/A,N/A,1,['Unspecified'],True,True,57.19,True,N/A,2,N/A,16,including Mainstream,['Asian/British Asian – Pakistani'],Special Guardianship,False,True,False,
15,Male,White – British,0,True,17,[43],Fostering - Emergency,0,1,2025-12-21 22:53:40.625587,Reason why most recent placement ended,6 months ago,1,['Unborn'],True,True,461.26,False,Why the child left care entirely,3,Any additional context and comments about the child’s care history,15,including Mainstream,['Other Ethnic Group'],Emergency Foster,False,False,False,
11,Female,White – British,0,True,15,[27],Fostering - Long Term,4,1,2025-12-21 22:53:40.625587,Reason why most recent placement ended,6 months ago,1,['Male'],True,False,904.47,False,Why the child left care entirely,8,Any additional context and comments about the child’s care history,1,including Mainstream,['Gypsy / Roma'],Long Term Foster,False,False,False,
0,Male,Asian/British Asian – Pakistani,0,True,4,[45],Adoption,4,1,2025-12-21 22:53:40.625587,Reason why most recent placement ended,6 months ago,1,['NULL'],True,False,491.07,True,Why the child left care entirely,3,Any additional context and comments about the child’s care history,16,including Mainstream,['White – British'],Adoption,True,True,False,
16,Female,White – British,0,False,18,[26],Residential,4,1,2025-12-21 22:53:40.625587,N/A,N/A,1,['Unknown'],True,False,382.82,False,N/A,0,N/A,16,including Mainstream,['White - Central European'],Residential,False,False,False,
15,Male,Asian/British Asian – Pakistani,0,True,16,[53],Special Guardianship,1,1,2025-12-21 22:53:40.625587,Reason why most recent placement ended,6 months ago,1,['Male'],True,True,256.24,True,Why the child left care entirely,2,Any additional context and comments about the child’s care history,10,including Mainstream,['Black/Black British – Other'],Special Guardianship,True,False,True,
5,Male,White – British,0,True,9,[53],Fostering - Long Term,5,1,2025-12-21 22:53:40.625587,Reason why most recent placement ended,6 months ago,1,['Unborn'],True,False,281.25,True,Why the child left care entirely,7,Any additional context and comments about the child’s care history,5,including Mainstream,['Mixed - White/Asian'],Long Term Foster,False,True,False,
2,Female,Asian/British Asian – Pakistani,0,True,16,[42],Fostering - Long Term,4,1,2025-12-21 22:53:40.625587,Reason why most recent placement ended,6 months ago,1,['Unspecified'],False,False,959.95,False,Why the child left care entirely,1,Any additional context and comments about the child’s care history,14,including Mainstream,['Black/Black British – Other'],Long Term Foster,True,False,False,
0,Male,Asian/British Asian – Pakistani,0,False,18,[28],Kinship,4,1,2025-12-21 22:53:40.625587,N/A,N/A,1,['Unknown'],True,True,249.88,False,N/A,3,N/A,12,including Mainstream,['White – Other'],Kinship,False,False,False,
9,Male,White – British,0,True,10,[43],Special Guardianship,1,1,2025-12-21 22:53:40.625587,Reason why most recent placement ended,6 months ago,1,['Trans Female'],False,False,60.97,False,Why the child left care entirely,1,Any additional context and comments about the child’s care history,9,including Mainstream,['Dual Heritage - Black/White'],Special Guardianship,True,False,False,
0,Male,White – British,0,False,1,[34],Fostering - Short Term,2,1,2025-12-21 22:53:40.625587,N/A,N/A,1,['Non binary'],True,False,587.55,True,N/A,3,N/A,6,including Mainstream,['White – Other'],Short Term Foster,True,False,False,
2,Male,White – British,0,True,9,[74],Adoption,5,1,2025-12-21 22:53:40.625587,Reason why most recent placement ended,6 months ago,1,['Unborn'],True,False,872.47,False,Why the child left care entirely,6,Any additional context and comments about the child’s care history,16,including Mainstream,['Black/Black British – Other'],Adoption,False,True,False,
17,Male,White – British,0,True,18,[42],Residential,3,1,2025-12-21 22:53:40.625587,Reason why most recent placement ended,6 months ago,1,['Trans Male'],True,False,93.44,False,Why the child left care entirely,6,Any additional context and comments about the child’s care history,15,including Mainstream,['Mixed - White/Black African'],Residential,True,False,False,
16,Trans Male,White – British,0,True,17,[54],Fostering - Long Term,0,1,2025-12-21 22:53:40.625587,Reason why most recent placement ended,6 months ago,1,['NULL'],True,False,300.1,False,Why the child left care entirely,2,Any additional context and comments about the child’s care history,13,including Mainstream,['Mixed – Other'],Long Term Foster,False,False,False,
9,Trans Female,White – British,0,False,12,[64],Fostering - Respite,4,1,2025-12-21 22:53:40.625587,N/A,N/A,1,['Male'],False,False,630.6,False,N/A,0,N/A,1,including Mainstream,['Mixed - White/Asian'],Respite Foster,False,False,False,
0,Non binary,Asian/British Asian – Pakistani,0,True,13,[63],Fostering - Emergency,2,1,2025-12-21 22:53:40.625587,Reason why most recent placement ended,6 months ago,1,['Indeterminate'],True,False,184.67,True,Why the child left care entirely,6,Any additional context and comments about the child’s care history,2,including Mainstream,['Other Ethnic Group'],Emergency Foster,True,False,False,
2,Female,White – British,0,False,3,[71],Fostering - Respite,1,1,2025-12-21 22:53:40.625587,N/A,N/A,1,['Male'],True,False,640.35,False,N/A,6,N/A,13,including Mainstream,['Black/Black British – African'],Respite Foster,False,True,False,
16,Trans Male,Asian/British Asian – Indian,0,True,18,[74],Fostering - Short Term,5,1,2025-12-21 22:53:40.625587,Reason why most recent placement ended,6 months ago,1,['NULL'],True,True,779.37,False,Why the child left care entirely,4,Any additional context and comments about the child’s care history,12,including Mainstream,['Mixed – Other'],Short Term Foster,False,False,False,
13,Female,Asian/British Asian – Pakistani,0,True,15,[28],Fostering - Long Term,3,1,2025-12-21 22:53:40.625587,Reason why most recent placement ended,6 months ago,1,['Male'],True,False,371.35,True,Why the child left care entirely,8,Any additional context and comments about the child’s care history,12,including Mainstream,['Mixed - White/Black African'],Long Term Foster,True,True,False,
16,Trans Female,Asian/British Asian – Pakistani,0,False,17,[67],Residential,3,1,2025-12-21 22:53:40.625587,N/A,N/A,1,['Unborn'],True,False,77.38,False,N/A,8,N/A,1,including Mainstream,['Asian/British Asian – Other'],Residential,True,True,False,
4,Non binary,Asian/British Asian – Pakistani,0,False,9,[58],Special Guardianship,3,1,2025-12-21 22:53:40.625587,N/A,N/A,1,['NULL'],True,False,713.35,True,N/A,4,N/A,15,including Mainstream,['Other Ethnic Group'],Special Guardianship,True,False,False,
0,Female,White – British,0,False,11,[71],Residential,0,1,2025-12-21 22:53:40.625587,N/A,N/A,1,['Unknown'],True,False,237.02,True,N/A,7,N/A,1,including Mainstream,['Black/Black British – Caribbean'],Residential,False,False,False,
17,Male,White – British,0,True,18,[30],Fostering - Long Term,1,1,2025-12-21 22:53:40.625587,Reason why most recent placement ended,6 months ago,1,['Trans Male'],True,True,951.32,True,Why the child left care entirely,7,Any additional context and comments about the child’s care history,15,including Mainstream,['NULL'],Long Term Foster,False,False,False,
2,Male,White – British,0,False,17,[27],Fostering - Emergency,1,1,2025-12-21 22:53:40.625587,N/A,N/A,1,['Trans Male'],True,True,186.33,False,N/A,3,N/A,7,including Mainstream,['White – Other'],Emergency Foster,False,False,False,
5,Male,Asian/British Asian – Pakistani,0,False,10,[65],Fostering - Short Term,4,1,2025-12-21 22:53:40.625587,N/A,N/A,1,['Male'],True,True,166.68,True,N/A,6,N/A,13,including Mainstream,['Asian/British Asian – Bangladeshi'],Short Term Foster,False,False,False,
16,Female,White – British,0,False,18,[65],Fostering - Short Term,2,1,2025-12-21 22:53:40.625587,N/A,N/A,1,['Non binary'],False,True,558.52,False,N/A,1,N/A,2,including Mainstream,['Asian/British Asian – Pakistani'],Short Term Foster,True,False,False,
2,Trans Female,White - Central European,0,False,13,[26],Residential,4,1,2025-12-21 22:53:40.625587,N/A,N/A,1,['Trans Male'],True,True,179.67,False,N/A,4,N/A,1,including Mainstream,['Asian/British Asian – Indian'],Residential,False,True,False,
16,Female,White – British,0,False,18,[68],Special Guardianship,0,1,2025-12-21 22:53:40.625587,N/A,N/A,1,['Unspecified'],True,True,741.1,True,N/A,5,N/A,11,including Mainstream,['Mixed - White/Asian'],Special Guardianship,False,False,False,
1,Non binary,White – British,0,True,14,[40],Fostering - Short Term,4,1,2025-12-21 22:53:40.625587,Reason why most recent placement ended,6 months ago,1,['Female'],False,True,882.82,True,Why the child left care entirely,0,Any additional context and comments about the child’s care history,2,including Mainstream,['Other Ethnic Group'],Short Term Foster,False,False,False,
2,Female,White – British,0,True,18,[53],Residential,1,1,2025-12-21 22:53:40.625587,Reason why most recent placement ended,6 months ago,1,['Male'],True,True,427.25,False,Why the child left care entirely,6,Any additional context and comments about the child’s care history,13,including Mainstream,['Mixed – Other'],Residential,True,True,False,
6,Male,White – British,0,False,11,[49],Residential,0,1,2025-12-21 22:53:40.625587,N/A,N/A,1,['Trans Male'],False,False,52.86,False,N/A,0,N/A,9,including Mainstream,['NULL'],Residential,False,False,False,
7,Female,Asian/British Asian – Bangladeshi,0,True,11,[56],Fostering - Respite,0,1,2025-12-21 22:53:40.625587,Reason why most recent placement ended,6 months ago,1,['Unknown'],True,True,144.89,False,Why the child left care entirely,1,Any additional context and comments about the child’s care history,13,including Mainstream,['Traveller of Irish Heritage'],Respite Foster,False,False,True,
7,Non binary,Asian/British Asian – Pakistani,0,True,9,[26],Fostering - Emergency,2,1,2025-12-21 22:53:40.625587,Reason why most recent placement ended,6 months ago,1,['Indeterminate'],True,False,87.51,True,Why the child left care entirely,2,Any additional context and comments about the child’s care history,17,including Mainstream,['Asian/British Asian – Indian'],Emergency Foster,True,True,False,
15,Trans Female,Asian/British Asian – Pakistani,0,True,18,[46],Adoption,1,1,2025-12-21 22:53:40.625587,Reason why most recent placement ended,6 months ago,1,['NULL'],True,False,846.79,False,Why the child left care entirely,5,Any additional context and comments about the child’s care history,13,including Mainstream,['Dual Heritage - Black/White'],Adoption,True,False,True,
13,Female,White – British,0,False,16,[73],Fostering - Emergency,1,1,2025-12-21 22:53:40.625587,N/A,N/A,1,['Unborn'],True,False,672.7,False,N/A,2,N/A,1,including Mainstream,['White – British'],Emergency Foster,True,False,False,
6,Female,Asian/British Asian – Pakistani,0,False,10,[28],Fostering - Long Term,1,1,2025-12-21 22:53:40.625587,N/A,N/A,1,['Unknown'],False,False,712.82,True,N/A,0,N/A,9,including Mainstream,['Mixed - White/Asian'],Long Term Foster,False,False,True,
5,Male,White – British,0,True,11,[65],Adoption,3,1,2025-12-21 22:53:40.625587,Reason why most recent placement ended,6 months ago,1,['Trans Female'],True,False,192.1,True,Why the child left care entirely,2,Any additional context and comments about the child’s care history,13,including Mainstream,['Black/Black British – African'],Adoption,False,False,False,
4,Non binary,White – British,0,False,10,[60],Kinship,2,1,2025-12-21 22:53:40.625587,N/A,N/A,1,['NULL'],True,True,635.63,False,N/A,8,N/A,0,including Mainstream,['Mixed - White/Black Caribbean'],Kinship,True,False,False,
9,Male,White – British,0,True,13,[32],Special Guardianship,1,1,2025-12-21 22:53:40.625587,Reason why most recent placement ended,6 months ago,1,['Trans Male'],True,True,671.56,True,Why the child left care entirely,7,Any additional context and comments about the child’s care history,5,including Mainstream,['Other Ethnic Group'],Special Guardianship,False,False,False,
10,Male,White – British,0,True,16,[32],Adoption,5,1,2025-12-21 22:53:40.625587,Reason why most recent placement ended,6 months ago,1,['NULL'],True,False,88.08,False,Why the child left care entirely,2,Any additional context and comments about the child’s care history,8,including Mainstream,['Gypsy / Roma'],Adoption,False,False,False,
9,Trans Male,White – British,0,True,10,[69],Kinship,5,1,2025-12-21 22:53:40.625587,Reason why most recent placement ended,6 months ago,1,['Indeterminate'],True,False,461.24,False,Why the child left care entirely,4,Any additional context and comments about the child’s care history,9,including Mainstream,['Traveller of Irish Heritage'],Kinship,True,False,True,
10,Male,Asian/British Asian – Pakistani,0,False,11,[44],Residential,3,1,2025-12-21 22:53:40.625587,N/A,N/A,1,['Unborn'],True,False,638.17,False,N/A,2,N/A,1,including Mainstream,['Roma'],Residential,True,False,True,
11,Female,White – British,0,True,13,[64],Kinship,1,1,2025-12-21 22:53:40.625587,Reason why most recent placement ended,6 months ago,1,['Unknown'],True,True,176.59,True,Why the child left care entirely,7,Any additional context and comments about the child’s care history,10,including Mainstream,['Other Ethnic Group'],Kinship,False,True,False,
6,Female,White – Other,0,True,11,[34],Fostering - Short Term,2,1,2025-12-21 22:53:40.625587,Reason why most recent placement ended,6 months ago,1,['Non binary'],False,False,611.97,False,Why the child left care entirely,0,Any additional context and comments about the child’s care history,6,including Mainstream,['Asian/British Asian – Bangladeshi'],Short Term Foster,False,False,False,
0,Female,White - Central European,0,True,6,[34],Kinship,2,1,2025-12-21 22:53:40.625587,Reason why most recent placement ended,6 months ago,1,['Female'],True,True,468.17,True,Why the child left care entirely,1,Any additional context and comments about the child’s care history,17,including Mainstream,['White – British'],Kinship,False,False,False,
16,Trans Female,Asian/British Asian – Pakistani,0,False,18,[46],Fostering - Respite,3,1,2025-12-21 22:53:40.625587,N/A,N/A,1,['Trans Male'],True,False,317.08,False,N/A,1,N/A,2,including Mainstream,['Asian/British Asian – Pakistani'],Respite Foster,True,False,False,
0,Male,White - Eastern European,0,False,4,[38],Fostering - Long Term,4,1,2025-12-21 22:53:40.625587,N/A,N/A,1,['Female'],True,True,86.5,False,N/A,2,N/A,5,including Mainstream,['Mixed – Other'],Long Term Foster,False,False,False,
0,Male,Asian/British Asian – Indian,0,True,10,[73],Fostering - Short Term,1,1,2025-12-21 22:53:40.625587,Reason why most recent placement ended,6 months ago,1,['Trans Female'],True,False,289.88,False,Why the child left care entirely,6,Any additional context and comments about the child’s care history,14,including Mainstream,['White - Central European'],Short Term Foster,False,False,False,
6,Male,White – British,0,True,8,[64],Residential,1,1,2025-12-21 22:53:40.625587,Reason why most recent placement ended,6 months ago,1,['NULL'],True,False,462.42,False,Why the child left care entirely,4,Any additional context and comments about the child’s care history,16,including Mainstream,['Mixed - White/Black African'],Residential,False,False,False,
16,Male,White – British,0,False,17,[48],Residential,4,1,2025-12-21 22:53:40.625587,N/A,N/A,1,['Female'],True,False,58.97,True,N/A,3,N/A,14,including Mainstream,['Mixed - White/Black African'],Residential,False,False,False,
1,Female,Asian/British Asian – Pakistani,0,True,14,[45],Fostering - Respite,3,1,2025-12-21 22:53:40.625587,Reason why most recent placement ended,6 months ago,1,['Trans Female'],True,True,842.81,False,Why the child left care entirely,4,Any additional context and comments about the child’s care history,15,including Mainstream,['White – Other'],Respite Foster,False,False,False,
14,Female,White - Eastern European,0,True,15,[29],Kinship,3,1,2025-12-21 22:53:40.625587,Reason why most recent placement ended,6 months ago,1,['Non binary'],True,True,397.93,True,Why the child left care entirely,7,Any additional context and comments about the child’s care history,17,including Mainstream,['Dual Heritage - Black/White'],Kinship,False,False,False,
8,Male,White – British,0,True,14,[48],Fostering - Short Term,1,1,2025-12-21 22:53:40.625587,Reason why most recent placement ended,6 months ago,1,['Unborn'],True,False,16.67,False,Why the child left care entirely,5,Any additional context and comments about the child’s care history,9,including Mainstream,['Information Not Yet Obtained'],Short Term Foster,True,False,False,
8,Female,White – British,0,False,16,[60],Fostering - Emergency,4,1,2025-12-21 22:53:40.625587,N/A,N/A,1,['NULL'],True,True,1.87,True,N/A,4,N/A,0,including Mainstream,['Gypsy'],Emergency Foster,False,True,False,
5,Female,Asian/British Asian – Indian,0,True,7,[38],Residential,4,1,2025-12-21 22:53:40.625587,Reason why most recent placement ended,6 months ago,1,['Non binary'],True,True,73.0,False,Why the child left care entirely,2,Any additional context and comments about the child’s care history,16,including Mainstream,['Asian/British Asian – Indian'],Residential,False,True,False,
15,Trans Female,Asian/British Asian – Pakistani,0,False,18,[63],Adoption,3,1,2025-12-21 22:53:40.625587,N/A,N/A,1,['Non binary'],True,True,879.58,False,N/A,4,N/A,8,including Mainstream,['Mixed - White/Black African'],Adoption,False,False,False,
12,Female,White – British,0,False,13,[31],Residential,4,1,2025-12-21 22:53:40.625587,N/A,N/A,1,['Unborn'],True,False,6.25,False,N/A,4,N/A,2,including Mainstream,['Refused'],Residential,False,False,False,
11,Non binary,White – British,0,True,14,[56],Fostering - Long Term,4,1,2025-12-21 22:53:40.625587,Reason why most recent placement ended,6 months ago,1,['NULL'],True,False,596.87,True,Why the child left care entirely,0,Any additional context and comments about the child’s care history,1,including Mainstream,['Mixed - White/Asian'],Long Term Foster,True,False,False,
8,Male,Asian/British Asian – Other,0,False,16,[26],Residential,1,1,2025-12-21 22:53:40.625587,N/A,N/A,1,['Unborn'],True,True,204.42,False,N/A,1,N/A,5,including Mainstream,['Mixed - White/Black African'],Residential,True,False,False,
16,Female,Asian/British Asian – Indian,0,True,17,[29],Fostering - Long Term,4,1,2025-12-21 22:53:40.625587,Reason why most recent placement ended,6 months ago,1,['Female'],True,False,985.31,True,Why the child left care entirely,3,Any additional context and comments about the child’s care history,0,including Mainstream,['Gypsy'],Long Term Foster,False,False,False,
2,Trans Male,White – British,0,False,8,[64],Fostering - Emergency,4,1,2025-12-21 22:53:40.625587,N/A,N/A,1,['Trans Male'],True,True,361.59,True,N/A,1,N/A,17,including Mainstream,['Asian/British Asian – Chinese'],Emergency Foster,False,False,False,
10,Female,White – British,0,False,18,[41],Fostering - Long Term,2,1,2025-12-21 22:53:40.625587,N/A,N/A,1,['Non binary'],True,False,693.07,True,N/A,7,N/A,17,including Mainstream,['Unknown'],Long Term Foster,False,False,False,
2,Trans Female,White - Central European,0,False,7,[35],Fostering - Short Term,2,1,2025-12-21 22:53:40.625587,N/A,N/A,1,['Unspecified'],False,False,504.46,True,N/A,0,N/A,1,including Mainstream,['Asian/British Asian – Indian'],Short Term Foster,False,False,False,
15,Trans Male,White – British,0,True,16,[75],Fostering - Emergency,1,1,2025-12-21 22:53:40.625587,Reason why most recent placement ended,6 months ago,1,['Trans Female'],True,True,490.66,True,Why the child left care entirely,7,Any additional context and comments about the child’s care history,15,including Mainstream,['Asian/British Asian – Bangladeshi'],Emergency Foster,False,True,False,
0,Male,Asian/British Asian – Bangladeshi,0,False,15,[25],Fostering - Long Term,4,1,2025-12-21 22:53:40.625587,N/A,N/A,1,['Non binary'],False,True,167.61,False,N/A,0,N/A,4,including Mainstream,['Information Not Yet Obtained'],Long Term Foster,True,False,False,
11,Trans Female,White – British,0,True,14,[74],Adoption,5,1,2025-12-21 22:53:40.625587,Reason why most recent placement ended,6 months ago,1,['NULL'],True,False,158.87,True,Why the child left care entirely,1,Any additional context and comments about the child’s care history,4,including Mainstream,['Dual Heritage - Black/White'],Adoption,True,False,False,
5,Male,Asian/British Asian – Pakistani,0,True,6,[72],Fostering - Short Term,5,1,2025-12-21 22:53:40.625587,Reason why most recent placement ended,6 months ago,1,['Male'],True,False,2.98,True,Why the child left care entirely,3,Any additional context and comments about the child’s care history,12,including Mainstream,['Traveller of Irish Heritage'],Short Term Foster,False,False,False,
9,Female,White – British,0,False,16,[29],Fostering - Long Term,0,1,2025-12-21 22:53:40.625587,N/A,N/A,1,['Unspecified'],True,True,277.24,False,N/A,6,N/A,4,including Mainstream,['Gypsy'],Long Term Foster,True,False,False,
17,Female,Mixed - White/Black African,0,True,18,[69],Fostering - Emergency,4,1,2025-12-21 22:53:40.625587,Reason why most recent placement ended,6 months ago,1,['Indeterminate'],False,False,123.94,False,Why the child left care entirely,0,Any additional context and comments about the child’s care history,15,including Mainstream,['Asian/British Asian – Other'],Emergency Foster,False,False,False,
17,Non binary,White – British,0,True,18,[49],Special Guardianship,5,1,2025-12-21 22:53:40.625587,Reason why most recent placement ended,6 months ago,1,['Unspecified'],True,False,943.58,False,Why the child left care entirely,5,Any additional context and comments about the child’s care history,13,including Mainstream,['White – British'],Special Guardianship,False,False,False,
1,Female,Asian/British Asian – Pakistani,0,False,5,[27],Adoption,2,1,2025-12-21 22:53:40.625587,N/A,N/A,1,['Non binary'],True,False,613.8,False,N/A,8,N/A,8,including Mainstream,['Asian/British Asian – Other'],Adoption,True,True,False,
16,Female,White – British,0,False,17,[44],Residential,4,1,2025-12-21 22:53:40.625587,N/A,N/A,1,['Trans Female'],True,False,379.35,True,N/A,3,N/A,10,including Mainstream,['Asian/British Asian – Indian'],Residential,True,True,False,
15,Male,Asian/British Asian – Pakistani,0,True,16,[66],Adoption,3,1,2025-12-21 22:53:40.625587,Reason why most recent placement ended,6 months ago,1,['Non binary'],True,True,280.99,False,Why the child left care entirely,3,Any additional context and comments about the child’s care history,14,including Mainstream,['White – Irish'],Adoption,False,True,False,
8,Trans Female,White – British,0,False,14,[71],Fostering - Respite,1,1,2025-12-21 22:53:40.625587,N/A,N/A,1,['Unborn'],True,True,937.98,True,N/A,7,N/A,7,including Mainstream,['Black/Black British – Caribbean'],Respite Foster,False,True,False,
1,Trans Male,White – British,0,True,11,[66],Special Guardianship,5,1,2025-12-21 22:53:40.625587,Reason why most recent placement ended,6 months ago,1,['Indeterminate'],True,False,233.84,True,Why the child left care entirely,7,Any additional context and comments about the child’s care history,13,including Mainstream,['Asian/British Asian – Other'],Special Guardianship,False,False,False,
3,Trans Female,White – British,0,True,18,[27],Kinship,4,1,2025-12-21 22:53:40.625587,Reason why most recent placement ended,6 months ago,1,['Trans Female'],True,True,185.1,False,Why the child left care entirely,8,Any additional context and comments about the child’s care history,6,including Mainstream,['Roma'],Kinship,False,True,False,
2,Male,White – British,0,True,5,[72],Kinship,3,1,2025-12-21 22:53:40.625587,Reason why most recent placement ended,6 months ago,1,['NULL'],True,False,410.61,True,Why the child left care entirely,1,Any additional context and comments about the child’s care history,14,including Mainstream,['Dual Heritage - Black/White'],Kinship,True,False,False,
6,Female,White – British,0,False,16,[44],Fostering - Emergency,3,1,2025-12-21 22:53:40.625587,N/A,N/A,1,['Female'],True,False,132.12,True,N/A,1,N/A,12,including Mainstream,['White - Central European'],Emergency Foster,False,False,False,
17,Female,Asian/British Asian – Pakistani,0,False,18,[40],Residential,3,1,2025-12-21 22:53:40.625587,N/A,N/A,1,['Female'],True,True,628.85,False,N/A,8,N/A,15,including Mainstream,['Refused'],Residential,False,True,False,
12,Male,White – Other,0,True,14,[66],Kinship,4,1,2025-12-21 22:53:40.625587,Reason why most recent placement ended,6 months ago,1,['Male'],False,True,979.53,False,Why the child left care entirely,0,Any additional context and comments about the child’s care history,10,including Mainstream,['NULL'],Kinship,False,False,False,
9,Male,Asian/British Asian – Bangladeshi,0,True,15,[68],Adoption,4,1,2025-12-21 22:53:40.625587,Reason why most recent placement ended,6 months ago,1,['Trans Female'],True,True,868.71,False,Why the child left care entirely,6,Any additional context and comments about the child’s care history,14,including Mainstream,['Black/Black British – Other'],Adoption,False,False,False,
3,Female,White – British,0,True,6,[28],Fostering - Long Term,0,1,2025-12-21 22:53:40.625587,Reason why most recent placement ended,6 months ago,1,['Unspecified'],True,False,435.43,True,Why the child left care entirely,6,Any additional context and comments about the child’s care history,0,including Mainstream,['Other Ethnic Group'],Long Term Foster,False,False,False,
8,Male,Asian/British Asian – Pakistani,0,False,16,[73],Fostering - Respite,4,1,2025-12-21 22:53:40.625587,N/A,N/A,1,['NULL'],True,False,322.0,True,N/A,5,N/A,9,including Mainstream,['Black/Black British – Caribbean'],Respite Foster,False,False,False,
0,Female,White – British,0,True,5,[53],Kinship,2,1,2025-12-21 22:53:40.625587,Reason why most recent placement ended,6 months ago,1,['Trans Female'],True,True,242.06,True,Why the child left care entirely,7,Any additional context and comments about the child’s care history,0,including Mainstream,['Mixed - White/Black African'],Kinship,False,False,True,
0,Female,White – Other,0,True,1,[48],Adoption,1,1,2025-12-21 22:53:40.625587,Reason why most recent placement ended,6 months ago,1,['Unspecified'],False,True,502.84,True,Why the child left care entirely,1,Any additional context and comments about the child’s care history,5,including Mainstream,['Black/Black British – African'],Adoption,False,False,False,
17,Male,White – British,0,True,18,[63],Fostering - Emergency,2,1,2025-12-21 22:53:40.625587,Reason why most recent placement ended,6 months ago,1,['Trans Female'],True,True,203.05,False,Why the child left care entirely,2,Any additional context and comments about the child’s care history,17,including Mainstream,['Gypsy'],Emergency Foster,True,False,False,
17,Female,White – British,0,False,18,[39],Adoption,0,1,2025-12-21 22:53:40.625587,N/A,N/A,1,['Unborn'],False,True,25.79,False,N/A,0,N/A,2,including Mainstream,['Unknown'],Adoption,True,False,False,
2,Male,White – British,0,False,14,[52],Adoption,2,1,2025-12-21 22:53:40.625587,N/A,N/A,1,['Unspecified'],True,False,583.63,False,N/A,2,N/A,15,including Mainstream,['Asian/British Asian – Bangladeshi'],Adoption,False,False,False,
7,Trans Female,White – British,0,True,8,[34],Special Guardianship,4,1,2025-12-21 22:53:40.625587,Reason why most recent placement ended,6 months ago,1,['Non binary'],True,False,284.26,True,Why the child left care entirely,0,Any additional context and comments about the child’s care history,8,including Mainstream,['Mixed - White/Black Caribbean'],Special Guardianship,False,False,False,
3,Female,Asian/British Asian – Bangladeshi,0,False,16,[49],Fostering - Respite,0,1,2025-12-21 22:53:40.625587,N/A,N/A,1,['Trans Female'],True,False,322.78,False,N/A,7,N/A,14,including Mainstream,['Asian/British Asian – Other'],Respite Foster,True,True,False,
12,Trans Female,White – British,0,True,16,[36],Fostering - Long Term,5,1,2025-12-21 22:53:40.625587,Reason why most recent placement ended,6 months ago,1,['Non binary'],True,False,206.03,True,Why the child left care entirely,7,Any additional context and comments about the child’s care history,6,including Mainstream,['White – Other'],Long Term Foster,False,False,False,
11,Male,White - Central European,0,True,17,[36],Fostering - Long Term,0,1,2025-12-21 22:53:40.625587,Reason why most recent placement ended,6 months ago,1,['Trans Male'],True,False,163.45,True,Why the child left care entirely,8,Any additional context and comments about the child’s care history,9,including Mainstream,['Traveller of Irish Heritage'],Long Term Foster,False,False,False,
2,Male,White – British,0,True,6,[60],Fostering - Emergency,1,1,2025-12-21 22:53:40.625587,Reason why most recent placement ended,6 months ago,1,['Unknown'],True,False,850.52,True,Why the child left care entirely,2,Any additional context and comments about the child’s care history,7,including Mainstream,['White - Eastern European'],Emergency Foster,True,False,False,
2,Male,White – British,0,True,13,[72],Fostering - Short Term,5,1,2025-12-21 22:53:40.625587,Reason why most recent placement ended,6 months ago,1,['Unknown'],False,False,208.9,False,Why the child left care entirely,0,Any additional context and comments about the child’s care history,8,including Mainstream,['Refused'],Short Term Foster,False,False,False,
17,Male,White – British,0,False,18,[74],Kinship,3,1,2025-12-21 22:53:40.625587,N/A,N/A,1,['Male'],True,False,90.21,False,N/A,3,N/A,2,including Mainstream,['Gypsy'],Kinship,False,False,False,
17,Female,White – British,0,False,18,[37],Kinship,2,1,2025-12-21 22:53:40.625587,N/A,N/A,1,['Trans Female'],True,True,67.48,False,N/A,0,N/A,5,including Mainstream,['NULL'],Kinship,False,False,False,
12,Non binary,White – British,0,True,18,[39],Fostering - Short Term,3,1,2025-12-21 22:53:40.625587,Reason why most recent placement ended,6 months ago,1,['Unknown'],True,False,525.18,False,Why the child left care entirely,3,Any additional context and comments about the child’s care history,10,including Mainstream,['Dual Heritage - Black/White'],Short Term Foster,True,False,False,
16,Male,White – British,0,False,18,[66],Fostering - Respite,4,1,2025-12-21 22:53:40.625587,N/A,N/A,1,['Female'],True,True,409.9,True,N/A,5,N/A,1,including Mainstream,['Asian/British Asian – Bangladeshi'],Respite Foster,False,False,True,
5,Female,Asian/British Asian – Pakistani,0,False,17,[67],Kinship,0,1,2025-12-21 22:53:40.625587,N/A,N/A,1,['Trans Male'],True,False,113.62,True,N/A,4,N/A,10,including Mainstream,['Black/Black British – Other'],Kinship,True,False,False,
2,Female,White – British,0,True,3,[60],Adoption,3,1,2025-12-21 22:53:40.625587,Reason why most recent placement ended,6 months ago,1,['Unspecified'],True,True,528.78,False,Why the child left care entirely,8,Any additional context and comments about the child’s care history,16,including Mainstream,['Mixed - White/Black African'],Adoption,False,False,False,
0,Female,Asian/British Asian – Pakistani,0,True,18,[60],Fostering - Short Term,1,1,2025-12-21 22:53:40.625587,Reason why most recent placement ended,6 months ago,1,['Unborn'],True,False,243.25,False,Why the child left care entirely,3,Any additional context and comments about the child’s care history,2,including Mainstream,['Other Ethnic Group'],Short Term Foster,True,False,False,
0,Female,Traveller – Other,0,True,11,[51],Adoption,4,1,2025-12-21 22:53:40.625587,Reason why most recent placement ended,6 months ago,1,['Unborn'],True,True,733.96,True,Why the child left care entirely,7,Any additional context and comments about the child’s care history,9,including Mainstream,['White - Central European'],Adoption,False,False,False,
11,Male,White – British,0,False,18,[30],Kinship,2,1,2025-12-21 22:53:40.625587,N/A,N/A,1,['Indeterminate'],True,False,820.96,True,N/A,4,N/A,6,including Mainstream,['Black/Black British – Other'],Kinship,False,False,True,
7,Trans Male,Asian/British Asian – Pakistani,0,True,16,[45],Adoption,0,1,2025-12-21 22:53:40.625587,Reason why most recent placement ended,6 months ago,1,['Male'],True,False,393.7,True,Why the child left care entirely,7,Any additional context and comments about the child’s care history,8,including Mainstream,['Dual Heritage - Black/White'],Adoption,False,False,False,
11,Trans Male,White – British,0,False,13,[58],Kinship,3,1,2025-12-21 22:53:40.625587,N/A,N/A,1,['Unborn'],True,False,312.56,True,N/A,4,N/A,7,including Mainstream,['Black/Black British – Caribbean'],Kinship,False,False,False,
13,Male,Asian/British Asian – Pakistani,0,True,14,[45],Fostering - Short Term,0,1,2025-12-21 22:53:40.625587,Reason why most recent placement ended,6 months ago,1,['Unspecified'],True,False,500.59,True,Why the child left care entirely,3,Any additional context and comments about the child’s care history,11,including Mainstream,['Other Ethnic Group'],Short Term Foster,False,True,False,
7,Trans Male,Asian/British Asian – Pakistani,0,False,12,[66],Fostering - Short Term,3,1,2025-12-21 22:53:40.625587,N/A,N/A,1,['Unknown'],True,True,646.7,False,N/A,3,N/A,4,including Mainstream,['Mixed – Other'],Short Term Foster,True,True,False,
1,Female,Asian/British Asian – Indian,0,False,8,[66],Fostering - Respite,4,1,2025-12-21 22:53:40.625587,N/A,N/A,1,['Female'],True,True,926.01,True,N/A,2,N/A,15,including Mainstream,['Black/Black British – African'],Respite Foster,False,False,False,
8,Male,White - Central European,0,True,18,[26],Special Guardianship,3,1,2025-12-21 22:53:40.625587,Reason why most recent placement ended,6 months ago,1,['Unspecified'],True,False,205.7,True,Why the child left care entirely,6,Any additional context and comments about the child’s care history,11,including Mainstream,['Asian/British Asian – Chinese'],Special Guardianship,False,False,False,
5,Male,White – British,0,False,8,[53],Fostering - Long Term,4,1,2025-12-21 22:53:40.625587,N/A,N/A,1,['Female'],False,False,406.51,True,N/A,1,N/A,7,including Mainstream,['Asian/British Asian – Indian'],Long Term Foster,False,False,False,
6,Female,White - Central European,0,True,10,[62],Fostering - Emergency,5,1,2025-12-21 22:53:40.625587,Reason why most recent placement ended,6 months ago,1,['Unspecified'],True,False,503.61,False,Why the child left care entirely,4,Any additional context and comments about the child’s care history,4,including Mainstream,['Traveller – Other'],Emergency Foster,False,True,False,
4,Trans Female,Asian/British Asian – Pakistani,0,False,17,[66],Kinship,3,1,2025-12-21 22:53:40.625587,N/A,N/A,1,['Non binary'],True,True,562.21,False,N/A,6,N/A,16,including Mainstream,['White – British'],Kinship,False,False,False,
1,Female,White - Central European,0,False,8,[27],Adoption,3,1,2025-12-21 22:53:40.625587,N/A,N/A,1,['Unknown'],True,False,951.67,False,N/A,5,N/A,13,including Mainstream,['Traveller of Irish Heritage'],Adoption,False,True,False,
9,Non binary,White – British,0,True,15,[34],Kinship,3,1,2025-12-21 22:53:40.625587,Reason why most recent placement ended,6 months ago,1,['Trans Female'],True,True,551.54,True,Why the child left care entirely,6,Any additional context and comments about the child’s care history,13,including Mainstream,['Traveller – Other'],Kinship,False,False,False,
3,Male,White – British,0,True,8,[43],Residential,3,1,2025-12-21 22:53:40.625587,Reason why most recent placement ended,6 months ago,1,['Non binary'],True,True,783.78,True,Why the child left care entirely,3,Any additional context and comments about the child’s care history,5,including Mainstream,['Black/Black British – African'],Residential,True,True,False,
13,Female,White – British,0,True,17,[71],Kinship,5,1,2025-12-21 22:53:40.625587,Reason why most recent placement ended,6 months ago,1,['Non binary'],False,False,108.48,False,Why the child left care entirely,1,Any additional context and comments about the child’s care history,1,including Mainstream,['Mixed - White/Asian'],Kinship,False,False,False,
7,Female,Asian/British Asian – Pakistani,0,False,10,[35],Special Guardianship,2,1,2025-12-21 22:53:40.625587,N/A,N/A,1,['Trans Female'],True,True,772.55,False,N/A,2,N/A,8,including Mainstream,['Mixed - White/Black African'],Special Guardianship,True,False,False,
5,Non binary,Traveller – Other,0,True,16,[27],Residential,1,1,2025-12-21 22:53:40.625587,Reason why most recent placement ended,6 months ago,1,['Trans Female'],True,False,99.24,True,Why the child left care entirely,4,Any additional context and comments about the child’s care history,12,including Mainstream,['Mixed - White/Black African'],Residential,False,False,True,
6,Male,Mixed – Other,0,True,15,[64],Fostering - Short Term,1,1,2025-12-21 22:53:40.625587,Reason why most recent placement ended,6 months ago,1,['NULL'],True,False,240.39,True,Why the child left care entirely,7,Any additional context and comments about the child’s care history,7,including Mainstream,['White - Eastern European'],Short Term Foster,False,False,False,
9,Male,Mixed – Other,0,True,16,[63],Fostering - Short Term,2,1,2025-12-21 22:53:40.625587,Reason why most recent placement ended,6 months ago,1,['Indeterminate'],True,True,640.22,False,Why the child left care entirely,0,Any additional context and comments about the child’s care history,12,including Mainstream,['Black/Black British – Other'],Short Term Foster,False,False,False,
15,Female,White - Central European,0,False,17,[53],Fostering - Emergency,3,1,2025-12-21 22:53:40.625587,N/A,N/A,1,['Unspecified'],True,False,776.56,True,N/A,1,N/A,14,including Mainstream,['Mixed - White/Black African'],Emergency Foster,False,False,False,
11,Female,White – British,0,True,12,[60],Special Guardianship,5,1,2025-12-21 22:53:40.625587,Reason why most recent placement ended,6 months ago,1,['Unspecified'],True,True,407.75,True,Why the child left care entirely,4,Any additional context and comments about the child’s care history,5,including Mainstream,['Asian/British Asian – Indian'],Special Guardianship,True,True,False,
10,Female,Asian/British Asian – Pakistani,0,True,14,[72],Adoption,1,1,2025-12-21 22:53:40.625587,Reason why most recent placement ended,6 months ago,1,['Female'],False,True,975.29,False,Why the child left care entirely,0,Any additional context and comments about the child’s care history,11,including Mainstream,['Asian/British Asian – Bangladeshi'],Adoption,True,False,False,
4,Female,White - Central European,0,False,14,[65],Adoption,0,1,2025-12-21 22:53:40.625587,N/A,N/A,1,['Indeterminate'],True,False,940.25,True,N/A,1,N/A,5,including Mainstream,['Mixed - White/Black African'],Adoption,False,False,False,
1,Male,White – British,0,True,10,[65],Fostering - Emergency,4,1,2025-12-21 22:53:40.625587,Reason why most recent placement ended,6 months ago,1,['Unknown'],False,False,934.56,True,Why the child left care entirely,1,Any additional context and comments about the child’s care history,16,including Mainstream,['Black/Black British – African'],Emergency Foster,True,False,False,
8,Male,White – British,0,True,15,[49],Adoption,3,1,2025-12-21 22:53:40.625587,Reason why most recent placement ended,6 months ago,1,['Unknown'],True,True,924.41,True,Why the child left care entirely,8,Any additional context and comments about the child’s care history,10,including Mainstream,['NULL'],Adoption,False,False,False,
5,Female,White – Other,0,False,11,[54],Special Guardianship,3,1,2025-12-21 22:53:40.625587,N/A,N/A,1,['Non binary'],True,False,795.04,True,N/A,3,N/A,16,including Mainstream,['Information Not Yet Obtained'],Special Guardianship,False,False,False,
10,Female,White - Central European,0,True,11,[54],Fostering - Short Term,3,1,2025-12-21 22:53:40.625587,Reason why most recent placement ended,6 months ago,1,['NULL'],True,True,622.69,False,Why the child left care entirely,2,Any additional context and comments about the child’s care history,10,including Mainstream,['White – British'],Short Term Foster,False,False,False,
1,Female,White – British,0,False,12,[42],Fostering - Short Term,4,1,2025-12-21 22:53:40.625587,N/A,N/A,1,['Non binary'],True,True,348.08,False,N/A,2,N/A,1,including Mainstream,['White - Eastern European'],Short Term Foster,True,False,False,
1,Male,Other Ethnic Group,0,True,11,[25],Residential,4,1,2025-12-21 22:53:40.625587,Reason why most recent placement ended,6 months ago,1,['Non binary'],True,False,241.78,False,Why the child left care entirely,6,Any additional context and comments about the child’s care history,0,including Mainstream,['Other Ethnic Group'],Residential,False,True,False,
5,Female,White – British,0,True,17,[38],Residential,5,1,2025-12-21 22:53:40.625587,Reason why most recent placement ended,6 months ago,1,['Unspecified'],True,False,289.05,True,Why the child left care entirely,7,Any additional context and comments about the child’s care history,11,including Mainstream,['Mixed - White/Asian'],Residential,False,True,False,
11,Male,White – British,0,False,15,[62],Fostering - Emergency,3,1,2025-12-21 22:53:40.625587,N/A,N/A,1,['Unspecified'],True,True,485.87,False,N/A,0,N/A,7,including Mainstream,['White - Eastern European'],Emergency Foster,False,False,False,
17,Trans Male,White – British,0,False,18,[39],Adoption,0,1,2025-12-21 22:53:40.625587,N/A,N/A,1,['Male'],True,False,29.95,True,N/A,8,N/A,8,including Mainstream,['Black/Black British – African'],Adoption,False,False,False,
8,Female,White – British,0,True,12,[75],Residential,3,1,2025-12-21 22:53:40.625587,Reason why most recent placement ended,6 months ago,1,['NULL'],True,True,989.11,False,Why the child left care entirely,0,Any additional context and comments about the child’s care history,0,including Mainstream,['Mixed – Other'],Residential,True,False,False,
17,Female,Asian/British Asian – Pakistani,0,True,18,[74],Residential,2,1,2025-12-21 22:53:40.625587,Reason why most recent placement ended,6 months ago,1,['Female'],False,True,648.88,False,Why the child left care entirely,1,Any additional context and comments about the child’s care history,7,including Mainstream,['Refused'],Residential,False,False,False,
5,Female,Asian/British Asian – Indian,0,False,17,[37],Fostering - Respite,5,1,2025-12-21 22:53:40.625587,N/A,N/A,1,['Unborn'],True,True,522.06,False,N/A,0,N/A,5,including Mainstream,['Asian/British Asian – Other'],Respite Foster,False,False,False,
8,Trans Male,White – British,0,False,16,[69],Residential,0,1,2025-12-21 22:53:40.625587,N/A,N/A,1,['Non binary'],False,True,960.14,True,N/A,0,N/A,2,including Mainstream,['NULL'],Residential,False,False,True,
2,Female,Mixed - White/Asian,0,True,8,[35],Special Guardianship,4,1,2025-12-21 22:53:40.625587,Reason why most recent placement ended,6 months ago,1,['Male'],True,False,204.62,True,Why the child left care entirely,6,Any additional context and comments about the child’s care history,9,including Mainstream,['Asian/British Asian – Other'],Special Guardianship,False,False,False,
0,Female,White – British,0,False,3,[67],Fostering - Emergency,3,1,2025-12-21 22:53:40.625587,N/A,N/A,1,['Indeterminate'],True,False,78.92,True,N/A,5,N/A,1,including Mainstream,['Mixed - White/Asian'],Emergency Foster,True,True,False,
12,Male,White – British,0,False,14,[25],Kinship,0,1,2025-12-21 22:53:40.625587,N/A,N/A,1,['NULL'],False,False,269.03,True,N/A,0,N/A,0,including Mainstream,['NULL'],Kinship,False,False,False,
8,Male,Asian/British Asian – Pakistani,0,True,14,[63],Fostering - Short Term,3,1,2025-12-21 22:53:40.625587,Reason why most recent placement ended,6 months ago,1,['Unspecified'],True,True,407.24,True,Why the child left care entirely,7,Any additional context and comments about the child’s care history,3,including Mainstream,['Traveller – Other'],Short Term Foster,False,True,False,
5,Male,Asian/British Asian – Pakistani,0,True,13,[29],Fostering - Emergency,4,1,2025-12-21 22:53:40.625587,Reason why most recent placement ended,6 months ago,1,['Unborn'],True,False,233.27,False,Why the child left care entirely,5,Any additional context and comments about the child’s care history,9,including Mainstream,['Asian/British Asian – Bangladeshi'],Emergency Foster,False,False,False,
16,Trans Male,Asian/British Asian – Pakistani,0,False,17,[49],Fostering - Short Term,1,1,2025-12-21 22:53:40.625587,N/A,N/A,1,['Female'],True,False,967.66,True,N/A,6,N/A,12,including Mainstream,['White - Eastern European'],Short Term Foster,False,True,True,
12,Female,Asian/British Asian – Pakistani,0,True,14,[59],Fostering - Respite,5,1,2025-12-21 22:53:40.625587,Reason why most recent placement ended,6 months ago,1,['Male'],True,True,137.22,False,Why the child left care entirely,5,Any additional context and comments about the child’s care history,1,including Mainstream,['Mixed - White/Asian'],Respite Foster,False,False,False,
3,Trans Female,Asian/British Asian – Pakistani,0,True,5,[43],Fostering - Emergency,4,1,2025-12-21 22:53:40.625587,Reason why most recent placement ended,6 months ago,1,['Unborn'],True,False,144.77,False,Why the child left care entirely,5,Any additional context and comments about the child’s care history,10,including Mainstream,['Mixed - White/Asian'],Emergency Foster,True,True,True,
14,Female,White – British,0,True,18,[33],Fostering - Long Term,2,1,2025-12-21 22:53:40.625587,Reason why most recent placement ended,6 months ago,1,['Trans Female'],True,True,822.11,True,Why the child left care entirely,2,Any additional context and comments about the child’s care history,5,including Mainstream,['Mixed – Other'],Long Term Foster,False,True,False,
7,Male,White – British,0,True,17,[43],Adoption,5,1,2025-12-21 22:53:40.625587,Reason why most recent placement ended,6 months ago,1,['Trans Male'],True,True,967.48,True,Why the child left care entirely,5,Any additional context and comments about the child’s care history,8,including Mainstream,['White – Irish'],Adoption,False,False,False,
7,Trans Female,Asian/British Asian – Bangladeshi,0,False,11,[32],Fostering - Emergency,5,1,2025-12-21 22:53:40.625587,N/A,N/A,1,['Unspecified'],True,False,733.84,True,N/A,8,N/A,10,including Mainstream,['Traveller – Other'],Emergency Foster,False,True,False,
8,Female,Asian/British Asian – Pakistani,0,True,12,[51],Fostering - Respite,5,1,2025-12-21 22:53:40.625587,Reason why most recent placement ended,6 months ago,1,['Non binary'],False,True,857.5,False,Why the child left care entirely,0,Any additional context and comments about the child’s care history,16,including Mainstream,['Black/Black British – Caribbean'],Respite Foster,False,False,False,
4,Female,Mixed - White/Black African,0,False,10,[72],Adoption,4,1,2025-12-21 22:53:40.625587,N/A,N/A,1,['Unborn'],True,False,651.09,True,N/A,2,N/A,16,including Mainstream,['Traveller of Irish Heritage'],Adoption,False,False,False,
9,Trans Female,Asian/British Asian – Pakistani,0,True,12,[65],Fostering - Long Term,2,1,2025-12-21 22:53:40.625587,Reason why most recent placement ended,6 months ago,1,['NULL'],True,True,389.01,True,Why the child left care entirely,5,Any additional context and comments about the child’s care history,6,including Mainstream,['White – British'],Long Term Foster,True,False,False,
13,Female,Asian/British Asian – Pakistani,0,True,17,[37],Special Guardianship,2,1,2025-12-21 22:53:40.625587,Reason why most recent placement ended,6 months ago,1,['Non binary'],True,True,442.61,False,Why the child left care entirely,8,Any additional context and comments about the child’s care history,17,including Mainstream,['Other Ethnic Group'],Special Guardianship,False,False,False,
10,Female,White – British,0,False,16,[73],Adoption,2,1,2025-12-21 22:53:40.625587,N/A,N/A,1,['Unborn'],True,False,623.04,True,N/A,6,N/A,8,including Mainstream,['White - Eastern European'],Adoption,False,False,False,
9,Female,White – British,0,True,14,[53],Kinship,4,1,2025-12-21 22:53:40.625587,Reason why most recent placement ended,6 months ago,1,['Non binary'],True,True,474.51,True,Why the child left care entirely,7,Any additional context and comments about the child’s care history,6,including Mainstream,['Asian/British Asian – Pakistani'],Kinship,False,False,False,
5,Female,White – British,0,False,7,[31],Fostering - Respite,5,1,2025-12-21 22:53:40.625587,N/A,N/A,1,['Male'],True,False,640.79,False,N/A,8,N/A,4,including Mainstream,['Mixed – Other'],Respite Foster,False,True,False,
8,Non binary,White – British,0,False,10,[75],Fostering - Short Term,0,1,2025-12-21 22:53:40.625587,N/A,N/A,1,['NULL'],True,True,919.52,False,N/A,2,N/A,12,including Mainstream,['Refused'],Short Term Foster,False,True,False,
13,Female,Mixed - White/Asian,0,False,18,[56],Special Guardianship,0,1,2025-12-21 22:53:40.625587,N/A,N/A,1,['Female'],True,True,556.32,False,N/A,4,N/A,12,including Mainstream,['Asian/British Asian – Other'],Special Guardianship,True,False,False,
14,Female,White – Other,0,False,16,[34],Fostering - Emergency,5,1,2025-12-21 22:53:40.625587,N/A,N/A,1,['NULL'],True,False,437.96,True,N/A,8,N/A,15,including Mainstream,['Dual Heritage - Black/White'],Emergency Foster,False,False,False,
4,Female,Asian/British Asian – Pakistani,0,True,14,[28],Fostering - Long Term,3,1,2025-12-21 22:53:40.625587,Reason why most recent placement ended,6 months ago,1,['Trans Male'],True,True,189.35,True,Why the child left care entirely,6,Any additional context and comments about the child’s care history,14,including Mainstream,['Asian/British Asian – Indian'],Long Term Foster,False,False,False,
8,Male,Asian/British Asian – Pakistani,0,False,9,[46],Adoption,3,1,2025-12-21 22:53:40.625587,N/A,N/A,1,['Female'],True,False,242.37,True,N/A,3,N/A,1,including Mainstream,['Black/Black British – African'],Adoption,True,False,False,
13,Male,Asian/British Asian – Indian,0,True,17,[65],Adoption,2,1,2025-12-21 22:53:40.625587,Reason why most recent placement ended,6 months ago,1,['Unknown'],True,False,785.47,True,Why the child left care entirely,4,Any additional context and comments about the child’s care history,17,including Mainstream,['Refused'],Adoption,True,False,False,
13,Male,White – British,0,True,17,[41],Kinship,0,1,2025-12-21 22:53:40.625587,Reason why most recent placement ended,6 months ago,1,['Male'],True,True,136.42,True,Why the child left care entirely,6,Any additional context and comments about the child’s care history,5,including Mainstream,['Information Not Yet Obtained'],Kinship,False,False,False,
17,Female,Asian/British Asian – Bangladeshi,0,True,18,[75],Fostering - Short Term,5,1,2025-12-21 22:53:40.625587,Reason why most recent placement ended,6 months ago,1,['Indeterminate'],True,True,6.5,False,Why the child left care entirely,4,Any additional context and comments about the child’s care history,9,including Mainstream,['Mixed - White/Black Caribbean'],Short Term Foster,False,False,False,
5,Female,White – British,0,True,8,[49],Kinship,0,1,2025-12-21 22:53:40.625587,Reason why most recent placement ended,6 months ago,1,['NULL'],True,True,477.52,False,Why the child left care entirely,8,Any additional context and comments about the child’s care history,2,including Mainstream,['Mixed – Other'],Kinship,False,True,False,
9,Male,Asian/British Asian – Pakistani,0,True,16,[63],Residential,5,1,2025-12-21 22:53:40.625587,Reason why most recent placement ended,6 months ago,1,['Trans Male'],True,False,76.0,False,Why the child left care entirely,5,Any additional context and comments about the child’s care history,12,including Mainstream,['Gypsy / Roma'],Residential,False,False,True,
8,Trans Male,Asian/British Asian – Pakistani,0,True,13,[38],Adoption,1,1,2025-12-21 22:53:40.625587,Reason why most recent placement ended,6 months ago,1,['Indeterminate'],True,True,893.4,False,Why the child left care entirely,5,Any additional context and comments about the child’s care history,0,including Mainstream,['Roma'],Adoption,True,False,False,
5,Female,Asian/British Asian – Pakistani,0,True,11,[26],Special Guardianship,5,1,2025-12-21 22:53:40.625587,Reason why most recent placement ended,6 months ago,1,['Unknown'],True,False,369.19,True,Why the child left care entirely,7,Any additional context and comments about the child’s care history,6,including Mainstream,['Gypsy / Roma'],Special Guardianship,False,False,False,
7,Male,Mixed - White/Black African,0,True,10,[31],Kinship,3,1,2025-12-21 22:53:40.625587,Reason why most recent placement ended,6 months ago,1,['Trans Female'],True,True,103.35,True,Why the child left care entirely,8,Any additional context and comments about the child’s care history,16,including Mainstream,['Asian/British Asian – Indian'],Kinship,False,False,False,
15,Male,Asian/British Asian – Pakistani,0,True,18,[48],Kinship,1,1,2025-12-21 22:53:40.625587,Reason why most recent placement ended,6 months ago,1,['NULL'],True,True,499.48,False,Why the child left care entirely,5,Any additional context and comments about the child’s care history,12,including Mainstream,['Refused'],Kinship,False,False,False,
12,Female,White – British,0,True,16,[33],Kinship,4,1,2025-12-21 22:53:40.625587,Reason why most recent placement ended,6 months ago,1,['Unknown'],True,True,72.55,False,Why the child left care entirely,2,Any additional context and comments about the child’s care history,7,including Mainstream,['Asian/British Asian – Bangladeshi'],Kinship,False,False,False,
2,Male,Asian/British Asian – Pakistani,0,True,16,[49],Special Guardianship,3,1,2025-12-21 22:53:40.625587,Reason why most recent placement ended,6 months ago,1,['Non binary'],False,True,396.7,False,Why the child left care entirely,0,Any additional context and comments about the child’s care history,14,including Mainstream,['Roma'],Special Guardianship,False,False,False,
16,Female,White – British,0,False,17,[45],Fostering - Emergency,3,1,2025-12-21 22:53:40.625587,N/A,N/A,1,['Non binary'],False,False,485.32,True,N/A,0,N/A,10,including Mainstream,['Mixed - White/Asian'],Emergency Foster,False,False,True,
12,Male,White – British,0,False,13,[38],Fostering - Long Term,3,1,2025-12-21 22:53:40.625587,N/A,N/A,1,['Unknown'],True,True,17.77,False,N/A,1,N/A,2,including Mainstream,['Traveller of Irish Heritage'],Long Term Foster,False,False,False,
12,Male,White – British,0,False,17,[34],Kinship,3,1,2025-12-21 22:53:40.625587,N/A,N/A,1,['Indeterminate'],True,True,282.95,True,N/A,2,N/A,4,including Mainstream,['White - Central European'],Kinship,False,False,False,
13,Trans Male,White – British,0,False,18,[34],Kinship,4,1,2025-12-21 22:53:40.625587,N/A,N/A,1,['Indeterminate'],True,False,251.78,True,N/A,8,N/A,9,including Mainstream,['Mixed - White/Asian'],Kinship,True,False,False,
5,Male,White – British,0,True,10,[42],Residential,0,1,2025-12-21 22:53:40.625587,Reason why most recent placement ended,6 months ago,1,['Unknown'],False,True,739.81,True,Why the child left care entirely,0,Any additional context and comments about the child’s care history,13,including Mainstream,['Black/Black British – Caribbean'],Residential,False,False,False,
6,Female,Mixed - White/Black Caribbean,0,False,16,[43],Fostering - Short Term,4,1,2025-12-21 22:53:40.625587,N/A,N/A,1,['Trans Male'],False,False,510.09,True,N/A,0,N/A,1,including Mainstream,['Asian/British Asian – Chinese'],Short Term Foster,False,False,False,
1,Female,White – British,0,True,4,[45],Residential,4,1,2025-12-21 22:53:40.625587,Reason why most recent placement ended,6 months ago,1,['Male'],True,False,24.58,False,Why the child left care entirely,1,Any additional context and comments about the child’s care history,3,including Mainstream,['Asian/British Asian – Chinese'],Residential,False,False,False,
15,Female,White – British,0,True,16,[34],Adoption,3,1,2025-12-21 22:53:40.625587,Reason why most recent placement ended,6 months ago,1,['Unspecified'],True,True,972.59,True,Why the child left care entirely,8,Any additional context and comments about the child’s care history,9,including Mainstream,['Mixed - White/Asian'],Adoption,False,False,False,
4,Non binary,Asian/British Asian – Pakistani,0,False,12,[38],Fostering - Short Term,1,1,2025-12-21 22:53:40.625587,N/A,N/A,1,['Trans Male'],True,False,417.18,True,N/A,4,N/A,15,including Mainstream,['Traveller – Other'],Short Term Foster,False,False,False,
16,Female,White – Other,0,False,17,[54],Residential,5,1,2025-12-21 22:53:40.625587,N/A,N/A,1,['Indeterminate'],True,True,315.55,True,N/A,7,N/A,14,including Mainstream,['Unknown'],Residential,False,False,False,
2,Female,White – British,0,False,16,[69],Residential,1,1,2025-12-21 22:53:40.625587,N/A,N/A,1,['Non binary'],True,False,285.33,True,N/A,5,N/A,3,including Mainstream,['Mixed - White/Asian'],Residential,False,False,False,
15,Trans Male,White – British,0,True,17,[29],Special Guardianship,0,1,2025-12-21 22:53:40.625587,Reason why most recent placement ended,6 months ago,1,['Unborn'],True,True,914.84,True,Why the child left care entirely,6,Any additional context and comments about the child’s care history,8,including Mainstream,['White - Eastern European'],Special Guardianship,False,True,False,
5,Male,White – British,0,False,12,[61],Residential,3,1,2025-12-21 22:53:40.625587,N/A,N/A,1,['Unborn'],True,False,592.45,False,N/A,7,N/A,13,including Mainstream,['Unknown'],Residential,False,False,False,
2,Female,White – British,0,False,10,[68],Fostering - Short Term,5,1,2025-12-21 22:53:40.625587,N/A,N/A,1,['Non binary'],True,True,711.82,True,N/A,3,N/A,17,including Mainstream,['Information Not Yet Obtained'],Short Term Foster,False,False,False,
6,Non binary,White – British,0,False,14,[50],Fostering - Emergency,5,1,2025-12-21 22:53:40.625587,N/A,N/A,1,['Indeterminate'],True,False,590.34,True,N/A,5,N/A,4,including Mainstream,['Black/Black British – African'],Emergency Foster,False,False,False,
8,Trans Female,Asian/British Asian – Pakistani,0,False,10,[35],Fostering - Short Term,1,1,2025-12-21 22:53:40.625587,N/A,N/A,1,['Trans Male'],True,False,624.18,True,N/A,1,N/A,1,including Mainstream,['White - Central European'],Short Term Foster,False,False,False,
8,Male,White – British,0,True,17,[36],Fostering - Emergency,0,1,2025-12-21 22:53:40.625587,Reason why most recent placement ended,6 months ago,1,['Trans Male'],True,True,95.9,True,Why the child left care entirely,3,Any additional context and comments about the child’s care history,15,including Mainstream,['Asian/British Asian – Chinese'],Emergency Foster,False,False,False,
0,Male,White - Central European,0,False,1,[25],Residential,0,1,2025-12-21 22:53:40.625587,N/A,N/A,1,['Trans Female'],True,True,42.84,True,N/A,6,N/A,15,including Mainstream,['Asian/British Asian – Bangladeshi'],Residential,False,False,True,
6,Trans Male,White – British,0,True,13,[62],Fostering - Long Term,0,1,2025-12-21 22:53:40.625587,Reason why most recent placement ended,6 months ago,1,['Male'],True,False,144.89,False,Why the child left care entirely,5,Any additional context and comments about the child’s care history,13,including Mainstream,['Black/Black British – Caribbean'],Long Term Foster,True,False,False,
7,Female,White – Other,0,True,15,[30],Special Guardianship,4,1,2025-12-21 22:53:40.625587,Reason why most recent placement ended,6 months ago,1,['Indeterminate'],True,False,540.43,False,Why the child left care entirely,0,Any additional context and comments about the child’s care history,14,including Mainstream,['Gypsy'],Special Guardianship,True,False,False,
2,Female,White - Central European,0,True,9,[46],Special Guardianship,0,1,2025-12-21 22:53:40.625587,Reason why most recent placement ended,6 months ago,1,['Male'],True,False,121.37,False,Why the child left care entirely,5,Any additional context and comments about the child’s care history,2,including Mainstream,['Black/Black British – Caribbean'],Special Guardianship,True,False,False,
5,Male,White – Other,0,True,10,[39],Fostering - Emergency,5,1,2025-12-21 22:53:40.625587,Reason why most recent placement ended,6 months ago,1,['Unspecified'],True,True,878.86,False,Why the child left care entirely,0,Any additional context and comments about the child’s care history,12,including Mainstream,['Asian/British Asian – Chinese'],Emergency Foster,True,False,False,
8,Female,White – British,0,False,18,[63],Fostering - Respite,2,1,2025-12-21 22:53:40.625587,N/A,N/A,1,['Trans Female'],True,True,69.29,True,N/A,4,N/A,1,including Mainstream,['Gypsy / Roma'],Respite Foster,False,False,False,
11,Female,White – British,0,False,15,[74],Kinship,4,1,2025-12-21 22:53:40.625587,N/A,N/A,1,['Unknown'],True,False,573.11,True,N/A,0,N/A,14,including Mainstream,['Unknown'],Kinship,True,False,False,
11,Male,White – British,0,False,12,[75],Fostering - Emergency,4,1,2025-12-21 22:53:40.625587,N/A,N/A,1,['Indeterminate'],False,True,439.06,True,N/A,1,N/A,12,including Mainstream,['Black/Black British – Caribbean'],Emergency Foster,False,False,False,
8,Female,White – British,0,False,16,[43],Fostering - Short Term,4,1,2025-12-21 22:53:40.625587,N/A,N/A,1,['Non binary'],True,True,355.51,True,N/A,8,N/A,9,including Mainstream,['Unknown'],Short Term Foster,True,False,False,
17,Male,Asian/British Asian – Pakistani,0,True,18,[65],Fostering - Long Term,1,1,2025-12-21 22:53:40.625587,Reason why most recent placement ended,6 months ago,1,['Unspecified'],True,True,298.04,True,Why the child left care entirely,8,Any additional context and comments about the child’s care history,9,including Mainstream,['Asian/British Asian – Pakistani'],Long Term Foster,True,False,False,
4,Trans Female,Other Ethnic Group,0,True,8,[63],Fostering - Respite,1,1,2025-12-21 22:53:40.625587,Reason why most recent placement ended,6 months ago,1,['Female'],True,False,289.17,True,Why the child left care entirely,7,Any additional context and comments about the child’s care history,10,including Mainstream,['Information Not Yet Obtained'],Respite Foster,False,False,False,
16,Female,White - Eastern European,0,True,18,[32],Fostering - Emergency,2,1,2025-12-21 22:53:40.625587,Reason why most recent placement ended,6 months ago,1,['Unborn'],True,True,688.65,False,Why the child left care entirely,8,Any additional context and comments about the child’s care history,11,including Mainstream,['Mixed - White/Black Caribbean'],Emergency Foster,False,False,False,
9,Trans Male,Asian/British Asian – Bangladeshi,0,False,15,[35],Special Guardianship,2,1,2025-12-21 22:53:40.625587,N/A,N/A,1,['Male'],True,False,205.74,False,N/A,2,N/A,9,including Mainstream,['Asian/British Asian – Bangladeshi'],Special Guardianship,False,False,False,
15,Female,White – British,0,True,16,[36],Fostering - Long Term,1,1,2025-12-21 22:53:40.625587,Reason why most recent placement ended,6 months ago,1,['Unknown'],True,False,783.51,True,Why the child left care entirely,8,Any additional context and comments about the child’s care history,17,including Mainstream,['Gypsy'],Long Term Foster,False,False,False,
15,Male,Asian/British Asian – Indian,0,True,16,[39],Kinship,4,1,2025-12-21 22:53:40.625587,Reason why most recent placement ended,6 months ago,1,['Unspecified'],True,False,508.97,False,Why the child left care entirely,2,Any additional context and comments about the child’s care history,14,including Mainstream,['Mixed - White/Asian'],Kinship,False,False,False,
9,Female,Asian/British Asian – Bangladeshi,0,False,17,[67],Fostering - Short Term,1,1,2025-12-21 22:53:40.625587,N/A,N/A,1,['Female'],True,False,601.14,False,N/A,6,N/A,16,including Mainstream,['White - Eastern European'],Short Term Foster,False,False,False,
11,Female,White – British,0,True,15,[40],Adoption,0,1,2025-12-21 22:53:40.625587,Reason why most recent placement ended,6 months ago,1,['NULL'],True,False,150.46,True,Why the child left care entirely,4,Any additional context and comments about the child’s care history,14,including Mainstream,['Traveller – Other'],Adoption,False,False,False,
10,Female,Black/Black British – African,0,True,13,[37],Residential,1,1,2025-12-21 22:53:40.625587,Reason why most recent placement ended,6 months ago,1,['Unspecified'],True,False,641.64,True,Why the child left care entirely,3,Any additional context and comments about the child’s care history,2,including Mainstream,['White – Irish'],Residential,False,True,False,
6,Non binary,White – British,0,False,17,[38],Fostering - Short Term,3,1,2025-12-21 22:53:40.625587,N/A,N/A,1,['Female'],True,False,150.49,True,N/A,7,N/A,14,including Mainstream,['NULL'],Short Term Foster,False,False,False,
17,Female,White - Central European,0,False,18,[58],Kinship,1,1,2025-12-21 22:53:40.625587,N/A,N/A,1,['Unknown'],True,False,289.39,False,N/A,2,N/A,4,including Mainstream,['Traveller of Irish Heritage'],Kinship,True,True,False,
15,Trans Female,Asian/British Asian – Pakistani,0,False,17,[69],Fostering - Short Term,0,1,2025-12-21 22:53:40.625587,N/A,N/A,1,['Unborn'],True,True,102.33,True,N/A,1,N/A,14,including Mainstream,['Black/Black British – Other'],Short Term Foster,True,False,False,
6,Male,Asian/British Asian – Indian,0,True,7,[55],Fostering - Long Term,4,1,2025-12-21 22:53:40.625587,Reason why most recent placement ended,6 months ago,1,['Female'],True,True,344.88,True,Why the child left care entirely,2,Any additional context and comments about the child’s care history,4,including Mainstream,['Mixed - White/Asian'],Long Term Foster,False,False,True,
2,Female,Asian/British Asian – Indian,0,True,11,[26],Fostering - Respite,5,1,2025-12-21 22:53:40.625587,Reason why most recent placement ended,6 months ago,1,['Unspecified'],True,True,742.83,True,Why the child left care entirely,6,Any additional context and comments about the child’s care history,17,including Mainstream,['Asian/British Asian – Bangladeshi'],Respite Foster,False,False,False,
15,Male,Black/Black British – Caribbean,0,True,16,[28],Fostering - Long Term,5,1,2025-12-21 22:53:40.625587,Reason why most recent placement ended,6 months ago,1,['Unspecified'],True,False,151.02,False,Why the child left care entirely,0,Any additional context and comments about the child’s care history,6,including Mainstream,['Refused'],Long Term Foster,True,False,False,
8,Male,White – British,0,True,11,[59],Special Guardianship,0,1,2025-12-21 22:53:40.625587,Reason why most recent placement ended,6 months ago,1,['Trans Female'],True,False,842.47,False,Why the child left care entirely,6,Any additional context and comments about the child’s care history,0,including Mainstream,['White – Other'],Special Guardianship,False,False,False,
0,Trans Female,White – British,0,False,13,[58],Fostering - Long Term,1,1,2025-12-21 22:53:40.625587,N/A,N/A,1,['NULL'],True,True,337.57,False,N/A,2,N/A,6,including Mainstream,['Asian/British Asian – Bangladeshi'],Long Term Foster,False,False,False,
8,Female,White – British,0,False,11,[73],Residential,2,1,2025-12-21 22:53:40.625587,N/A,N/A,1,['Male'],True,True,145.08,False,N/A,6,N/A,9,including Mainstream,['Asian/British Asian – Chinese'],Residential,False,False,False,
14,Female,Asian/British Asian – Pakistani,0,True,15,[55],Residential,3,1,2025-12-21 22:53:40.625587,Reason why most recent placement ended,6 months ago,1,['Unspecified'],True,True,320.81,True,Why the child left care entirely,8,Any additional context and comments about the child’s care history,0,including Mainstream,['Asian/British Asian – Other'],Residential,True,False,False,
10,Female,White – British,0,True,12,[40],Fostering - Long Term,5,1,2025-12-21 22:53:40.625587,Reason why most recent placement ended,6 months ago,1,['Trans Male'],True,True,16.95,False,Why the child left care entirely,5,Any additional context and comments about the child’s care history,4,including Mainstream,['Black/Black British – Caribbean'],Long Term Foster,False,False,False,
16,Male,Traveller – Other,0,True,18,[60],Adoption,1,1,2025-12-21 22:53:40.625587,Reason why most recent placement ended,6 months ago,1,['Male'],True,True,857.17,False,Why the child left care entirely,0,Any additional context and comments about the child’s care history,14,including Mainstream,['White – British'],Adoption,False,False,False,
8,Female,White – British,0,False,16,[71],Fostering - Emergency,2,1,2025-12-21 22:53:40.625587,N/A,N/A,1,['Indeterminate'],True,True,136.74,True,N/A,3,N/A,4,including Mainstream,['Black/Black British – Caribbean'],Emergency Foster,False,False,False,
11,Male,White – British,0,False,13,[73],Fostering - Short Term,3,1,2025-12-21 22:53:40.625587,N/A,N/A,1,['Unspecified'],True,False,429.62,False,N/A,2,N/A,9,including Mainstream,['White – British'],Short Term Foster,False,False,False,
4,Female,Mixed – Other,0,False,10,[36],Fostering - Short Term,0,1,2025-12-21 22:53:40.625587,N/A,N/A,1,['Indeterminate'],True,False,147.6,True,N/A,2,N/A,14,including Mainstream,['Traveller of Irish Heritage'],Short Term Foster,True,False,False,
17,Male,White – British,0,True,18,[30],Fostering - Short Term,3,1,2025-12-21 22:53:40.625587,Reason why most recent placement ended,6 months ago,1,['Non binary'],True,True,217.06,True,Why the child left care entirely,0,Any additional context and comments about the child’s care history,17,including Mainstream,['Mixed - White/Asian'],Short Term Foster,False,False,True,
1,Female,Asian/British Asian – Pakistani,0,False,12,[48],Special Guardianship,3,1,2025-12-21 22:53:40.625587,N/A,N/A,1,['Unknown'],True,False,51.68,True,N/A,1,N/A,7,including Mainstream,['Mixed - White/Asian'],Special Guardianship,False,False,False,
10,Male,Asian/British Asian – Pakistani,0,True,18,[55],Fostering - Respite,3,1,2025-12-21 22:53:40.625587,Reason why most recent placement ended,6 months ago,1,['Non binary'],False,False,469.01,True,Why the child left care entirely,0,Any additional context and comments about the child’s care history,0,including Mainstream,['Roma'],Respite Foster,False,False,False,
16,Male,White – British,0,False,17,[27],Fostering - Long Term,5,1,2025-12-21 22:53:40.625587,N/A,N/A,1,['Male'],True,True,287.21,True,N/A,2,N/A,12,including Mainstream,['Mixed – Other'],Long Term Foster,False,False,False,
0,Female,White – British,0,True,8,[36],Fostering - Emergency,5,1,2025-12-21 22:53:40.625587,Reason why most recent placement ended,6 months ago,1,['Male'],True,True,965.81,True,Why the child left care entirely,2,Any additional context and comments about the child’s care history,5,including Mainstream,['White – Other'],Emergency Foster,False,True,False,
1,Male,White – British,0,True,3,[32],Residential,5,1,2025-12-21 22:53:40.625587,Reason why most recent placement ended,6 months ago,1,['Trans Female'],True,False,263.75,False,Why the child left care entirely,1,Any additional context and comments about the child’s care history,12,including Mainstream,['Asian/British Asian – Indian'],Residential,True,False,False,
5,Male,White - Eastern European,0,False,14,[38],Fostering - Emergency,5,1,2025-12-21 22:53:40.625587,N/A,N/A,1,['Non binary'],True,False,579.56,False,N/A,1,N/A,5,including Mainstream,['Refused'],Emergency Foster,True,False,False,
17,Female,Asian/British Asian – Pakistani,0,False,18,[58],Fostering - Emergency,5,1,2025-12-21 22:53:40.625587,N/A,N/A,1,['Unknown'],True,False,230.5,True,N/A,3,N/A,8,including Mainstream,['Asian/British Asian – Indian'],Emergency Foster,False,False,False,
13,Trans Male,Asian/British Asian – Other,0,True,16,[44],Residential,0,1,2025-12-21 22:53:40.625587,Reason why most recent placement ended,6 months ago,1,['Non binary'],True,True,953.21,False,Why the child left care entirely,6,Any additional context and comments about the child’s care history,12,including Mainstream,['Other Ethnic Group'],Residential,False,False,False,
16,Trans Male,White – Other,0,True,17,[68],Fostering - Short Term,3,1,2025-12-21 22:53:40.625587,Reason why most recent placement ended,6 months ago,1,['Non binary'],False,True,67.55,False,Why the child left care entirely,1,Any additional context and comments about the child’s care history,4,including Mainstream,['Asian/British Asian – Pakistani'],Short Term Foster,False,False,False,
12,Female,White – British,0,False,18,[46],Adoption,3,1,2025-12-21 22:53:40.625587,N/A,N/A,1,['Trans Female'],True,True,510.26,False,N/A,5,N/A,11,including Mainstream,['White – Other'],Adoption,True,False,False,
11,Male,Asian/British Asian – Pakistani,0,True,14,[53],Fostering - Short Term,2,1,2025-12-21 22:53:40.625587,Reason why most recent placement ended,6 months ago,1,['NULL'],True,False,148.06,True,Why the child left care entirely,2,Any additional context and comments about the child’s care history,10,including Mainstream,['Black/Black British – Other'],Short Term Foster,True,True,False,
11,Female,White – British,0,False,13,[68],Fostering - Emergency,3,1,2025-12-21 22:53:40.625587,N/A,N/A,1,['Indeterminate'],False,True,685.93,False,N/A,1,N/A,6,including Mainstream,['White – Irish'],Emergency Foster,False,False,False,
10,Male,White – British,0,False,12,[46],Special Guardianship,4,1,2025-12-21 22:53:40.625587,N/A,N/A,1,['Indeterminate'],True,False,726.06,False,N/A,4,N/A,3,including Mainstream,['White - Eastern European'],Special Guardianship,False,False,False,
8,Female,White – British,0,True,9,[47],Special Guardianship,2,1,2025-12-21 22:53:40.625587,Reason why most recent placement ended,6 months ago,1,['Unborn'],True,False,998.81,False,Why the child left care entirely,7,Any additional context and comments about the child’s care history,17,including Mainstream,['Refused'],Special Guardianship,False,True,False,
16,Non binary,Asian/British Asian – Pakistani,0,True,18,[74],Special Guardianship,3,1,2025-12-21 22:53:40.625587,Reason why most recent placement ended,6 months ago,1,['Non binary'],True,False,827.2,False,Why the child left care entirely,2,Any additional context and comments about the child’s care history,16,including Mainstream,['Traveller of Irish Heritage'],Special Guardianship,True,True,False,
14,Female,White – British,0,False,15,[31],Fostering - Long Term,2,1,2025-12-21 22:53:40.625587,N/A,N/A,1,['Non binary'],True,False,300.81,False,N/A,3,N/A,10,including Mainstream,['White – Other'],Long Term Foster,True,False,True,
15,Male,Mixed – Other,0,True,17,[39],Fostering - Emergency,2,1,2025-12-21 22:53:40.625587,Reason why most recent placement ended,6 months ago,1,['NULL'],True,False,278.32,True,Why the child left care entirely,8,Any additional context and comments about the child’s care history,17,including Mainstream,['Traveller of Irish Heritage'],Emergency Foster,False,False,False,
8,Trans Female,Asian/British Asian – Indian,0,False,10,[75],Special Guardianship,2,1,2025-12-21 22:53:40.625587,N/A,N/A,1,['Female'],True,True,633.25,False,N/A,1,N/A,5,including Mainstream,['Roma'],Special Guardianship,False,False,False,
8,Female,Asian/British Asian – Pakistani,0,True,12,[27],Kinship,4,1,2025-12-21 22:53:40.625587,Reason why most recent placement ended,6 months ago,1,['Unspecified'],True,False,227.83,True,Why the child left care entirely,8,Any additional context and comments about the child’s care history,9,including Mainstream,['Black/Black British – Other'],Kinship,False,True,False,
9,Trans Female,White – British,0,True,14,[49],Kinship,0,1,2025-12-21 22:53:40.625587,Reason why most recent placement ended,6 months ago,1,['Trans Male'],True,True,952.15,False,Why the child left care entirely,4,Any additional context and comments about the child’s care history,14,including Mainstream,['Asian/British Asian – Bangladeshi'],Kinship,False,False,False,
10,Female,White – British,0,False,15,[53],Special Guardianship,4,1,2025-12-21 22:53:40.625587,N/A,N/A,1,['Unknown'],True,False,26.86,True,N/A,3,N/A,17,including Mainstream,['NULL'],Special Guardianship,True,True,False,
0,Female,White – British,0,False,1,[74],Fostering - Emergency,0,1,2025-12-21 22:53:40.625587,N/A,N/A,1,['NULL'],True,True,864.1,False,N/A,4,N/A,0,including Mainstream,['Mixed - White/Black African'],Emergency Foster,True,False,False,
16,Male,Asian/British Asian – Pakistani,0,True,17,[52],Fostering - Emergency,2,1,2025-12-21 22:53:40.625587,Reason why most recent placement ended,6 months ago,1,['Indeterminate'],True,False,265.24,True,Why the child left care entirely,5,Any additional context and comments about the child’s care history,3,including Mainstream,['Traveller of Irish Heritage'],Emergency Foster,False,False,False,
17,Male,White – British,0,False,18,[36],Fostering - Long Term,1,1,2025-12-21 22:53:40.625587,N/A,N/A,1,['Unknown'],True,True,122.48,False,N/A,7,N/A,12,including Mainstream,['Traveller – Other'],Long Term Foster,True,True,False,
11,Trans Female,Asian/British Asian – Pakistani,0,False,13,[47],Fostering - Long Term,1,1,2025-12-21 22:53:40.625587,N/A,N/A,1,['NULL'],True,True,693.05,False,N/A,6,N/A,2,including Mainstream,['Dual Heritage - Black/White'],Long Term Foster,True,True,False,
2,Trans Male,White – British,0,False,8,[43],Kinship,5,1,2025-12-21 22:53:40.625587,N/A,N/A,1,['Unspecified'],True,True,334.24,True,N/A,1,N/A,9,including Mainstream,['Mixed - White/Black African'],Kinship,True,False,False,
10,Trans Female,Asian/British Asian – Pakistani,0,True,12,[73],Residential,2,1,2025-12-21 22:53:40.625587,Reason why most recent placement ended,6 months ago,1,['Male'],True,False,157.54,True,Why the child left care entirely,2,Any additional context and comments about the child’s care history,7,including Mainstream,['Mixed - White/Asian'],Residential,True,False,False,
14,Male,White – British,0,False,17,[40],Residential,2,1,2025-12-21 22:53:40.625587,N/A,N/A,1,['Unborn'],True,True,711.24,False,N/A,7,N/A,6,including Mainstream,['Traveller – Other'],Residential,False,False,False,
0,Non binary,Asian/British Asian – Pakistani,0,True,14,[46],Fostering - Long Term,4,1,2025-12-21 22:53:40.625587,Reason why most recent placement ended,6 months ago,1,['Unborn'],True,False,638.19,True,Why the child left care entirely,2,Any additional context and comments about the child’s care history,14,including Mainstream,['Information Not Yet Obtained'],Long Term Foster,False,False,False,
1,Female,White – British,0,False,7,[74],Fostering - Long Term,3,1,2025-12-21 22:53:40.625587,N/A,N/A,1,['Male'],True,True,4.62,False,N/A,8,N/A,4,including Mainstream,['Asian/British Asian – Other'],Long Term Foster,True,False,False,
3,Male,Asian/British Asian – Pakistani,0,True,6,[36],Adoption,5,1,2025-12-21 22:53:40.625587,Reason why most recent placement ended,6 months ago,1,['Trans Female'],True,True,835.92,False,Why the child left care entirely,0,Any additional context and comments about the child’s care history,4,including Mainstream,['White – Other'],Adoption,False,False,False,
5,Male,Asian/British Asian – Pakistani,0,True,9,[45],Special Guardianship,2,1,2025-12-21 22:53:40.625587,Reason why most recent placement ended,6 months ago,1,['Non binary'],True,False,654.53,True,Why the child left care entirely,7,Any additional context and comments about the child’s care history,5,including Mainstream,['Gypsy'],Special Guardianship,False,True,False,
14,Trans Male,White – British,0,True,17,[48],Adoption,1,1,2025-12-21 22:53:40.625587,Reason why most recent placement ended,6 months ago,1,['Unborn'],True,True,29.31,True,Why the child left care entirely,8,Any additional context and comments about the child’s care history,9,including Mainstream,['Other Ethnic Group'],Adoption,True,False,False,
16,Trans Female,White – British,0,True,17,[26],Residential,4,1,2025-12-21 22:53:40.625587,Reason why most recent placement ended,6 months ago,1,['Unspecified'],False,False,340.33,False,Why the child left care entirely,1,Any additional context and comments about the child’s care history,17,including Mainstream,['White – British'],Residential,False,False,False,
12,Male,White – British,0,True,18,[72],Kinship,0,1,2025-12-21 22:53:40.625587,Reason why most recent placement ended,6 months ago,1,['Trans Female'],True,False,483.49,True,Why the child left care entirely,5,Any additional context and comments about the child’s care history,0,including Mainstream,['Asian/British Asian – Pakistani'],Kinship,False,True,False,
3,Trans Male,Asian/British Asian – Indian,0,True,9,[58],Fostering - Respite,3,1,2025-12-21 22:53:40.625587,Reason why most recent placement ended,6 months ago,1,['Trans Female'],True,False,872.96,False,Why the child left care entirely,8,Any additional context and comments about the child’s care history,8,including Mainstream,['Black/Black British – African'],Respite Foster,True,False,False,
6,Trans Female,Asian/British Asian – Bangladeshi,0,True,12,[54],Residential,0,1,2025-12-21 22:53:40.625587,Reason why most recent placement ended,6 months ago,1,['Unspecified'],True,True,963.49,False,Why the child left care entirely,8,Any additional context and comments about the child’s care history,0,including Mainstream,['Refused'],Residential,False,False,False,
9,Female,Asian/British Asian – Pakistani,0,True,16,[65],Fostering - Short Term,2,1,2025-12-21 22:53:40.625587,Reason why most recent placement ended,6 months ago,1,['Unspecified'],True,False,65.71,False,Why the child left care entirely,3,Any additional context and comments about the child’s care history,4,including Mainstream,['Asian/British Asian – Other'],Short Term Foster,False,False,False,
15,Non binary,White - Central European,0,False,16,[70],Residential,1,1,2025-12-21 22:53:40.625587,N/A,N/A,1,['Unspecified'],True,False,370.28,True,N/A,1,N/A,1,including Mainstream,['White – Irish'],Residential,False,False,False,
12,Non binary,White – British,0,True,18,[71],Fostering - Respite,1,1,2025-12-21 22:53:40.625587,Reason why most recent placement ended,6 months ago,1,['NULL'],True,False,630.41,False,Why the child left care entirely,0,Any additional context and comments about the child’s care history,11,including Mainstream,['Refused'],Respite Foster,True,False,False,
14,Female,White – British,0,False,16,[68],Kinship,2,1,2025-12-21 22:53:40.625587,N/A,N/A,1,['Trans Male'],True,False,196.65,True,N/A,3,N/A,4,including Mainstream,['Traveller of Irish Heritage'],Kinship,False,False,False,
15,Trans Female,Roma,0,True,16,[26],Fostering - Respite,2,1,2025-12-21 22:53:40.625587,Reason why most recent placement ended,6 months ago,1,['Unknown'],True,True,344.81,True,Why the child left care entirely,4,Any additional context and comments about the child’s care history,16,including Mainstream,['Refused'],Respite Foster,False,False,False,
14,Trans Male,White - Eastern European,0,False,18,[32],Fostering - Emergency,3,1,2025-12-21 22:53:40.625587,N/A,N/A,1,['NULL'],False,False,409.14,True,N/A,0,N/A,14,including Mainstream,['Black/Black British – Caribbean'],Emergency Foster,False,False,False,
8,Non binary,Asian/British Asian – Pakistani,0,False,10,[41],Fostering - Emergency,0,1,2025-12-21 22:53:40.625587,N/A,N/A,1,['NULL'],True,False,618.82,True,N/A,3,N/A,1,including Mainstream,['Asian/British Asian – Other'],Emergency Foster,False,False,False,
6,Female,White - Central European,0,False,8,[54],Special Guardianship,1,1,2025-12-21 22:53:40.625587,N/A,N/A,1,['Male'],True,False,186.23,True,N/A,5,N/A,17,including Mainstream,['Asian/British Asian – Pakistani'],Special Guardianship,False,False,False,
0,Trans Female,White – British,0,True,5,[57],Fostering - Short Term,4,1,2025-12-21 22:53:40.625587,Reason why most recent placement ended,6 months ago,1,['Indeterminate'],True,False,140.49,False,Why the child left care entirely,0,Any additional context and comments about the child’s care history,2,including Mainstream,['Information Not Yet Obtained'],Short Term Foster,True,False,True,
1,Female,White – British,0,True,8,[57],Special Guardianship,1,1,2025-12-21 22:53:40.625587,Reason why most recent placement ended,6 months ago,1,['Trans Male'],True,False,275.69,False,Why the child left care entirely,1,Any additional context and comments about the child’s care history,14,including Mainstream,['Mixed - White/Black Caribbean'],Special Guardianship,True,False,False,
0,Male,Asian/British Asian – Indian,0,False,14,[58],Fostering - Respite,4,1,2025-12-21 22:53:40.625587,N/A,N/A,1,['Non binary'],True,False,641.76,True,N/A,3,N/A,17,including Mainstream,['Gypsy / Roma'],Respite Foster,False,False,False,
17,Non binary,Asian/British Asian – Pakistani,0,False,18,[64],Fostering - Respite,3,1,2025-12-21 22:53:40.625587,N/A,N/A,1,['NULL'],True,True,127.25,True,N/A,6,N/A,17,including Mainstream,['White – Irish'],Respite Foster,False,True,False,
2,Trans Female,White – British,0,False,12,[46],Adoption,0,1,2025-12-21 22:53:40.625587,N/A,N/A,1,['Indeterminate'],True,True,615.81,True,N/A,6,N/A,14,including Mainstream,['Asian/British Asian – Indian'],Adoption,False,False,False,
11,Male,White – British,0,False,14,[60],Fostering - Short Term,1,1,2025-12-21 22:53:40.625587,N/A,N/A,1,['Female'],False,False,637.9,False,N/A,1,N/A,2,including Mainstream,['Traveller – Other'],Short Term Foster,False,False,False,
17,Female,Asian/British Asian – Pakistani,0,True,18,[44],Kinship,1,1,2025-12-21 22:53:40.625587,Reason why most recent placement ended,6 months ago,1,['Unknown'],False,True,467.77,False,Why the child left care entirely,1,Any additional context and comments about the child’s care history,6,including Mainstream,['Asian/British Asian – Other'],Kinship,True,False,False,
7,Non binary,White – British,0,False,18,[29],Special Guardianship,3,1,2025-12-21 22:53:40.625587,N/A,N/A,1,['Non binary'],True,True,715.53,False,N/A,7,N/A,2,including Mainstream,['Gypsy'],Special Guardianship,False,True,False,
1,Trans Male,White – British,0,False,14,[62],Fostering - Respite,4,1,2025-12-21 22:53:40.625587,N/A,N/A,1,['Trans Male'],True,False,98.35,False,N/A,8,N/A,10,including Mainstream,['Asian/British Asian – Other'],Respite Foster,False,False,False,
12,Trans Male,Asian/British Asian – Pakistani,0,True,18,[52],Adoption,1,1,2025-12-21 22:53:40.625587,Reason why most recent placement ended,6 months ago,1,['Indeterminate'],True,True,762.33,True,Why the child left care entirely,3,Any additional context and comments about the child’s care history,15,including Mainstream,['Dual Heritage - Black/White'],Adoption,False,True,False,
3,Trans Female,White – British,0,True,11,[27],Fostering - Short Term,1,1,2025-12-21 22:53:40.625587,Reason why most recent placement ended,6 months ago,1,['Unborn'],False,False,309.94,True,Why the child left care entirely,0,Any additional context and comments about the child’s care history,12,including Mainstream,['Black/Black British – Other'],Short Term Foster,False,False,False,
4,Trans Male,White – British,0,True,5,[72],Special Guardianship,0,1,2025-12-21 22:53:40.625587,Reason why most recent placement ended,6 months ago,1,['Unspecified'],True,False,145.54,True,Why the child left care entirely,2,Any additional context and comments about the child’s care history,6,including Mainstream,['Mixed - White/Black African'],Special Guardianship,True,False,False,
17,Male,White – British,0,False,18,[75],Kinship,0,1,2025-12-21 22:53:40.625587,N/A,N/A,1,['Unspecified'],False,False,36.38,True,N/A,0,N/A,0,including Mainstream,['Gypsy'],Kinship,False,False,False,
2,Trans Female,White – British,0,True,4,[68],Fostering - Respite,0,1,2025-12-21 22:53:40.625587,Reason why most recent placement ended,6 months ago,1,['Unknown'],True,False,592.82,False,Why the child left care entirely,3,Any additional context and comments about the child’s care history,14,including Mainstream,['Roma'],Respite Foster,False,False,False,
5,Non binary,White – British,0,False,12,[39],Kinship,5,1,2025-12-21 22:53:40.625587,N/A,N/A,1,['Trans Male'],True,False,456.58,False,N/A,5,N/A,14,including Mainstream,['Mixed - White/Asian'],Kinship,True,False,False,
17,Female,Black/Black British – African,0,False,18,[69],Residential,5,1,2025-12-21 22:53:40.625587,N/A,N/A,1,['Male'],True,False,843.44,False,N/A,2,N/A,0,including Mainstream,['Asian/British Asian – Indian'],Residential,True,False,True,
16,Trans Female,White – British,0,True,17,[75],Special Guardianship,4,1,2025-12-21 22:53:40.625587,Reason why most recent placement ended,6 months ago,1,['Unspecified'],True,True,876.16,False,Why the child left care entirely,0,Any additional context and comments about the child’s care history,17,including Mainstream,['White – British'],Special Guardianship,False,False,False,
8,Female,Asian/British Asian – Pakistani,0,False,18,[69],Residential,1,1,2025-12-21 22:53:40.625587,N/A,N/A,1,['Female'],True,True,132.18,False,N/A,8,N/A,17,including Mainstream,['Gypsy / Roma'],Residential,True,False,False,
13,Male,White – British,0,False,17,[63],Fostering - Emergency,0,1,2025-12-21 22:53:40.625587,N/A,N/A,1,['Indeterminate'],True,True,857.56,True,N/A,3,N/A,11,including Mainstream,['Traveller – Other'],Emergency Foster,True,False,False,
10,Trans Female,White – British,0,False,14,[39],Kinship,1,1,2025-12-21 22:53:40.625587,N/A,N/A,1,['Trans Male'],True,False,835.24,False,N/A,5,N/A,1,including Mainstream,['Asian/British Asian – Chinese'],Kinship,True,False,True,
2,Female,White – British,0,False,15,[27],Fostering - Long Term,4,1,2025-12-21 22:53:40.625587,N/A,N/A,1,['Female'],True,True,987.13,True,N/A,8,N/A,6,including Mainstream,['Other Ethnic Group'],Long Term Foster,True,False,False,
8,Female,White – British,0,False,11,[32],Special Guardianship,2,1,2025-12-21 22:53:40.625587,N/A,N/A,1,['Trans Male'],True,False,361.28,False,N/A,1,N/A,17,including Mainstream,['Gypsy / Roma'],Special Guardianship,True,False,False,
14,Female,White – British,0,True,17,[38],Fostering - Short Term,5,1,2025-12-21 22:53:40.625587,Reason why most recent placement ended,6 months ago,1,['Female'],True,True,340.49,True,Why the child left care entirely,3,Any additional context and comments about the child’s care history,6,including Mainstream,['Refused'],Short Term Foster,False,False,False,
6,Trans Male,Asian/British Asian – Bangladeshi,0,True,11,[62],Adoption,3,1,2025-12-21 22:53:40.625587,Reason why most recent placement ended,6 months ago,1,['Male'],True,False,122.2,True,Why the child left care entirely,4,Any additional context and comments about the child’s care history,5,including Mainstream,['White – British'],Adoption,True,False,False,
13,Female,White – British,0,False,15,[65],Fostering - Short Term,4,1,2025-12-21 22:53:40.625587,N/A,N/A,1,['Unspecified'],True,True,719.01,True,N/A,3,N/A,4,including Mainstream,['Asian/British Asian – Pakistani'],Short Term Foster,False,True,False,
7,Female,White - Eastern European,0,True,16,[47],Residential,0,1,2025-12-21 22:53:40.625587,Reason why most recent placement ended,6 months ago,1,['Male'],True,True,337.87,True,Why the child left care entirely,2,Any additional context and comments about the child’s care history,10,including Mainstream,['White – British'],Residential,False,True,False,
16,Male,White – British,0,True,17,[75],Fostering - Emergency,4,1,2025-12-21 22:53:40.625587,Reason why most recent placement ended,6 months ago,1,['Female'],True,True,616.21,False,Why the child left care entirely,8,Any additional context and comments about the child’s care history,16,including Mainstream,['Mixed - White/Black African'],Emergency Foster,False,False,False,
12,Female,Traveller – Other,0,False,16,[67],Fostering - Respite,2,1,2025-12-21 22:53:40.625587,N/A,N/A,1,['Trans Male'],True,True,99.07,True,N/A,6,N/A,12,including Mainstream,['Roma'],Respite Foster,False,True,False,
16,Trans Female,White – British,0,False,17,[32],Special Guardianship,0,1,2025-12-21 22:53:40.625587,N/A,N/A,1,['Unspecified'],True,False,461.93,False,N/A,2,N/A,5,including Mainstream,['Black/Black British – Other'],Special Guardianship,True,False,False,
17,Male,White – British,0,False,18,[51],Fostering - Respite,4,1,2025-12-21 22:53:40.625587,N/A,N/A,1,['Unborn'],True,False,390.66,False,N/A,4,N/A,13,including Mainstream,['White – Other'],Respite Foster,False,False,False,
3,Female,White – British,0,True,10,[34],Fostering - Respite,1,1,2025-12-21 22:53:40.625587,Reason why most recent placement ended,6 months ago,1,['Unborn'],False,True,122.72,True,Why the child left care entirely,1,Any additional context and comments about the child’s care history,15,including Mainstream,['Gypsy'],Respite Foster,True,False,False,
16,Trans Female,White – British,0,True,18,[65],Kinship,2,1,2025-12-21 22:53:40.625587,Reason why most recent placement ended,6 months ago,1,['Indeterminate'],True,False,271.68,False,Why the child left care entirely,8,Any additional context and comments about the child’s care history,13,including Mainstream,['Refused'],Kinship,False,False,False,
11,Female,Asian/British Asian – Indian,0,False,18,[68],Fostering - Respite,5,1,2025-12-21 22:53:40.625587,N/A,N/A,1,['Trans Male'],True,False,338.04,False,N/A,7,N/A,13,including Mainstream,['Black/Black British – Other'],Respite Foster,False,False,False,
8,Male,White – Other,0,True,15,[58],Kinship,4,1,2025-12-21 22:53:40.625587,Reason why most recent placement ended,6 months ago,1,['Trans Female'],True,True,103.36,True,Why the child left care entirely,3,Any additional context and comments about the child’s care history,9,including Mainstream,['Asian/British Asian – Bangladeshi'],Kinship,False,False,False,
10,Female,Asian/British Asian – Pakistani,0,False,15,[35],Kinship,4,1,2025-12-21 22:53:40.625587,N/A,N/A,1,['Unknown'],True,False,642.36,True,N/A,5,N/A,13,including Mainstream,['Traveller of Irish Heritage'],Kinship,True,True,False,
6,Male,Asian/British Asian – Chinese,0,False,14,[30],Fostering - Short Term,5,1,2025-12-21 22:53:40.625587,N/A,N/A,1,['Non binary'],True,True,565.53,False,N/A,6,N/A,8,including Mainstream,['Mixed - White/Asian'],Short Term Foster,False,False,False,
2,Trans Female,White – British,0,True,4,[75],Special Guardianship,4,1,2025-12-21 22:53:40.625587,Reason why most recent placement ended,6 months ago,1,['NULL'],True,False,614.59,False,Why the child left care entirely,2,Any additional context and comments about the child’s care history,7,including Mainstream,['Asian/British Asian – Pakistani'],Special Guardianship,True,False,False,
17,Non binary,Asian/British Asian – Pakistani,0,True,18,[59],Special Guardianship,1,1,2025-12-21 22:53:40.625587,Reason why most recent placement ended,6 months ago,1,['Unspecified'],True,False,706.65,True,Why the child left care entirely,0,Any additional context and comments about the child’s care history,6,including Mainstream,['Gypsy / Roma'],Special Guardianship,False,False,False,
8,Female,Asian/British Asian – Pakistani,0,True,16,[65],Kinship,3,1,2025-12-21 22:53:40.625587,Reason why most recent placement ended,6 months ago,1,['Unborn'],True,False,252.39,False,Why the child left care entirely,7,Any additional context and comments about the child’s care history,16,including Mainstream,['Black/Black British – Caribbean'],Kinship,False,True,False,
3,Female,White – Other,0,False,7,[36],Special Guardianship,4,1,2025-12-21 22:53:40.625587,N/A,N/A,1,['Unspecified'],True,True,367.65,False,N/A,3,N/A,7,including Mainstream,['White – Other'],Special Guardianship,False,False,False,
12,Male,Asian/British Asian – Pakistani,0,True,15,[33],Special Guardianship,3,1,2025-12-21 22:53:40.625587,Reason why most recent placement ended,6 months ago,1,['Unborn'],False,True,684.28,False,Why the child left care entirely,1,Any additional context and comments about the child’s care history,12,including Mainstream,['Black/Black British – Caribbean'],Special Guardianship,False,False,False,
6,Female,White – British,0,True,11,[37],Fostering - Long Term,4,1,2025-12-21 22:53:40.625587,Reason why most recent placement ended,6 months ago,1,['Unborn'],True,True,674.1,True,Why the child left care entirely,7,Any additional context and comments about the child’s care history,14,including Mainstream,['Asian/British Asian – Bangladeshi'],Long Term Foster,False,True,False,
4,Female,White – British,0,True,5,[42],Fostering - Respite,0,1,2025-12-21 22:53:40.625587,Reason why most recent placement ended,6 months ago,1,['Trans Male'],False,False,336.49,True,Why the child left care entirely,1,Any additional context and comments about the child’s care history,0,including Mainstream,['Gypsy / Roma'],Respite Foster,False,False,False,
17,Female,White – British,0,True,18,[27],Fostering - Short Term,1,1,2025-12-21 22:53:40.625587,Reason why most recent placement ended,6 months ago,1,['Trans Female'],True,False,978.99,False,Why the child left care entirely,5,Any additional context and comments about the child’s care history,5,including Mainstream,['Mixed - White/Asian'],Short Term Foster,True,False,False,
9,Female,White – British,0,True,12,[66],Kinship,5,1,2025-12-21 22:53:40.625587,Reason why most recent placement ended,6 months ago,1,['Indeterminate'],False,False,182.08,True,Why the child left care entirely,1,Any additional context and comments about the child’s care history,0,including Mainstream,['White - Central European'],Kinship,False,False,False,
16,Male,White – British,0,True,17,[25],Kinship,1,1,2025-12-21 22:53:40.625587,Reason why most recent placement ended,6 months ago,1,['Unspecified'],True,False,266.85,False,Why the child left care entirely,2,Any additional context and comments about the child’s care history,8,including Mainstream,['Mixed - White/Asian'],Kinship,False,False,False,
7,Female,White – British,0,True,14,[36],Residential,2,1,2025-12-21 22:53:40.625587,Reason why most recent placement ended,6 months ago,1,['Trans Female'],True,False,848.51,False,Why the child left care entirely,3,Any additional context and comments about the child’s care history,12,including Mainstream,['Unknown'],Residential,False,False,False,
6,Female,Asian/British Asian – Bangladeshi,0,True,7,[57],Fostering - Emergency,5,1,2025-12-21 22:53:40.625587,Reason why most recent placement ended,6 months ago,1,['Unborn'],True,True,191.33,False,Why the child left care entirely,1,Any additional context and comments about the child’s care history,9,including Mainstream,['Other Ethnic Group'],Emergency Foster,False,False,False,
11,Trans Female,Asian/British Asian – Indian,0,True,12,[34],Fostering - Emergency,0,1,2025-12-21 22:53:40.625587,Reason why most recent placement ended,6 months ago,1,['Non binary'],True,False,827.22,True,Why the child left care entirely,7,Any additional context and comments about the child’s care history,16,including Mainstream,['Asian/British Asian – Bangladeshi'],Emergency Foster,False,False,False,
9,Non binary,White – British,0,False,13,[72],Fostering - Long Term,3,1,2025-12-21 22:53:40.625587,N/A,N/A,1,['Unspecified'],True,False,663.05,True,N/A,3,N/A,13,including Mainstream,['Gypsy'],Long Term Foster,False,False,False,
13,Male,Other Ethnic Group,0,True,17,[57],Fostering - Respite,3,1,2025-12-21 22:53:40.625587,Reason why most recent placement ended,6 months ago,1,['Indeterminate'],True,False,628.69,True,Why the child left care entirely,4,Any additional context and comments about the child’s care history,10,including Mainstream,['Asian/British Asian – Indian'],Respite Foster,False,False,False,
4,Female,White - Central European,0,True,10,[54],Fostering - Long Term,5,1,2025-12-21 22:53:40.625587,Reason why most recent placement ended,6 months ago,1,['Non binary'],True,False,165.25,True,Why the child left care entirely,3,Any additional context and comments about the child’s care history,16,including Mainstream,['Refused'],Long Term Foster,False,True,False,
1,Female,White – British,0,False,8,[64],Kinship,1,1,2025-12-21 22:53:40.625587,N/A,N/A,1,['Unspecified'],True,False,911.07,True,N/A,7,N/A,14,including Mainstream,['White - Eastern European'],Kinship,False,True,False,
16,Male,White – Other,0,True,17,[62],Fostering - Long Term,2,1,2025-12-21 22:53:40.625587,Reason why most recent placement ended,6 months ago,1,['Unborn'],True,False,406.4,False,Why the child left care entirely,4,Any additional context and comments about the child’s care history,9,including Mainstream,['Unknown'],Long Term Foster,False,False,True,
10,Male,White – British,0,False,12,[38],Adoption,0,1,2025-12-21 22:53:40.625587,N/A,N/A,1,['Non binary'],True,False,566.39,True,N/A,5,N/A,17,including Mainstream,['Asian/British Asian – Pakistani'],Adoption,False,False,False,
13,Trans Male,Dual Heritage - Black/White,0,False,16,[27],Adoption,3,1,2025-12-21 22:53:40.625587,N/A,N/A,1,['Non binary'],True,False,505.45,True,N/A,5,N/A,6,including Mainstream,['Traveller – Other'],Adoption,True,False,False,
11,Trans Female,Asian/British Asian – Indian,0,True,17,[68],Kinship,0,1,2025-12-21 22:53:40.625587,Reason why most recent placement ended,6 months ago,1,['Unborn'],True,True,44.89,True,Why the child left care entirely,3,Any additional context and comments about the child’s care history,5,including Mainstream,['White - Central European'],Kinship,True,False,False,
0,Non binary,White – British,0,True,13,[25],Fostering - Respite,3,1,2025-12-21 22:53:40.625587,Reason why most recent placement ended,6 months ago,1,['Male'],True,False,106.17,False,Why the child left care entirely,5,Any additional context and comments about the child’s care history,7,including Mainstream,['Roma'],Respite Foster,False,False,False,
10,Male,White – British,0,True,12,[28],Kinship,1,1,2025-12-21 22:53:40.625587,Reason why most recent placement ended,6 months ago,1,['NULL'],True,True,149.16,True,Why the child left care entirely,8,Any additional context and comments about the child’s care history,11,including Mainstream,['Asian/British Asian – Chinese'],Kinship,False,False,False,
15,Male,Black/Black British – African,0,True,17,[35],Fostering - Long Term,2,1,2025-12-21 22:53:40.625587,Reason why most recent placement ended,6 months ago,1,['Unspecified'],True,True,60.71,True,Why the child left care entirely,7,Any additional context and comments about the child’s care history,12,including Mainstream,['Traveller – Other'],Long Term Foster,False,False,False,
17,Female,Mixed - White/Black Caribbean,0,True,18,[43],Special Guardianship,5,1,2025-12-21 22:53:40.625587,Reason why most recent placement ended,6 months ago,1,['Male'],True,True,373.61,False,Why the child left care entirely,8,Any additional context and comments about the child’s care history,9,including Mainstream,['NULL'],Special Guardianship,True,False,False,
8,Trans Female,White – British,0,True,16,[66],Special Guardianship,5,1,2025-12-21 22:53:40.625587,Reason why most recent placement ended,6 months ago,1,['Unspecified'],True,False,199.5,True,Why the child left care entirely,5,Any additional context and comments about the child’s care history,3,including Mainstream,['Black/Black British – African'],Special Guardianship,False,False,False,
17,Non binary,White – British,0,True,18,[57],Adoption,5,1,2025-12-21 22:53:40.625587,Reason why most recent placement ended,6 months ago,1,['Indeterminate'],False,True,303.4,False,Why the child left care entirely,1,Any additional context and comments about the child’s care history,10,including Mainstream,['Black/Black British – Other'],Adoption,True,False,False,
15,Trans Male,White – British,0,False,17,[75],Special Guardianship,5,1,2025-12-21 22:53:40.625587,N/A,N/A,1,['Non binary'],False,True,869.44,False,N/A,0,N/A,10,including Mainstream,['Black/Black British – African'],Special Guardianship,True,False,False,
14,Female,White - Central European,0,True,18,[27],Residential,0,1,2025-12-21 22:53:40.625587,Reason why most recent placement ended,6 months ago,1,['Non binary'],True,False,397.8,True,Why the child left care entirely,3,Any additional context and comments about the child’s care history,2,including Mainstream,['Refused'],Residential,False,False,False,
14,Female,White - Eastern European,0,False,15,[30],Residential,1,1,2025-12-21 22:53:40.625587,N/A,N/A,1,['Female'],True,False,972.59,True,N/A,5,N/A,9,including Mainstream,['White – British'],Residential,False,True,False,
15,Non binary,Asian/British Asian – Pakistani,0,True,18,[37],Special Guardianship,1,1,2025-12-21 22:53:40.625587,Reason why most recent placement ended,6 months ago,1,['Unborn'],False,True,622.23,True,Why the child left care entirely,0,Any additional context and comments about the child’s care history,1,including Mainstream,['Asian/British Asian – Indian'],Special Guardianship,True,False,False,
2,Male,Asian/British Asian – Pakistani,0,False,5,[32],Fostering - Short Term,5,1,2025-12-21 22:53:40.625587,N/A,N/A,1,['NULL'],True,True,950.7,False,N/A,1,N/A,2,including Mainstream,['Refused'],Short Term Foster,True,False,False,
3,Trans Female,White – British,0,True,17,[40],Residential,3,1,2025-12-21 22:53:40.625587,Reason why most recent placement ended,6 months ago,1,['NULL'],True,False,974.4,True,Why the child left care entirely,3,Any additional context and comments about the child’s care history,6,including Mainstream,['Black/Black British – Caribbean'],Residential,False,False,False,
3,Trans Male,White – British,0,False,8,[66],Fostering - Long Term,2,1,2025-12-21 22:53:40.625587,N/A,N/A,1,['NULL'],True,False,874.01,False,N/A,0,N/A,4,including Mainstream,['Black/Black British – Other'],Long Term Foster,False,False,False,
2,Female,White – British,0,True,14,[46],Fostering - Emergency,0,1,2025-12-21 22:53:40.625587,Reason why most recent placement ended,6 months ago,1,['Unspecified'],True,True,95.9,False,Why the child left care entirely,6,Any additional context and comments about the child’s care history,13,including Mainstream,['Asian/British Asian – Bangladeshi'],Emergency Foster,False,False,False,
13,Female,White – British,0,False,16,[38],Fostering - Emergency,5,1,2025-12-21 22:53:40.625587,N/A,N/A,1,['Male'],True,True,338.9,False,N/A,4,N/A,12,including Mainstream,['Mixed – Other'],Emergency Foster,True,False,False,
2,Female,Other Ethnic Group,0,True,18,[57],Fostering - Respite,1,1,2025-12-21 22:53:40.625587,Reason why most recent placement ended,6 months ago,1,['Unborn'],True,False,564.19,True,Why the child left care entirely,2,Any additional context and comments about the child’s care history,2,including Mainstream,['Other Ethnic Group'],Respite Foster,True,False,False,
15,Female,White – British,0,False,17,[45],Special Guardianship,1,1,2025-12-21 22:53:40.625587,N/A,N/A,1,['Male'],True,False,94.3,True,N/A,5,N/A,12,including Mainstream,['Other Ethnic Group'],Special Guardianship,False,False,False,
4,Trans Female,White – British,0,False,7,[56],Fostering - Respite,4,1,2025-12-21 22:53:40.625587,N/A,N/A,1,['Indeterminate'],True,True,931.46,True,N/A,6,N/A,9,including Mainstream,['Dual Heritage - Black/White'],Respite Foster,False,False,False,
17,Male,White – British,0,True,18,[25],Fostering - Short Term,3,1,2025-12-21 22:53:40.625587,Reason why most recent placement ended,6 months ago,1,['Indeterminate'],True,True,27.62,True,Why the child left care entirely,5,Any additional context and comments about the child’s care history,16,including Mainstream,['Other Ethnic Group'],Short Term Foster,False,False,False,
16,Non binary,Asian/British Asian – Pakistani,0,False,18,[32],Fostering - Short Term,3,1,2025-12-21 22:53:40.625587,N/A,N/A,1,['Non binary'],True,False,132.36,True,N/A,7,N/A,4,including Mainstream,['Asian/British Asian – Other'],Short Term Foster,False,False,False,
0,Trans Male,White – British,0,False,4,[56],Residential,4,1,2025-12-21 22:53:40.625587,N/A,N/A,1,['Unspecified'],False,True,714.98,True,N/A,0,N/A,13,including Mainstream,['NULL'],Residential,True,False,False,
17,Female,White – British,0,True,18,[67],Fostering - Short Term,4,1,2025-12-21 22:53:40.625587,Reason why most recent placement ended,6 months ago,1,['Unknown'],True,False,617.39,False,Why the child left care entirely,3,Any additional context and comments about the child’s care history,9,including Mainstream,['White – British'],Short Term Foster,False,True,False,
4,Female,White – British,0,True,9,[30],Fostering - Emergency,1,1,2025-12-21 22:53:40.625587,Reason why most recent placement ended,6 months ago,1,['Trans Male'],False,True,53.88,False,Why the child left care entirely,0,Any additional context and comments about the child’s care history,9,including Mainstream,['Gypsy'],Emergency Foster,False,False,False,
9,Female,Asian/British Asian – Pakistani,0,False,15,[55],Special Guardianship,4,1,2025-12-21 22:53:40.625587,N/A,N/A,1,['Unspecified'],True,False,864.55,False,N/A,2,N/A,1,including Mainstream,['NULL'],Special Guardianship,False,False,False,
0,Female,White – British,0,True,18,[68],Adoption,0,1,2025-12-21 22:53:40.625587,Reason why most recent placement ended,6 months ago,1,['Unknown'],False,False,603.38,True,Why the child left care entirely,0,Any additional context and comments about the child’s care history,2,including Mainstream,['White – Irish'],Adoption,True,False,False,
10,Trans Female,Gypsy / Roma,0,True,13,[75],Fostering - Long Term,2,1,2025-12-21 22:53:40.625587,Reason why most recent placement ended,6 months ago,1,['Unborn'],False,True,854.56,False,Why the child left care entirely,0,Any additional context and comments about the child’s care history,9,including Mainstream,['Black/Black British – Caribbean'],Long Term Foster,False,False,False,
7,Male,White – British,0,True,16,[70],Adoption,4,1,2025-12-21 22:53:40.625587,Reason why most recent placement ended,6 months ago,1,['Female'],True,True,863.37,False,Why the child left care entirely,4,Any additional context and comments about the child’s care history,8,including Mainstream,['NULL'],Adoption,False,False,True,
10,Male,White – Other,0,False,15,[71],Kinship,3,1,2025-12-21 22:53:40.625587,N/A,N/A,1,['Female'],True,True,1.71,True,N/A,2,N/A,10,including Mainstream,['White – British'],Kinship,False,False,False,
7,Male,White – Irish,0,False,10,[37],Fostering - Emergency,3,1,2025-12-21 22:53:40.625587,N/A,N/A,1,['NULL'],True,True,908.44,True,N/A,8,N/A,12,including Mainstream,['White – British'],Emergency Foster,False,False,False,
4,Female,Asian/British Asian – Pakistani,0,True,9,[26],Fostering - Emergency,3,1,2025-12-21 22:53:40.625587,Reason why most recent placement ended,6 months ago,1,['Non binary'],True,True,996.69,True,Why the child left care entirely,5,Any additional context and comments about the child’s care history,0,including Mainstream,['Traveller – Other'],Emergency Foster,True,False,False,
6,Female,White – British,0,False,18,[28],Adoption,1,1,2025-12-21 22:53:40.625587,N/A,N/A,1,['Unknown'],True,True,949.48,True,N/A,7,N/A,11,including Mainstream,['Gypsy / Roma'],Adoption,False,False,False,
16,Female,White – British,0,True,18,[25],Special Guardianship,5,1,2025-12-21 22:53:40.625587,Reason why most recent placement ended,6 months ago,1,['Indeterminate'],True,True,977.54,True,Why the child left care entirely,7,Any additional context and comments about the child’s care history,17,including Mainstream,['White – Irish'],Special Guardianship,False,False,False,
2,Trans Female,Asian/British Asian – Pakistani,0,False,8,[37],Fostering - Short Term,4,1,2025-12-21 22:53:40.625587,N/A,N/A,1,['Male'],True,False,502.17,False,N/A,4,N/A,16,including Mainstream,['Asian/British Asian – Chinese'],Short Term Foster,True,True,False,
14,Trans Female,White – British,0,False,15,[64],Special Guardianship,0,1,2025-12-21 22:53:40.625587,N/A,N/A,1,['Trans Male'],True,False,76.22,False,N/A,3,N/A,12,including Mainstream,['Black/Black British – Caribbean'],Special Guardianship,False,False,False,
9,Female,White – British,0,False,10,[37],Fostering - Emergency,4,1,2025-12-21 22:53:40.625587,N/A,N/A,1,['Male'],True,True,32.12,True,N/A,6,N/A,16,including Mainstream,['Mixed – Other'],Emergency Foster,False,True,False,
11,Female,Asian/British Asian – Pakistani,0,False,13,[40],Fostering - Emergency,4,1,2025-12-21 22:53:40.625587,N/A,N/A,1,['Trans Male'],True,False,782.72,False,N/A,6,N/A,6,including Mainstream,['White – Irish'],Emergency Foster,False,False,False,
5,Male,Asian/British Asian – Indian,0,True,7,[33],Special Guardianship,4,1,2025-12-21 22:53:40.625587,Reason why most recent placement ended,6 months ago,1,['Trans Male'],True,False,872.32,True,Why the child left care entirely,5,Any additional context and comments about the child’s care history,5,including Mainstream,['NULL'],Special Guardianship,False,True,False,
6,Female,Other Ethnic Group,0,False,16,[43],Fostering - Emergency,0,1,2025-12-21 22:53:40.625587,N/A,N/A,1,['Indeterminate'],True,False,216.23,False,N/A,4,N/A,5,including Mainstream,['Asian/British Asian – Bangladeshi'],Emergency Foster,False,False,False,
11,Female,White – British,0,False,15,[67],Fostering - Emergency,2,1,2025-12-21 22:53:40.625587,N/A,N/A,1,['Non binary'],True,False,594.41,False,N/A,7,N/A,6,including Mainstream,['Asian/British Asian – Pakistani'],Emergency Foster,True,False,False,
16,Male,Asian/British Asian – Pakistani,0,False,18,[51],Fostering - Respite,1,1,2025-12-21 22:53:40.625587,N/A,N/A,1,['Unspecified'],True,True,840.43,True,N/A,3,N/A,17,including Mainstream,['White - Eastern European'],Respite Foster,True,False,False,
14,Female,White – British,0,False,17,[28],Residential,3,1,2025-12-21 22:53:40.625587,N/A,N/A,1,['Male'],True,False,336.58,False,N/A,4,N/A,17,including Mainstream,['Mixed - White/Asian'],Residential,False,True,False,
12,Trans Female,White – British,0,False,18,[68],Fostering - Emergency,0,1,2025-12-21 22:53:40.625587,N/A,N/A,1,['Unknown'],True,True,460.03,True,N/A,2,N/A,9,including Mainstream,['Other Ethnic Group'],Emergency Foster,False,False,False,
12,Female,White – British,0,True,13,[33],Special Guardianship,3,1,2025-12-21 22:53:40.625587,Reason why most recent placement ended,6 months ago,1,['Female'],True,False,901.38,True,Why the child left care entirely,5,Any additional context and comments about the child’s care history,10,including Mainstream,['Traveller of Irish Heritage'],Special Guardianship,False,False,False,
2,Male,White – Irish,0,True,5,[59],Kinship,0,1,2025-12-21 22:53:40.625587,Reason why most recent placement ended,6 months ago,1,['Male'],True,False,472.84,False,Why the child left care entirely,6,Any additional context and comments about the child’s care history,0,including Mainstream,['Other Ethnic Group'],Kinship,False,False,False,
