Child Age At Placement,Child Gender,Child Ethnicity,Child Prior Placements,Returning Child,Missing Episodes,Sibling Group Size,Placed With Siblings,Carer Age,Carer Gender,Carer Ethnicity,Placement Type,Placement Start Date,Move Date,Days Placed,Move Reason,Distance From Home (miles),EH involvement,YOT involvement,Placement Sequence Number
15,Female,Asian/British Asian - Pakistani,1,True,7,5,True,35,Male,Asian/British Asian - Pakistani,In-House Fostering,2024-01-09,2025-12-20,711,Child requests end,8.4,False,True,2
7,Female,White - Eastern European,5,True,1,4,True,54,Female,White - Irish,External Fostering,2024-08-01,2028-02-29,1307,Allegation,4.96,False,False,6
8,Trans Male,Mixed - White/Black Caribbean,0,False,5,3,True,47,Male,White - British,In-House Fostering,2025-10-04,2026-03-13,160,Carer requests end,18.16,True,True,1
2,Male,White - British,4,True,0,3,True,44,Male,Asian/British Asian - Pakistani,External Fostering,2024-11-22,2025-05-23,182,Child requests end,19.64,False,False,5
10,Female,White - Central European,0,False,4,4,True,40,Trans Female,Asian/British Asian - Pakistani,In-House Fostering,2023-03-22,2025-06-08,809,Behaviour concerns,18.0,False,True,1
7,Female,Asian/British Asian - Pakistani,4,True,3,2,True,50,Trans Female,White - Irish,In-House Fostering,2025-06-14,2025-07-04,20,Placement stability concerns,1.58,True,True,5
10,Trans Male,White - British,2,True,1,1,False,51,Male,White - British,External Fostering,2022-01-30,2024-03-28,788,Child requests end,9.12,True,True,3
6,Male,White - British,0,False,1,4,True,49,Male,White - British,Kinship,2025-01-10,2032-04-02,2639,Allegation,0.41,True,False,1
3,Trans Male,White - British,4,True,7,5,True,58,Female,White - Other,In-House Fostering,2022-03-30,2023-05-10,406,Placement stability concerns,13.24,True,True,5
6,Male,White - British,0,False,0,3,True,48,Male,White - British,In-House Fostering,2023-09-16,2023-11-01,46,Planned move,18.45,True,True,1
10,Trans Female,White - British,0,False,2,0,False,54,Female,Mixed - White/Black African,In-House Fostering,2022-01-15,2022-10-13,271,Carer requests end,1.41,True,True,1
6,Female,White - British,0,False,4,4,True,36,Female,White - British,External Fostering,2024-09-07,2024-10-14,37,Child requests end,17.23,True,False,1
3,Female,White - British,0,False,3,5,True,55,Male,Asian/British Asian - Pakistani,Kinship,2023-11-05,2025-11-13,739,Allegation,3.48,True,True,1
6,Male,White - British,1,True,6,0,False,45,Trans Male,White - British,In-House Fostering,2023-01-09,2023-07-05,177,Placement stability concerns,15.03,True,True,2
9,Female,Black/Black British - Caribbean,0,False,0,3,True,49,Trans Male,Asian/British Asian - Pakistani,Residential,2022-01-14,2022-10-16,275,Placement stability concerns,58.32,True,True,1
9,Male,Asian/British Asian - Pakistani,0,False,6,4,True,47,Female,White - British,In-House Fostering,2023-11-04,2024-01-01,58,Placement stability concerns,3.98,False,False,1
8,Female,Asian/British Asian - Pakistani,2,True,3,4,True,56,Male,Asian/British Asian - Pakistani,Kinship,2024-12-16,2024-12-21,5,Behaviour concerns,0.26,False,False,3
9,Female,Asian/British Asian - Other,0,False,4,1,False,47,Female,Traveller - Other,External Fostering,2022-04-29,2024-07-10,803,Allegation,7.08,True,False,1
8,Male,White - British,1,True,0,5,True,56,Trans Male,White - British,In-House Fostering,2023-04-17,2023-06-08,52,Allegation,4.48,True,True,2
13,Male,White - British,4,True,1,0,False,48,Female,Mixed - White/Asian,External Fostering,2023-06-27,2023-09-16,81,Carer requests end,10.34,True,True,5
4,Male,Asian/British Asian - Bangladeshi,5,True,3,0,False,36,Trans Female,White - British,External Fostering,2025-06-22,2028-05-19,1062,Child requests end,6.34,True,False,6
7,Trans Female,White - British,1,True,4,3,True,42,Trans Female,White - British,In-House Fostering,2023-09-26,2024-10-25,395,Carer requests end,4.92,False,True,2
9,Female,Asian/British Asian - Pakistani,1,True,5,3,True,46,Female,White - Central European,External Fostering,2025-06-19,2025-07-28,39,Behaviour concerns,0.21,False,True,2
9,Female,White - British,4,True,3,5,True,50,Male,Asian/British Asian - Pakistani,External Fostering,2022-04-07,2023-03-16,343,Behaviour concerns,8.67,True,False,5
3,Male,White - British,2,True,5,4,True,42,Female,White - British,External Fostering,2025-02-27,2026-02-26,364,Planned move,18.01,False,True,3
5,Male,White - Eastern European,0,False,4,5,True,52,Female,White - British,In-House Fostering,2023-02-28,2023-12-26,301,Allegation,13.92,False,True,1
6,Male,White - British,3,True,1,5,True,54,Male,White - British,In-House Fostering,2022-04-28,2023-04-15,352,Planned move,2.64,False,False,4
11,Female,Asian/British Asian - Bangladeshi,0,False,6,3,True,40,Female,White - British,In-House Fostering,2023-03-08,2023-03-25,17,Child requests end,7.1,False,False,1
13,Female,White - British,4,True,0,5,True,60,Trans Male,White - British,In-House Fostering,2022-03-23,2022-06-25,94,Allegation,18.03,False,False,5
10,Male,White - British,2,True,6,5,True,39,Female,White - British,External Fostering,2022-10-10,2023-04-30,202,Planned move,0.18,True,False,3
4,Male,Asian/British Asian - Pakistani,0,False,6,0,False,49,Male,White - British,In-House Fostering,2022-01-06,2022-02-12,37,Child requests end,17.67,False,True,1
8,Female,Asian/British Asian - Pakistani,3,True,1,4,True,47,Female,Mixed - White/Asian,External Fostering,2024-12-30,2035-01-11,3664,Carer requests end,5.41,False,False,4
11,Male,White - British,3,True,5,4,True,50,Trans Female,White - British,External Fostering,2024-12-26,2026-05-03,493,Planned move,10.29,False,True,4
8,Female,Mixed - White/Asian,3,True,0,5,True,39,Female,White - Eastern European,In-House Fostering,2025-08-20,2026-04-29,252,Planned move,3.87,True,True,4
2,Male,Asian/British Asian - Pakistani,0,False,7,1,False,60,Male,Asian/British Asian - Bangladeshi,External Fostering,2023-03-21,2026-02-22,1069,Child requests end,8.62,True,False,1
2,Female,White - Other,2,True,1,1,False,35,Female,White - British,External Fostering,2025-06-01,2025-09-11,102,Behaviour concerns,3.08,False,True,3
6,Male,White - British,0,False,0,4,True,35,Male,White - Central European,In-House Fostering,2022-03-15,2022-05-26,72,Allegation,2.15,True,False,1
5,Trans Male,White - British,1,True,5,4,True,50,Female,White - British,External Fostering,2022-05-18,2026-02-14,1368,Child requests end,18.63,True,True,2
5,Female,White - British,2,True,7,4,True,54,Female,White - British,Kinship,2024-02-01,2024-02-06,5,Behaviour concerns,1.56,True,False,3
5,Male,White - British,0,False,1,4,True,53,Female,Dual Heritage - Black/White,In-House Fostering,2023-05-19,2023-05-30,11,Behaviour concerns,0.78,False,True,1
6,Female,White - Eastern European,0,False,3,1,False,54,Female,Asian/British Asian - Pakistani,External Fostering,2024-01-30,2025-06-05,492,Carer requests end,8.16,True,False,1
8,Trans Male,White - British,5,True,6,0,False,46,Female,White - British,In-House Fostering,2022-12-02,2023-05-10,159,Behaviour concerns,15.53,False,True,6
7,Male,White - British,0,False,1,0,False,48,Female,White - British,In-House Fostering,2023-07-05,2023-09-23,80,Carer requests end,16.29,False,True,1
8,Female,Asian/British Asian - Indian,0,False,5,2,True,60,Female,Asian/British Asian - Pakistani,Kinship,2024-10-23,2025-01-31,100,Allegation,4.21,True,True,1
9,Female,White - British,0,False,7,2,True,45,Male,Asian/British Asian - Pakistani,In-House Fostering,2025-07-22,2025-08-20,29,Allegation,15.47,False,False,1
7,Trans Female,White - British,2,True,7,2,True,45,Female,White - Eastern European,In-House Fostering,2023-07-01,2024-08-18,414,Behaviour concerns,10.69,True,False,3
9,Trans Male,White - British,0,False,1,2,True,56,Male,Mixed - White/Black Caribbean,Kinship,2023-10-05,2023-10-21,16,Planned move,2.89,True,False,1
5,Male,Asian/British Asian - Indian,0,False,6,5,True,46,Female,White - British,In-House Fostering,2022-10-17,2023-12-12,421,Child requests end,13.12,False,True,1
7,Female,Asian/British Asian - Pakistani,4,True,1,1,False,40,Female,Asian/British Asian - Pakistani,Residential,2024-12-22,2026-03-10,443,Planned move,36.37,True,False,5
7,Male,White - British,5,True,4,0,False,43,Trans Female,Asian/British Asian - Pakistani,Kinship,2023-04-11,2023-05-07,26,Placement stability concerns,0.24,False,True,6
6,Male,White - British,2,True,1,1,False,43,Trans Female,White - Other,In-House Fostering,2025-03-05,2025-06-08,95,Allegation,9.7,True,False,3
5,Non binary,White - British,1,True,0,1,False,56,Male,White - British,External Fostering,2022-10-15,2023-12-24,435,Placement stability concerns,15.73,False,False,2
11,Female,White - British,0,False,5,2,True,50,Female,White - British,External Fostering,2025-03-01,2027-01-16,686,Behaviour concerns,16.37,False,True,1
9,Trans Female,White - British,0,False,2,0,False,42,Female,Asian/British Asian - Pakistani,In-House Fostering,2025-10-02,2026-07-09,280,Allegation,16.26,False,False,1
10,Female,Asian/British Asian - Other,0,False,4,3,True,46,Male,White - British,In-House Fostering,2023-11-03,2024-12-17,410,Carer requests end,12.91,False,False,1
5,Non binary,White - British,2,True,2,1,False,45,Non binary,White - British,Kinship,2022-05-05,2023-02-14,285,Placement stability concerns,3.52,True,True,3
10,Male,White - British,3,True,4,2,True,49,Female,White - British,In-House Fostering,2024-03-27,2024-09-14,171,Allegation,0.91,True,False,4
9,Female,White - British,3,True,7,0,False,39,Female,White - British,Kinship,2023-06-15,2030-05-09,2520,Child requests end,4.5,False,False,4
9,Female,Asian/British Asian - Indian,1,True,2,0,False,52,Male,White - British,In-House Fostering,2024-05-29,2024-09-22,116,Carer requests end,14.73,False,False,2
7,Female,White - British,0,False,5,2,True,38,Male,White - British,In-House Fostering,2022-07-08,2024-09-24,809,Child requests end,2.71,False,True,1
10,Trans Female,Asian/British Asian - Pakistani,0,False,4,2,True,50,Male,White - Eastern European,In-House Fostering,2025-02-19,2025-06-29,130,Planned move,0.26,True,True,1
6,Male,White - British,4,True,7,3,True,37,Trans Male,White - British,External Fostering,2024-03-14,2025-02-16,339,Allegation,13.73,True,True,5
8,Trans Male,White - Irish,0,False,5,4,True,44,Male,White - Eastern European,In-House Fostering,2024-05-02,2024-07-07,66,Carer requests end,14.97,False,False,1
5,Female,White - British,3,True,4,2,True,55,Non binary,Asian/British Asian - Pakistani,External Fostering,2025-06-26,2025-12-09,166,Planned move,2.7,True,False,4
4,Female,White - British,1,True,6,1,False,60,Female,White - British,External Fostering,2024-05-13,2024-07-23,71,Child requests end,17.7,False,True,2
11,Non binary,Asian/British Asian - Pakistani,1,True,2,1,False,48,Female,Black/Black British - Caribbean,External Fostering,2023-02-09,2024-04-09,425,Child requests end,3.39,False,False,2
7,Female,Asian/British Asian - Bangladeshi,1,True,2,2,True,58,Male,White - British,External Fostering,2023-02-11,2025-04-26,805,Behaviour concerns,19.68,False,True,2
12,Male,Asian/British Asian - Bangladeshi,0,False,6,3,True,56,Female,White - British,In-House Fostering,2024-07-09,2033-05-07,3224,Child requests end,0.93,False,False,1
7,Female,Black/Black British - African,3,True,0,1,False,60,Male,Asian/British Asian - Pakistani,External Fostering,2022-05-03,2022-05-18,15,Planned move,15.44,True,True,4
6,Male,White - British,1,True,4,1,False,39,Female,White - British,External Fostering,2025-02-18,2026-02-27,374,Child requests end,16.53,False,True,2
4,Male,White - British,0,False,7,1,False,42,Female,Black/Black British - Other,In-House Fostering,2022-12-16,2023-03-08,82,Child requests end,16.51,False,True,1
9,Trans Male,White - Other,5,True,2,4,True,41,Male,Dual Heritage - Black/White,Residential,2022-09-20,2022-12-08,79,Planned move,77.67,True,False,6
8,Male,White - British,3,True,3,4,True,49,Female,Asian/British Asian - Pakistani,Residential,2025-05-03,2025-05-23,20,Behaviour concerns,90.9,True,False,4
7,Trans Male,White - Eastern European,0,False,1,4,True,56,Male,Asian/British Asian - Pakistani,Kinship,2022-11-23,2023-11-13,355,Carer requests end,0.07,False,True,1
4,Female,White - British,5,True,5,1,False,43,Female,Asian/British Asian - Bangladeshi,In-House Fostering,2023-12-11,2023-12-27,16,Behaviour concerns,10.39,True,True,6
10,Female,Mixed - White/Asian,5,True,2,5,True,39,Male,Asian/British Asian - Pakistani,External Fostering,2023-07-03,2028-10-14,1930,Placement stability concerns,10.45,False,True,6
11,Female,White - British,3,True,2,1,False,46,Trans Male,Asian/British Asian - Pakistani,External Fostering,2024-12-14,2025-02-28,76,Carer requests end,9.42,False,False,4
13,Female,White - Other,0,False,3,5,True,52,Trans Male,Asian/British Asian - Pakistani,Residential,2022-01-26,2023-03-07,405,Placement stability concerns,21.56,True,True,1
8,Female,White - British,0,False,5,5,True,38,Male,White - British,Kinship,2023-07-16,2023-09-05,51,Placement stability concerns,0.09,True,False,1
9,Male,White - British,0,False,5,0,False,56,Male,White - British,External Fostering,2022-03-17,2022-06-25,100,Placement stability concerns,10.74,True,False,1
8,Female,White - British,4,True,5,4,True,42,Female,Asian/British Asian - Pakistani,In-House Fostering,2022-01-23,2023-05-15,477,Carer requests end,6.51,False,True,5
6,Trans Female,White - British,0,False,0,4,True,42,Trans Female,White - British,In-House Fostering,2023-07-08,2025-01-18,560,Behaviour concerns,19.98,False,False,1
6,Male,Asian/British Asian - Pakistani,0,False,3,3,True,44,Male,White - British,Kinship,2024-01-18,2025-04-18,456,Child requests end,2.7,True,False,1
8,Female,White - British,0,False,4,5,True,50,Trans Female,Asian/British Asian - Pakistani,In-House Fostering,2022-10-02,2025-07-27,1029,Child requests end,16.73,True,False,1
10,Male,White - British,1,True,7,1,False,42,Trans Female,Asian/British Asian - Pakistani,In-House Fostering,2024-11-01,2024-11-26,25,Child requests end,0.12,True,False,2
9,Male,White - British,0,False,3,5,True,51,Male,White - British,Residential,2024-10-31,2025-01-11,72,Carer requests end,73.42,False,False,1
13,Female,White - British,3,True,6,1,False,48,Female,White - British,In-House Fostering,2024-06-20,2024-07-15,25,Placement stability concerns,10.9,False,True,4
8,Male,White - British,3,True,4,2,True,41,Male,Mixed - White/Asian,External Fostering,2025-01-03,2025-12-07,338,Allegation,14.26,True,True,4
6,Male,White - British,3,True,6,0,False,46,Non binary,White - British,Kinship,2023-08-21,2023-11-19,90,Carer requests end,2.47,True,True,4
9,Male,White - British,3,True,4,0,False,45,Trans Male,White - British,In-House Fostering,2023-10-09,2023-12-13,65,Planned move,10.26,True,False,4
3,Female,White - British,0,False,3,1,False,35,Female,Asian/British Asian - Pakistani,External Fostering,2025-05-24,2026-01-22,243,Carer requests end,13.48,True,False,1
6,Female,Asian/British Asian - Other,2,True,7,1,False,55,Male,White - British,External Fostering,2023-09-28,2027-02-26,1247,Placement stability concerns,4.16,False,True,3
2,Male,White - British,3,True,7,1,False,46,Trans Female,White - British,Kinship,2024-05-20,2024-06-02,13,Carer requests end,1.89,False,False,4
17,Trans Female,White - British,5,True,3,4,True,54,Trans Male,White - British,Kinship,2022-04-26,2023-06-15,415,Planned move,3.17,False,False,6
1,Female,White - British,0,False,3,3,True,45,Female,White - British,Residential,2023-07-11,2024-05-22,316,Carer requests end,29.79,False,False,1
8,Female,Dual Heritage - Black/White,0,False,1,5,True,44,Female,White - Other,External Fostering,2025-04-03,2025-12-25,266,Child requests end,19.58,False,True,1
7,Trans Male,Asian/British Asian - Pakistani,2,True,1,1,False,40,Male,Asian/British Asian - Pakistani,In-House Fostering,2024-11-14,2026-08-07,631,Behaviour concerns,19.86,True,True,3
7,Male,Asian/British Asian - Bangladeshi,0,False,4,0,False,57,Female,White - British,External Fostering,2025-06-10,2025-06-22,12,Child requests end,15.68,True,False,1
8,Female,Asian/British Asian - Pakistani,4,True,1,2,True,55,Female,White - British,In-House Fostering,2025-06-10,2025-09-11,93,Child requests end,9.16,False,False,5
8,Trans Female,White - Central European,0,False,6,1,False,55,Male,White - Central European,External Fostering,2024-10-05,2024-10-17,12,Behaviour concerns,16.85,True,True,1
5,Male,White - British,4,True,6,4,True,47,Male,Asian/British Asian - Pakistani,In-House Fostering,2024-12-13,2025-03-07,84,Carer requests end,6.93,True,True,5
9,Female,Asian/British Asian - Indian,0,False,6,4,True,54,Male,Asian/British Asian - Bangladeshi,In-House Fostering,2023-06-15,2023-09-16,93,Allegation,5.61,True,True,1
9,Female,Asian/British Asian - Pakistani,3,True,2,5,True,59,Male,Asian/British Asian - Pakistani,In-House Fostering,2024-05-12,2028-04-16,1435,Planned move,6.35,False,True,4
8,Male,White - British,1,True,7,4,True,43,Female,White - British,In-House Fostering,2023-03-04,2023-10-05,215,Placement stability concerns,1.69,True,False,2
6,Trans Male,Asian/British Asian - Pakistani,5,True,4,3,True,57,Female,White - British,External Fostering,2024-08-26,2025-05-09,256,Planned move,2.07,True,False,6
3,Male,Dual Heritage - Black/White,0,False,7,1,False,50,Male,Asian/British Asian - Pakistani,External Fostering,2025-04-21,2025-11-02,195,Child requests end,0.46,False,False,1
7,Female,Asian/British Asian - Indian,0,False,5,5,True,50,Male,White - British,In-House Fostering,2024-12-04,2032-08-14,2810,Placement stability concerns,8.16,False,True,1
6,Trans Female,Traveller - Other,5,True,7,0,False,47,Male,White - British,External Fostering,2024-04-17,2027-09-20,1251,Behaviour concerns,7.37,True,True,6
14,Female,White - British,2,True,3,5,True,49,Female,White - British,In-House Fostering,2025-09-06,2029-10-05,1490,Planned move,14.42,True,False,3
8,Female,Asian/British Asian - Bangladeshi,0,False,1,0,False,52,Female,White - Central European,In-House Fostering,2024-01-29,2024-04-30,92,Allegation,2.69,False,False,1
9,Male,White - British,4,True,2,2,True,47,Male,White - British,In-House Fostering,2024-08-15,2025-03-28,225,Allegation,3.74,True,True,5
5,Trans Female,White - British,0,False,7,5,True,49,Female,Asian/British Asian - Pakistani,In-House Fostering,2022-08-15,2022-10-24,70,Behaviour concerns,14.04,False,False,1
6,Female,White - British,4,True,4,1,False,43,Male,White - British,External Fostering,2023-04-22,2023-06-09,48,Planned move,15.65,False,True,5
5,Trans Female,Asian/British Asian - Pakistani,3,True,2,2,True,40,Female,White - British,In-House Fostering,2022-08-11,2022-10-27,77,Allegation,2.81,True,True,4
7,Male,White - British,0,False,6,3,True,43,Female,White - British,Kinship,2025-09-22,2026-04-10,200,Behaviour concerns,0.74,False,True,1
6,Male,White - British,3,True,4,3,True,39,Female,White - British,Kinship,2023-06-25,2025-02-19,605,Placement stability concerns,2.43,False,True,4
6,Male,White - British,4,True,2,4,True,60,Male,White - British,External Fostering,2024-08-05,2025-06-17,316,Child requests end,12.75,True,False,5
4,Male,Asian/British Asian - Pakistani,5,True,1,5,True,36,Male,White - British,In-House Fostering,2024-02-20,2024-07-06,137,Carer requests end,2.04,False,True,6
10,Trans Female,White - British,0,False,3,0,False,41,Trans Female,Mixed - White/Black Caribbean,In-House Fostering,2023-06-12,2025-07-29,778,Allegation,19.46,True,True,1
9,Trans Female,Asian/British Asian - Pakistani,3,True,1,4,True,39,Female,White - British,External Fostering,2022-05-29,2022-08-08,71,Behaviour concerns,9.24,False,True,4
6,Female,White - British,0,False,1,2,True,40,Non binary,White - British,In-House Fostering,2023-09-14,2023-11-20,67,Placement stability concerns,11.07,False,True,1
10,Female,Asian/British Asian - Pakistani,0,False,4,5,True,43,Female,Asian/British Asian - Pakistani,In-House Fostering,2024-10-10,2024-11-13,34,Child requests end,16.23,True,False,1
7,Male,White - British,2,True,4,3,True,50,Female,White - British,In-House Fostering,2024-05-04,2024-08-08,96,Planned move,15.61,True,True,3
6,Male,Asian/British Asian - Pakistani,4,True,7,0,False,53,Female,White - British,Kinship,2024-05-17,2024-06-20,34,Behaviour concerns,0.78,True,False,5
3,Trans Male,White - British,0,False,5,0,False,39,Male,White - Other,In-House Fostering,2022-05-04,2022-07-25,82,Behaviour concerns,4.59,True,True,1
11,Female,White - British,1,True,0,1,False,50,Female,White - Other,External Fostering,2023-02-19,2024-01-26,341,Behaviour concerns,7.05,False,True,2
6,Male,White - British,2,True,2,4,True,46,Female,White - Central European,External Fostering,2024-02-21,2024-04-30,69,Child requests end,3.37,True,False,3
15,Male,White - British,5,True,4,2,True,41,Female,White - British,Kinship,2022-04-25,2023-01-05,255,Carer requests end,1.87,True,False,6
5,Female,White - British,2,True,7,5,True,51,Non binary,White - British,In-House Fostering,2022-05-28,2022-08-19,83,Carer requests end,1.52,False,True,3
7,Female,Traveller - Other,4,True,1,2,True,48,Non binary,White - British,External Fostering,2024-03-07,2032-06-11,3018,Placement stability concerns,15.94,True,True,5
10,Female,White - British,2,True,0,2,True,60,Female,White - British,In-House Fostering,2024-03-04,2026-02-25,723,Child requests end,2.53,True,True,3
10,Female,Asian/British Asian - Pakistani,2,True,3,2,True,47,Female,White - British,In-House Fostering,2022-11-07,2025-03-02,846,Planned move,8.74,True,True,3
7,Trans Male,White - British,1,True,6,0,False,36,Male,White - British,In-House Fostering,2025-05-16,2025-12-13,211,Behaviour concerns,3.48,True,True,2
16,Female,Asian/British Asian - Pakistani,3,True,6,4,True,51,Male,Asian/British Asian - Pakistani,In-House Fostering,2022-11-30,2023-02-15,77,Planned move,0.86,True,True,4
11,Female,White - British,1,True,1,0,False,37,Non binary,White - Eastern European,In-House Fostering,2022-12-29,2023-02-27,60,Planned move,9.84,True,True,2
9,Female,White - British,0,False,4,4,True,50,Non binary,White - British,Residential,2025-08-29,2026-02-10,165,Planned move,56.21,False,True,1
10,Trans Male,White - Central European,0,False,4,0,False,48,Trans Female,Gypsy / Roma,In-House Fostering,2025-09-25,2026-01-12,109,Placement stability concerns,9.46,False,False,1
8,Male,White - British,0,False,1,4,True,57,Male,White - British,In-House Fostering,2022-05-23,2024-06-11,750,Carer requests end,5.05,False,False,1
8,Female,White - British,0,False,0,5,True,43,Male,White - British,External Fostering,2025-04-14,2025-08-04,112,Carer requests end,4.97,False,True,1
11,Trans Male,Asian/British Asian - Pakistani,3,True,2,3,True,60,Non binary,White - British,In-House Fostering,2023-07-20,2023-08-11,22,Planned move,12.18,False,True,4
7,Male,Asian/British Asian - Pakistani,0,False,3,3,True,47,Male,Asian/British Asian - Pakistani,External Fostering,2023-04-17,2023-07-04,78,Behaviour concerns,12.56,True,True,1
3,Female,Black/Black British - African,4,True,6,3,True,38,Male,White - British,External Fostering,2024-06-22,2025-02-23,246,Allegation,10.17,False,False,5
7,Female,Asian/British Asian - Pakistani,0,False,5,4,True,44,Female,Asian/British Asian - Pakistani,In-House Fostering,2024-01-24,2024-07-14,172,Planned move,10.02,False,False,1
11,Female,Mixed - White/Asian,3,True,6,3,True,46,Non binary,White - British,External Fostering,2024-07-29,2025-08-09,376,Placement stability concerns,12.99,True,False,4
10,Male,White - Eastern European,3,True,4,0,False,60,Male,Asian/British Asian - Pakistani,External Fostering,2023-08-15,2025-08-16,732,Behaviour concerns,17.15,False,False,4
13,Female,White - British,4,True,3,5,True,60,Male,Asian/British Asian - Bangladeshi,In-House Fostering,2022-10-18,2023-05-20,214,Allegation,9.53,False,True,5
9,Trans Female,Mixed - White/Asian,3,True,0,2,True,44,Trans Female,Asian/British Asian - Pakistani,In-House Fostering,2022-05-22,2022-07-02,41,Child requests end,3.54,True,False,4
2,Male,Asian/British Asian - Pakistani,0,False,1,3,True,59,Female,White - Central European,In-House Fostering,2024-06-13,2025-05-17,338,Child requests end,4.15,True,True,1
12,Trans Male,White - British,0,False,1,4,True,56,Female,Asian/British Asian - Pakistani,In-House Fostering,2023-05-30,2024-03-13,288,Placement stability concerns,3.93,False,True,1
11,Trans Male,White - Other,4,True,5,3,True,60,Non binary,White - British,In-House Fostering,2023-02-26,2023-04-21,54,Carer requests end,1.05,True,False,5
7,Male,White - British,0,False,7,4,True,44,Male,White - British,In-House Fostering,2023-12-29,2024-03-15,77,Planned move,8.68,False,True,1
6,Female,White - British,0,False,5,2,True,45,Male,Asian/British Asian - Pakistani,External Fostering,2024-03-02,2024-05-19,78,Planned move,12.37,True,False,1
10,Female,Gypsy / Roma,0,False,5,4,True,42,Female,White - British,Kinship,2025-05-04,2025-09-17,136,Child requests end,3.07,True,True,1
7,Trans Male,White - British,0,False,0,2,True,48,Female,White - Eastern European,In-House Fostering,2025-08-13,2025-11-12,91,Child requests end,15.79,False,False,1
2,Trans Female,Mixed - White/Black Caribbean,0,False,4,4,True,41,Female,Black/Black British - African,Residential,2022-07-06,2022-09-19,75,Child requests end,92.79,False,False,1
9,Trans Male,White - British,0,False,4,1,False,54,Non binary,White - Central European,External Fostering,2024-03-14,2026-05-06,783,Carer requests end,3.49,True,True,1
5,Female,White - British,0,False,2,2,True,40,Female,White - British,Kinship,2024-01-16,2024-03-20,64,Behaviour concerns,1.32,False,True,1
11,Male,Mixed - White/Asian,0,False,3,1,False,42,Female,White - British,External Fostering,2022-02-02,2022-05-27,114,Placement stability concerns,11.52,True,False,1
9,Non binary,White - British,0,False,7,2,True,49,Trans Male,White - British,Kinship,2023-03-28,2024-04-08,377,Planned move,2.86,True,False,1
8,Male,Asian/British Asian - Pakistani,2,True,1,2,True,36,Male,Black/Black British - African,External Fostering,2022-12-15,2025-04-08,845,Allegation,2.51,True,True,3
6,Male,Asian/British Asian - Pakistani,4,True,7,4,True,39,Female,White - British,In-House Fostering,2022-09-19,2023-01-25,128,Planned move,2.73,False,False,5
10,Female,White - British,0,False,7,5,True,58,Female,Asian/British Asian - Pakistani,In-House Fostering,2022-03-23,2025-04-08,1112,Planned move,16.77,True,False,1
5,Male,White - British,0,False,7,2,True,40,Female,White - Eastern European,In-House Fostering,2024-05-23,2025-05-03,345,Placement stability concerns,17.58,True,True,1
11,Male,Asian/British Asian - Pakistani,0,False,2,3,True,50,Male,White - British,In-House Fostering,2023-05-29,2023-08-24,87,Child requests end,0.19,True,True,1
8,Male,Asian/British Asian - Pakistani,3,True,2,0,False,48,Male,White - British,External Fostering,2022-10-30,2023-06-05,218,Planned move,9.3,False,True,4
4,Female,Asian/British Asian - Pakistani,0,False,4,5,True,49,Female,Asian/British Asian - Pakistani,Kinship,2022-03-05,2029-04-07,2590,Placement stability concerns,4.86,True,True,1
10,Trans Female,Asian/British Asian - Pakistani,0,False,5,1,False,49,Female,White - British,In-House Fostering,2024-01-29,2025-06-22,510,Allegation,17.47,False,True,1
6,Male,White - British,4,True,0,3,True,46,Male,White - British,In-House Fostering,2022-12-10,2024-02-15,432,Allegation,18.43,False,True,5
9,Non binary,White - British,0,False,0,4,True,54,Female,Gypsy / Roma,In-House Fostering,2024-04-07,2024-05-07,30,Allegation,9.5,False,True,1
11,Male,White - British,0,False,4,2,True,35,Non binary,White - British,External Fostering,2024-03-02,2026-12-18,1021,Behaviour concerns,5.81,True,True,1
7,Female,White - British,0,False,1,5,True,49,Trans Male,Asian/British Asian - Pakistani,External Fostering,2025-07-11,2026-07-18,372,Planned move,10.15,True,False,1
7,Female,Asian/British Asian - Pakistani,2,True,5,1,False,55,Female,White - British,Kinship,2022-06-02,2022-07-23,51,Planned move,0.73,True,True,3
10,Male,Asian/British Asian - Pakistani,5,True,0,2,True,51,Female,White - British,External Fostering,2023-04-04,2025-11-05,946,Allegation,4.29,False,False,6
7,Female,White - British,0,False,4,4,True,39,Female,Asian/British Asian - Pakistani,In-House Fostering,2024-11-26,2026-04-18,508,Placement stability concerns,2.14,True,True,1
9,Non binary,Mixed - Other,0,False,1,1,False,40,Male,White - British,In-House Fostering,2022-09-18,2022-11-20,63,Allegation,9.9,True,True,1
7,Trans Male,White - British,0,False,0,1,False,53,Trans Female,Black/Black British - African,In-House Fostering,2025-02-02,2026-09-28,603,Allegation,15.16,True,False,1
5,Trans Female,Asian/British Asian - Pakistani,4,True,3,1,False,56,Male,Asian/British Asian - Pakistani,Residential,2023-03-29,2023-04-22,24,Behaviour concerns,89.64,True,True,5
7,Non binary,White - British,0,False,2,5,True,58,Trans Male,White - British,In-House Fostering,2025-01-17,2025-02-12,26,Carer requests end,15.35,False,True,1
9,Female,Black/Black British - African,4,True,7,1,False,59,Male,Asian/British Asian - Pakistani,Residential,2023-01-07,2023-07-02,176,Behaviour concerns,48.4,True,True,5
11,Female,Asian/British Asian - Indian,0,False,7,3,True,49,Male,White - British,Kinship,2022-12-22,2024-08-14,601,Child requests end,0.28,False,True,1
8,Trans Female,Asian/British Asian - Pakistani,0,False,2,4,True,52,Female,White - British,External Fostering,2022-11-09,2023-10-11,336,Carer requests end,3.29,False,True,1
9,Female,White - British,1,True,0,2,True,36,Female,White - British,In-House Fostering,2022-08-21,2022-10-27,67,Planned move,9.69,True,True,2
12,Female,Asian/British Asian - Pakistani,3,True,6,2,True,60,Female,White - Other,External Fostering,2022-08-07,2022-09-18,42,Planned move,19.42,True,True,4
2,Trans Male,Asian/British Asian - Pakistani,0,False,0,0,False,54,Female,White - Other,In-House Fostering,2023-02-04,2023-04-24,79,Planned move,1.82,False,False,1
8,Male,White - British,2,True,6,0,False,43,Female,White - British,External Fostering,2022-10-04,2023-06-14,253,Placement stability concerns,9.45,True,False,3
6,Female,Asian/British Asian - Pakistani,0,False,3,0,False,59,Trans Male,White - Eastern European,In-House Fostering,2024-03-21,2024-04-17,27,Behaviour concerns,12.97,True,True,1
13,Male,Asian/British Asian - Other,0,False,2,0,False,59,Trans Male,White - British,Kinship,2023-03-28,2023-04-18,21,Planned move,0.32,False,True,1
7,Male,White - Other,0,False,4,5,True,52,Male,White - British,External Fostering,2024-06-20,2024-07-06,16,Placement stability concerns,2.84,True,True,1
7,Female,Asian/British Asian - Indian,1,True,4,1,False,37,Trans Male,Asian/British Asian - Pakistani,In-House Fostering,2023-03-19,2023-04-05,17,Carer requests end,6.69,True,True,2
11,Male,White - British,1,True,1,4,True,58,Male,White - Central European,External Fostering,2023-01-24,2025-05-20,847,Child requests end,18.54,False,False,2
9,Female,Asian/British Asian - Pakistani,0,False,7,3,True,39,Trans Male,Asian/British Asian - Indian,In-House Fostering,2023-12-25,2025-08-05,589,Carer requests end,19.73,False,False,1
13,Trans Male,White - British,0,False,4,3,True,50,Trans Female,Asian/British Asian - Pakistani,External Fostering,2024-08-11,2024-11-18,99,Planned move,18.13,True,True,1
11,Female,White - British,0,False,5,2,True,40,Trans Female,Black/Black British - African,External Fostering,2023-07-02,2023-07-08,6,Placement stability concerns,17.63,True,False,1
11,Male,Asian/British Asian - Pakistani,0,False,3,4,True,41,Female,White - British,In-House Fostering,2025-09-28,2026-06-04,249,Behaviour concerns,8.97,False,True,1
5,Female,White - British,0,False,1,5,True,36,Trans Female,White - British,Kinship,2023-09-04,2024-09-11,373,Allegation,0.0,False,True,1
8,Male,Asian/British Asian - Bangladeshi,0,False,3,3,True,53,Trans Female,White - British,In-House Fostering,2023-03-24,2023-11-20,241,Behaviour concerns,11.44,True,True,1
8,Non binary,Dual Heritage - Black/White,0,False,2,0,False,53,Male,White - British,In-House Fostering,2024-02-19,2027-07-11,1238,Behaviour concerns,15.64,False,True,1
10,Female,White - British,0,False,1,2,True,46,Non binary,Asian/British Asian - Pakistani,External Fostering,2022-12-20,2023-03-07,77,Placement stability concerns,10.98,True,True,1
8,Male,Asian/British Asian - Pakistani,2,True,7,5,True,59,Trans Female,White - Central European,External Fostering,2025-04-04,2026-01-04,275,Planned move,15.5,False,False,3
9,Non binary,Asian/British Asian - Pakistani,2,True,7,1,False,53,Male,White - Other,In-House Fostering,2025-04-30,2025-06-13,44,Planned move,1.54,True,True,3
3,Trans Male,White - British,0,False,4,5,True,56,Female,White - British,Residential,2022-04-09,2022-07-10,92,Behaviour concerns,26.47,False,True,1
12,Male,White - British,2,True,0,3,True,53,Female,White - British,External Fostering,2024-11-08,2032-03-16,2685,Allegation,2.08,True,False,3
0,Female,White - British,4,True,3,5,True,42,Trans Male,White - British,In-House Fostering,2025-03-10,2032-08-23,2723,Child requests end,4.06,False,True,5
12,Male,White - Eastern European,2,True,7,3,True,60,Male,White - British,Kinship,2023-04-01,2023-05-19,48,Planned move,1.13,False,False,3
8,Female,White - British,3,True,1,0,False,57,Female,Asian/British Asian - Pakistani,In-House Fostering,2024-08-24,2026-12-22,850,Allegation,8.18,False,False,4
7,Female,White - British,0,False,4,4,True,50,Non binary,White - British,Kinship,2024-08-21,2033-02-18,3103,Placement stability concerns,4.94,True,True,1
6,Female,Asian/British Asian - Pakistani,2,True,1,2,True,38,Trans Male,White - Central European,In-House Fostering,2025-07-24,2026-06-05,316,Allegation,19.87,True,False,3
11,Female,Black/Black British - African,4,True,3,5,True,53,Male,White - British,External Fostering,2025-09-29,2026-07-03,277,Planned move,10.81,False,True,5
9,Male,White - British,0,False,5,3,True,58,Trans Female,Asian/British Asian - Pakistani,In-House Fostering,2022-04-17,2022-06-25,69,Child requests end,19.54,False,False,1
8,Non binary,Traveller - Other,0,False,7,0,False,36,Male,White - British,Residential,2024-05-01,2025-07-29,454,Planned move,54.9,True,True,1
9,Male,White - Central European,0,False,7,5,True,54,Male,Asian/British Asian - Pakistani,In-House Fostering,2025-10-02,2028-11-05,1130,Allegation,11.7,False,True,1
7,Female,Asian/British Asian - Pakistani,5,True,7,0,False,60,Female,White - British,Residential,2022-01-02,2023-03-12,434,Carer requests end,11.08,True,False,6
7,Male,White - Other,0,False,0,2,True,50,Female,Asian/British Asian - Pakistani,In-House Fostering,2023-05-05,2024-09-20,504,Behaviour concerns,7.99,True,False,1
11,Male,Mixed - White/Black Caribbean,0,False,1,1,False,48,Trans Female,Asian/British Asian - Indian,External Fostering,2024-12-21,2029-01-16,1487,Behaviour concerns,8.23,False,False,1
12,Male,Asian/British Asian - Pakistani,0,False,1,0,False,54,Male,Asian/British Asian - Pakistani,External Fostering,2025-05-30,2025-11-16,170,Child requests end,11.83,False,True,1
0,Female,Asian/British Asian - Pakistani,0,False,6,5,True,41,Female,Asian/British Asian - Pakistani,External Fostering,2022-06-24,2022-09-02,70,Behaviour concerns,8.08,True,False,1
16,Female,Traveller of Irish Heritage,4,True,7,0,False,36,Male,White - British,Kinship,2025-09-19,2026-03-04,166,Allegation,3.26,False,False,5
9,Male,White - British,1,True,0,0,False,58,Trans Male,Asian/British Asian - Chinese,Residential,2024-05-27,2025-09-10,471,Allegation,63.35,True,False,2
3,Male,White - British,5,True,1,0,False,60,Trans Female,White - British,In-House Fostering,2024-06-01,2024-06-24,23,Child requests end,14.28,False,True,6
9,Female,White - British,4,True,5,0,False,42,Male,White - Central European,External Fostering,2025-04-12,2027-09-05,876,Placement stability concerns,1.95,False,False,5
9,Trans Male,White - British,0,False,6,5,True,49,Female,White - Eastern European,In-House Fostering,2023-10-28,2023-11-27,30,Carer requests end,12.0,False,False,1
6,Female,White - British,0,False,6,0,False,54,Male,White - British,External Fostering,2023-04-25,2025-11-25,945,Planned move,0.81,False,False,1
10,Female,White - British,0,False,7,4,True,59,Female,White - British,In-House Fostering,2024-12-05,2025-03-03,88,Placement stability concerns,3.12,False,True,1
16,Trans Female,White - British,0,False,2,1,False,36,Female,White - Central European,Residential,2022-05-07,2022-07-26,80,Planned move,41.57,False,True,1
7,Non binary,White - British,5,True,4,3,True,58,Trans Female,Asian/British Asian - Pakistani,External Fostering,2022-01-04,2022-09-26,265,Carer requests end,1.73,False,False,6
11,Male,Asian/British Asian - Pakistani,5,True,4,1,False,35,Female,Asian/British Asian - Pakistani,External Fostering,2022-03-16,2023-11-17,611,Planned move,13.21,True,True,6
9,Trans Female,White - British,0,False,2,1,False,41,Female,White - British,In-House Fostering,2025-02-23,2026-03-07,377,Allegation,7.18,False,False,1
11,Female,White - British,0,False,2,1,False,35,Trans Female,White - British,In-House Fostering,2023-06-11,2024-05-30,354,Behaviour concerns,14.37,False,False,1
14,Female,Asian/British Asian - Pakistani,2,True,4,0,False,36,Female,White - Other,External Fostering,2022-01-21,2023-09-28,615,Carer requests end,9.67,False,True,3
7,Male,Asian/British Asian - Pakistani,0,False,6,1,False,42,Female,White - Central European,Residential,2025-08-10,2025-08-28,18,Behaviour concerns,49.78,True,False,1
11,Non binary,White - British,0,False,0,5,True,43,Male,White - British,Kinship,2023-02-23,2024-04-02,404,Carer requests end,3.76,False,False,1
4,Male,White - British,3,True,1,0,False,46,Female,White - Central European,External Fostering,2022-11-23,2023-02-03,72,Allegation,2.83,False,True,4
12,Male,Asian/British Asian - Pakistani,0,False,6,1,False,53,Male,White - British,In-House Fostering,2025-06-26,2027-08-19,784,Allegation,0.56,False,True,1
9,Male,White - Central European,2,True,3,3,True,42,Male,Asian/British Asian - Pakistani,In-House Fostering,2023-01-29,2023-04-14,75,Carer requests end,17.49,False,False,3
3,Female,White - British,0,False,6,4,True,39,Female,White - British,Kinship,2023-06-04,2024-02-17,258,Carer requests end,0.39,True,False,1
6,Female,White - British,0,False,0,5,True,37,Male,White - British,In-House Fostering,2025-01-10,2025-01-17,7,Carer requests end,13.94,True,True,1
11,Trans Female,White - British,2,True,6,4,True,45,Male,White - British,In-House Fostering,2023-12-29,2024-01-06,8,Planned move,2.7,True,False,3
10,Trans Male,Asian/British Asian - Other,2,True,4,5,True,54,Female,White - British,Residential,2024-07-23,2024-11-20,120,Placement stability concerns,27.4,False,False,3
7,Male,White - British,5,True,3,2,True,38,Trans Male,Asian/British Asian - Pakistani,External Fostering,2024-05-17,2024-08-22,97,Planned move,2.92,False,True,6
4,Male,White - British,1,True,7,2,True,40,Male,White - British,Residential,2024-02-05,2025-09-22,595,Allegation,18.32,False,False,2
9,Female,Black/Black British - African,0,False,3,4,True,59,Female,Asian/British Asian - Pakistani,In-House Fostering,2023-07-22,2024-07-24,368,Carer requests end,8.32,True,False,1
8,Female,White - British,0,False,7,2,True,57,Male,White - British,In-House Fostering,2025-02-26,2027-03-25,757,Behaviour concerns,5.95,True,True,1
7,Male,Asian/British Asian - Pakistani,0,False,2,2,True,54,Trans Male,White - British,External Fostering,2022-09-15,2022-10-12,27,Carer requests end,11.52,True,True,1
9,Male,White - British,0,False,3,5,True,44,Female,Asian/British Asian - Indian,Kinship,2022-11-04,2023-01-02,59,Child requests end,0.85,True,True,1
10,Male,White - British,1,True,0,4,True,47,Female,White - British,External Fostering,2025-06-09,2027-07-27,778,Child requests end,13.3,True,True,2
7,Female,White - British,2,True,4,4,True,48,Trans Female,White - British,In-House Fostering,2025-04-14,2029-05-20,1497,Allegation,19.1,False,True,3
8,Male,White - British,0,False,1,3,True,50,Male,White - British,Kinship,2023-09-05,2024-01-21,138,Child requests end,0.74,True,False,1
9,Non binary,Asian/British Asian - Pakistani,4,True,0,0,False,36,Female,White - British,In-House Fostering,2022-04-19,2023-03-18,333,Placement stability concerns,17.17,False,False,5
10,Female,Asian/British Asian - Pakistani,2,True,7,1,False,48,Non binary,Asian/British Asian - Pakistani,External Fostering,2025-06-07,2026-12-02,543,Allegation,3.73,True,True,3
7,Female,Asian/British Asian - Pakistani,0,False,4,3,True,48,Male,White - British,Kinship,2022-04-13,2022-05-13,30,Behaviour concerns,1.88,True,True,1
4,Trans Female,White - British,4,True,4,0,False,51,Female,White - British,External Fostering,2025-08-04,2032-12-12,2687,Allegation,12.76,True,True,5
4,Female,Asian/British Asian - Pakistani,3,True,6,5,True,52,Male,White - British,External Fostering,2024-02-28,2025-06-04,462,Planned move,4.41,False,True,4
11,Male,White - British,2,True,1,0,False,42,Male,Asian/British Asian - Pakistani,Kinship,2024-07-19,2024-10-17,90,Placement stability concerns,1.85,True,True,3
15,Female,White - British,3,True,7,2,True,56,Male,White - British,Kinship,2022-05-23,2023-05-07,349,Child requests end,0.93,False,True,4
5,Trans Female,Asian/British Asian - Pakistani,0,False,2,5,True,37,Male,White - British,External Fostering,2022-03-31,2024-08-20,873,Placement stability concerns,13.63,True,False,1
9,Male,Asian/British Asian - Pakistani,3,True,3,5,True,55,Male,White - British,Kinship,2023-05-27,2023-09-09,105,Allegation,1.38,False,False,4
12,Male,Asian/British Asian - Indian,0,False,3,5,True,55,Female,Asian/British Asian - Other,External Fostering,2025-01-04,2028-12-13,1439,Child requests end,5.63,False,True,1
11,Female,Asian/British Asian - Pakistani,0,False,3,3,True,46,Trans Male,White - British,In-House Fostering,2023-11-06,2024-05-28,204,Carer requests end,15.84,False,False,1
8,Male,Asian/British Asian - Pakistani,0,False,2,1,False,38,Female,White - British,Kinship,2022-07-24,2023-07-08,349,Child requests end,3.35,True,True,1
11,Female,White - British,0,False,7,3,True,51,Male,White - British,In-House Fostering,2023-11-18,2024-02-14,88,Allegation,18.05,False,True,1
4,Male,White - British,0,False,4,3,True,44,Female,White - Central European,In-House Fostering,2022-06-21,2022-10-03,104,Planned move,2.14,True,False,1
1,Male,Asian/British Asian - Pakistani,0,False,0,2,True,43,Male,Mixed - White/Black Caribbean,Residential,2022-03-18,2024-08-08,874,Carer requests end,21.99,True,True,1
13,Female,White - British,0,False,5,2,True,43,Female,Asian/British Asian - Pakistani,In-House Fostering,2022-07-01,2022-07-19,18,Planned move,6.85,True,True,1
8,Male,White - British,0,False,3,5,True,58,Female,White - British,In-House Fostering,2025-07-03,2026-03-08,248,Placement stability concerns,8.19,False,True,1
1,Trans Male,Asian/British Asian - Pakistani,5,True,6,2,True,42,Male,Mixed - White/Asian,External Fostering,2025-05-17,2026-06-15,394,Child requests end,7.08,True,True,6
7,Non binary,Asian/British Asian - Pakistani,0,False,7,5,True,50,Female,Asian/British Asian - Pakistani,Residential,2023-12-21,2024-10-14,298,Carer requests end,32.63,False,False,1
0,Trans Male,White - British,1,True,4,2,True,49,Male,White - British,Kinship,2023-01-11,2023-09-06,238,Child requests end,0.6,False,True,2
12,Trans Male,White - British,0,False,5,4,True,38,Male,White - British,In-House Fostering,2023-12-16,2024-01-29,44,Placement stability concerns,9.63,True,False,1
10,Female,Asian/British Asian - Indian,0,False,5,1,False,41,Non binary,White - British,External Fostering,2025-04-09,2026-10-20,559,Child requests end,7.76,False,False,1
6,Female,Asian/British Asian - Pakistani,0,False,5,2,True,58,Female,White - British,Kinship,2022-06-06,2022-07-09,33,Planned move,2.34,True,False,1
2,Female,White - British,0,False,1,2,True,44,Female,White - British,In-House Fostering,2025-03-24,2026-10-25,580,Carer requests end,9.34,False,True,1
1,Male,White - Irish,4,True,7,5,True,49,Trans Female,Asian/British Asian - Bangladeshi,Kinship,2023-11-01,2023-12-18,47,Planned move,2.59,True,False,5
5,Male,Traveller - Other,2,True,0,5,True,40,Female,White - British,In-House Fostering,2024-08-10,2026-04-02,600,Child requests end,17.01,True,True,3
10,Trans Female,Asian/British Asian - Pakistani,0,False,2,5,True,48,Female,Asian/British Asian - Pakistani,External Fostering,2025-04-05,2025-05-28,53,Child requests end,9.25,True,True,1
2,Male,White - British,0,False,2,0,False,40,Male,White - British,External Fostering,2025-06-04,2029-04-08,1404,Placement stability concerns,2.41,True,False,1
8,Female,White - Other,3,True,3,2,True,42,Female,White - British,Kinship,2025-08-25,2026-09-11,382,Carer requests end,4.97,True,False,4
7,Trans Male,White - Central European,1,True,2,4,True,58,Female,Asian/British Asian - Pakistani,In-House Fostering,2023-07-12,2023-10-04,84,Planned move,6.59,False,True,2
9,Female,White - British,0,False,5,0,False,36,Female,Asian/British Asian - Other,External Fostering,2025-09-18,2027-06-12,632,Child requests end,14.1,True,False,1
16,Male,Asian/British Asian - Pakistani,5,True,3,3,True,49,Female,White - British,External Fostering,2023-12-14,2024-11-07,329,Planned move,14.96,False,True,6
6,Female,White - British,4,True,4,2,True,40,Male,White - British,In-House Fostering,2024-06-19,2024-09-01,74,Behaviour concerns,2.56,False,False,5
5,Trans Male,White - British,0,False,1,4,True,37,Non binary,Asian/British Asian - Pakistani,External Fostering,2022-06-07,2023-04-15,312,Child requests end,4.44,True,True,1
9,Female,Asian/British Asian - Indian,2,True,4,1,False,48,Non binary,White - British,Kinship,2023-03-31,2023-04-20,20,Child requests end,3.51,False,False,3
7,Trans Female,White - British,0,False,5,0,False,52,Female,White - British,Kinship,2022-12-07,2025-04-24,869,Allegation,4.17,True,False,1
12,Male,Asian/British Asian - Pakistani,3,True,3,5,True,56,Female,White - British,External Fostering,2022-06-30,2022-07-01,1,Allegation,13.34,True,True,4
6,Non binary,Traveller - Other,0,False,3,0,False,52,Female,White - British,External Fostering,2024-02-06,2024-06-14,129,Child requests end,19.01,False,True,1
9,Male,White - British,0,False,0,0,False,50,Trans Female,White - Eastern European,In-House Fostering,2023-04-04,2025-04-10,737,Placement stability concerns,5.04,True,False,1
9,Trans Male,White - British,0,False,6,2,True,47,Female,White - British,External Fostering,2024-05-03,2024-05-07,4,Child requests end,11.46,False,True,1
9,Male,White - British,1,True,7,4,True,43,Male,Asian/British Asian - Pakistani,In-House Fostering,2022-08-07,2023-06-21,318,Placement stability concerns,6.87,False,False,2
5,Trans Female,Traveller - Other,5,True,3,2,True,59,Female,White - British,External Fostering,2022-09-28,2024-01-31,490,Behaviour concerns,8.59,False,False,6
4,Female,White - British,2,True,4,0,False,43,Male,Asian/British Asian - Pakistani,External Fostering,2025-02-24,2025-03-24,28,Placement stability concerns,14.69,True,False,3
6,Male,Asian/British Asian - Bangladeshi,0,False,6,1,False,53,Male,White - British,External Fostering,2024-07-14,2026-10-03,811,Planned move,12.46,False,False,1
6,Trans Female,Asian/British Asian - Pakistani,0,False,7,5,True,55,Male,White - British,In-House Fostering,2024-01-23,2024-02-12,20,Behaviour concerns,4.01,False,False,1
13,Female,Asian/British Asian - Pakistani,0,False,7,3,True,51,Female,White - Eastern European,Kinship,2024-04-19,2024-07-02,74,Planned move,4.49,False,True,1
9,Male,White - Other,0,False,3,5,True,42,Female,White - British,External Fostering,2025-10-18,2028-03-06,870,Child requests end,6.94,True,False,1
6,Male,Asian/British Asian - Pakistani,5,True,7,3,True,38,Male,Mixed - White/Asian,External Fostering,2022-10-19,2022-11-04,16,Carer requests end,14.08,True,False,6
12,Female,Asian/British Asian - Pakistani,0,False,1,0,False,47,Female,White - British,External Fostering,2022-07-03,2023-11-16,501,Placement stability concerns,8.57,True,False,1
7,Trans Male,Asian/British Asian - Pakistani,3,True,3,3,True,45,Trans Female,White - British,External Fostering,2025-02-03,2025-03-11,36,Planned move,2.73,False,True,4
11,Female,White - British,2,True,7,2,True,47,Male,White - British,External Fostering,2024-06-10,2024-07-22,42,Child requests end,4.56,False,True,3
8,Male,White - British,0,False,4,1,False,38,Male,White - British,External Fostering,2024-05-08,2026-05-12,734,Carer requests end,7.16,True,True,1
8,Trans Female,White - British,0,False,6,0,False,44,Female,White - British,Residential,2024-12-19,2027-05-13,875,Child requests end,26.93,True,False,1
10,Trans Male,White - British,1,True,3,5,True,39,Female,White - British,In-House Fostering,2022-06-24,2022-08-04,41,Placement stability concerns,11.19,False,False,2
10,Female,Asian/British Asian - Pakistani,0,False,5,4,True,55,Male,White - British,External Fostering,2025-01-21,2026-08-09,565,Behaviour concerns,10.86,False,True,1
9,Female,Mixed - White/Asian,0,False,3,2,True,53,Trans Male,White - British,In-House Fostering,2024-01-10,2024-03-22,72,Allegation,1.8,False,False,1
10,Male,White - Other,0,False,4,2,True,58,Trans Female,White - British,In-House Fostering,2022-08-30,2022-10-09,40,Placement stability concerns,2.95,False,False,1
10,Female,White - Other,2,True,2,3,True,52,Female,Asian/British Asian - Bangladeshi,External Fostering,2024-10-22,2025-01-21,91,Child requests end,8.27,True,False,3
7,Male,White - British,4,True,2,2,True,51,Trans Male,White - British,External Fostering,2024-09-03,2024-10-11,38,Allegation,19.37,True,True,5
11,Trans Male,Asian/British Asian - Chinese,4,True,7,5,True,51,Female,White - British,Kinship,2025-02-15,2025-07-19,154,Placement stability concerns,2.19,False,False,5
11,Male,Asian/British Asian - Pakistani,4,True,6,4,True,41,Female,Asian/British Asian - Pakistani,External Fostering,2024-03-25,2024-06-29,96,Carer requests end,2.89,True,True,5
9,Female,White - British,0,False,1,0,False,56,Female,White - British,In-House Fostering,2023-04-07,2023-05-09,32,Placement stability concerns,2.64,True,True,1
6,Female,White - British,3,True,5,1,False,55,Female,White - British,External Fostering,2024-08-30,2025-06-14,288,Child requests end,8.29,False,False,4
12,Trans Female,White - Other,3,True,7,3,True,35,Female,Black/Black British - Other,Kinship,2023-10-12,2025-11-03,753,Allegation,1.08,True,True,4
2,Male,White - Other,1,True,4,4,True,47,Male,White - British,In-House Fostering,2023-09-15,2025-06-19,643,Behaviour concerns,9.48,False,False,2
6,Male,Asian/British Asian - Pakistani,0,False,6,5,True,38,Trans Female,White - British,In-House Fostering,2025-06-13,2026-05-27,348,Allegation,3.02,True,False,1
0,Female,White - British,0,False,7,3,True,60,Trans Female,Asian/British Asian - Pakistani,In-House Fostering,2024-09-15,2025-05-03,230,Behaviour concerns,12.03,False,False,1
10,Female,White - British,1,True,2,3,True,38,Male,White - British,External Fostering,2024-02-29,2025-12-10,650,Planned move,12.7,False,True,2
0,Male,White - British,1,True,0,1,False,44,Female,White - Central European,Kinship,2024-05-28,2024-06-05,8,Child requests end,0.45,True,False,2
11,Female,White - Central European,4,True,4,5,True,35,Male,White - Eastern European,External Fostering,2022-10-24,2022-12-03,40,Planned move,11.6,False,False,5
9,Non binary,White - British,5,True,3,3,True,47,Trans Female,White - Eastern European,In-House Fostering,2022-10-26,2022-11-14,19,Planned move,2.16,True,False,6
8,Trans Female,White - British,0,False,5,3,True,48,Female,White - British,In-House Fostering,2025-10-04,2026-01-05,93,Placement stability concerns,9.14,False,True,1
8,Female,Asian/British Asian - Bangladeshi,2,True,3,2,True,41,Male,White - British,In-House Fostering,2025-05-20,2027-01-09,599,Planned move,4.01,False,True,3
5,Trans Female,White - British,0,False,7,4,True,47,Male,White - British,External Fostering,2022-09-21,2026-08-13,1422,Child requests end,14.48,False,False,1
7,Female,White - Eastern European,0,False,1,1,False,42,Male,White - British,Kinship,2023-11-09,2023-11-20,11,Behaviour concerns,0.39,False,False,1
12,Male,White - British,0,False,6,2,True,39,Male,White - British,External Fostering,2024-08-16,2024-11-06,82,Carer requests end,13.25,False,False,1
5,Trans Female,White - British,5,True,2,3,True,54,Female,White - British,Kinship,2025-02-16,2025-04-28,71,Allegation,3.93,True,False,6
8,Female,White - British,0,False,5,4,True,43,Male,Asian/British Asian - Pakistani,In-House Fostering,2023-09-22,2025-12-01,801,Allegation,17.49,True,True,1
4,Male,White - British,0,False,3,3,True,45,Male,White - British,Residential,2024-11-20,2026-01-02,408,Carer requests end,12.82,True,True,1
6,Male,Asian/British Asian - Other,3,True,0,5,True,57,Male,White - British,Residential,2024-03-14,2032-12-09,3192,Placement stability concerns,96.04,False,False,4
10,Male,White - British,1,True,2,2,True,60,Trans Female,White - British,In-House Fostering,2023-10-30,2031-04-18,2727,Allegation,16.05,False,False,2
8,Female,White - British,1,True,1,1,False,43,Female,White - British,Kinship,2023-02-01,2023-04-21,79,Behaviour concerns,4.94,False,False,2
1,Male,White - British,0,False,1,4,True,44,Female,White - British,In-House Fostering,2024-11-30,2025-01-22,53,Carer requests end,17.38,False,False,1
9,Male,White - British,0,False,5,5,True,41,Female,Asian/British Asian - Indian,Residential,2022-12-30,2023-01-07,8,Allegation,37.46,False,True,1
10,Trans Female,White - British,2,True,7,0,False,46,Female,White - British,Kinship,2022-11-28,2022-12-18,20,Behaviour concerns,3.35,False,False,3
11,Male,White - British,0,False,5,5,True,44,Female,Asian/British Asian - Pakistani,In-House Fostering,2022-07-31,2022-10-27,88,Planned move,8.11,False,True,1
9,Female,Asian/British Asian - Pakistani,0,False,4,1,False,41,Female,White - Eastern European,Kinship,2023-10-28,2024-06-25,241,Planned move,3.79,True,True,1
6,Trans Female,Asian/British Asian - Pakistani,1,True,2,5,True,47,Male,White - British,Kinship,2022-01-26,2022-03-10,43,Placement stability concerns,4.46,False,False,2
7,Female,Asian/British Asian - Pakistani,0,False,7,1,False,51,Female,Asian/British Asian - Pakistani,External Fostering,2022-04-19,2022-12-08,233,Planned move,14.94,False,True,1
9,Trans Female,White - British,0,False,7,0,False,50,Female,White - British,In-House Fostering,2023-04-06,2023-09-19,166,Carer requests end,6.26,True,False,1
5,Male,Asian/British Asian - Indian,3,True,7,4,True,45,Male,White - British,In-House Fostering,2024-11-19,2029-12-01,1838,Child requests end,7.14,False,True,4
7,Male,White - British,2,True,5,4,True,59,Female,White - British,In-House Fostering,2025-08-17,2025-10-28,72,Planned move,14.62,False,False,3
7,Male,Asian/British Asian - Pakistani,0,False,7,4,True,53,Female,Asian/British Asian - Pakistani,In-House Fostering,2024-08-15,2026-10-19,795,Placement stability concerns,17.95,False,False,1
11,Female,Asian/British Asian - Pakistani,0,False,3,5,True,35,Female,White - British,In-House Fostering,2022-10-29,2029-02-08,2294,Behaviour concerns,10.71,True,True,1
10,Male,White - British,2,True,1,1,False,53,Male,Asian/British Asian - Pakistani,External Fostering,2022-01-18,2022-02-20,33,Child requests end,14.41,False,False,3
8,Female,White - Central European,0,False,0,4,True,57,Trans Female,White - British,In-House Fostering,2025-10-07,2034-04-02,3099,Behaviour concerns,6.42,True,False,1
14,Female,White - British,4,True,4,5,True,55,Male,White - British,In-House Fostering,2023-07-20,2026-09-03,1141,Behaviour concerns,12.9,True,True,5
5,Male,White - British,5,True,5,4,True,49,Female,Asian/British Asian - Pakistani,External Fostering,2022-09-03,2022-10-04,31,Placement stability concerns,9.53,True,True,6
3,Trans Female,Asian/British Asian - Indian,0,False,3,3,True,38,Trans Male,Asian/British Asian - Pakistani,Kinship,2023-08-30,2024-10-14,411,Allegation,2.08,True,True,1
11,Trans Female,White - British,0,False,1,4,True,36,Male,White - Central European,External Fostering,2024-12-08,2025-01-29,52,Carer requests end,2.28,False,True,1
12,Trans Male,White - British,5,True,5,3,True,50,Male,White - British,Kinship,2023-06-14,2024-08-09,422,Allegation,3.29,True,False,6
5,Trans Male,White - Eastern European,0,False,2,1,False,57,Female,White - British,Kinship,2022-06-16,2031-02-25,3176,Behaviour concerns,3.97,True,True,1
9,Trans Female,Asian/British Asian - Indian,0,False,2,2,True,36,Male,White - Central European,External Fostering,2023-03-08,2023-06-09,93,Planned move,16.54,True,False,1
7,Trans Female,White - British,0,False,0,0,False,44,Female,White - Eastern European,In-House Fostering,2025-08-23,2025-12-01,100,Behaviour concerns,6.06,False,False,1
13,Male,White - British,0,False,7,0,False,38,Trans Female,White - British,In-House Fostering,2023-02-05,2023-12-19,317,Child requests end,10.46,True,False,1
12,Female,White - British,4,True,7,4,True,44,Male,Asian/British Asian - Indian,External Fostering,2022-11-14,2023-05-03,170,Placement stability concerns,18.05,True,False,5
9,Non binary,White - British,0,False,3,4,True,45,Male,Asian/British Asian - Pakistani,External Fostering,2022-06-14,2022-07-09,25,Planned move,3.96,False,True,1
2,Trans Male,White - British,2,True,0,5,True,56,Female,White - British,External Fostering,2025-03-21,2027-07-13,844,Placement stability concerns,19.05,False,False,3
7,Female,White - British,0,False,3,5,True,53,Female,Asian/British Asian - Pakistani,In-House Fostering,2022-04-21,2022-07-03,73,Allegation,19.43,False,True,1
6,Female,White - British,2,True,6,3,True,60,Trans Female,White - British,In-House Fostering,2025-06-01,2029-11-02,1615,Allegation,9.13,True,True,3
11,Trans Male,White - British,0,False,7,3,True,55,Non binary,White - British,In-House Fostering,2024-01-17,2024-07-27,192,Planned move,6.47,True,True,1
9,Male,White - Central European,5,True,6,0,False,55,Male,White - British,In-House Fostering,2022-11-19,2023-05-10,172,Carer requests end,7.84,False,False,6
12,Female,White - British,0,False,6,1,False,47,Trans Male,White - British,In-House Fostering,2024-07-28,2024-09-19,53,Allegation,8.24,True,True,1
9,Female,Asian/British Asian - Pakistani,0,False,5,5,True,59,Trans Male,White - British,External Fostering,2022-02-08,2022-08-31,204,Carer requests end,12.8,True,True,1
6,Male,White - British,0,False,4,1,False,44,Male,Black/Black British - African,External Fostering,2022-08-08,2022-08-12,4,Planned move,6.56,False,True,1
8,Male,Asian/British Asian - Pakistani,1,True,2,5,True,52,Male,White - Central European,Kinship,2025-06-05,2026-01-12,221,Allegation,2.28,True,False,2
11,Female,White - British,0,False,3,5,True,35,Male,Asian/British Asian - Indian,External Fostering,2024-05-16,2024-06-16,31,Child requests end,0.83,False,False,1
13,Male,White - British,0,False,3,0,False,60,Female,White - British,Kinship,2022-06-02,2022-11-15,166,Placement stability concerns,3.68,True,False,1
3,Female,White - British,5,True,4,3,True,50,Male,White - British,External Fostering,2024-12-19,2025-02-22,65,Behaviour concerns,6.86,False,False,6
6,Male,Asian/British Asian - Pakistani,0,False,5,0,False,35,Female,Asian/British Asian - Pakistani,External Fostering,2024-08-02,2024-11-08,98,Placement stability concerns,3.56,True,False,1
0,Female,Asian/British Asian - Pakistani,0,False,1,5,True,36,Male,White - Other,Kinship,2023-05-04,2023-07-02,59,Child requests end,4.3,False,True,1
6,Trans Male,White - British,1,True,3,1,False,50,Male,Asian/British Asian - Pakistani,In-House Fostering,2023-03-18,2023-04-12,25,Carer requests end,16.03,True,False,2
11,Female,Asian/British Asian - Pakistani,4,True,6,1,False,45,Male,Dual Heritage - Black/White,Kinship,2023-10-22,2023-12-12,51,Placement stability concerns,4.56,False,True,5
12,Trans Male,White - British,5,True,4,1,False,49,Trans Female,White - British,Kinship,2025-04-11,2025-12-23,256,Allegation,4.9,True,True,6
7,Male,Asian/British Asian - Pakistani,0,False,3,2,True,45,Male,White - British,External Fostering,2022-01-25,2022-09-28,246,Child requests end,5.16,True,True,1
5,Male,White - British,0,False,0,5,True,51,Male,Asian/British Asian - Other,External Fostering,2025-03-18,2025-06-23,97,Child requests end,11.93,False,True,1
7,Female,White - British,3,True,2,4,True,50,Male,White - British,External Fostering,2023-10-17,2024-02-26,132,Allegation,4.14,False,False,4
9,Female,White - British,0,False,5,2,True,54,Male,Asian/British Asian - Pakistani,In-House Fostering,2025-08-07,2025-09-21,45,Child requests end,11.3,False,False,1
11,Male,White - British,0,False,0,4,True,60,Male,White - British,External Fostering,2025-08-15,2031-06-10,2125,Behaviour concerns,19.88,False,False,1
8,Trans Female,White - British,0,False,2,4,True,44,Female,White - British,In-House Fostering,2025-09-01,2025-09-07,6,Planned move,8.94,False,True,1
15,Female,Black/Black British - African,4,True,3,3,True,42,Male,White - Eastern European,External Fostering,2022-09-30,2029-06-11,2446,Carer requests end,6.78,True,True,5
16,Female,White - British,0,False,3,3,True,49,Female,Asian/British Asian - Pakistani,In-House Fostering,2024-09-10,2025-06-07,270,Allegation,4.23,True,False,1
8,Female,White - British,4,True,3,2,True,45,Male,Asian/British Asian - Bangladeshi,Residential,2025-01-03,2025-01-26,23,Behaviour concerns,78.0,False,False,5
6,Female,White - British,0,False,7,3,True,44,Female,White - British,External Fostering,2023-03-02,2023-03-14,12,Child requests end,5.38,False,False,1
9,Female,Asian/British Asian - Indian,2,True,1,1,False,60,Female,Asian/British Asian - Pakistani,Kinship,2023-01-20,2023-02-20,31,Child requests end,1.92,True,False,3
3,Male,White - British,0,False,7,5,True,52,Female,White - British,Kinship,2025-05-20,2025-06-06,17,Carer requests end,0.75,True,True,1
17,Male,White - British,0,False,3,1,False,43,Female,White - British,External Fostering,2024-10-30,2025-01-28,90,Planned move,5.28,False,False,1
6,Male,White - British,0,False,6,3,True,49,Male,Asian/British Asian - Pakistani,External Fostering,2023-05-22,2025-07-30,800,Allegation,0.59,True,False,1
7,Male,White - British,0,False,2,1,False,42,Female,Asian/British Asian - Bangladeshi,External Fostering,2022-08-16,2023-05-09,266,Allegation,3.81,True,True,1
11,Male,Asian/British Asian - Pakistani,4,True,7,1,False,44,Female,Asian/British Asian - Pakistani,In-House Fostering,2023-07-26,2023-10-08,74,Allegation,15.75,True,False,5
10,Trans Female,Asian/British Asian - Pakistani,1,True,5,1,False,36,Female,White - Other,Residential,2022-02-16,2022-03-20,32,Placement stability concerns,81.97,False,True,2
8,Female,White - British,1,True,6,5,True,43,Male,White - British,Residential,2024-07-24,2024-10-27,95,Child requests end,59.05,False,True,2
6,Male,White - British,2,True,0,2,True,40,Female,White - British,External Fostering,2025-08-02,2025-09-03,32,Planned move,15.15,False,False,3
12,Female,Mixed - White/Asian,0,False,0,0,False,37,Male,White - British,Residential,2023-03-20,2023-05-13,54,Carer requests end,53.04,True,True,1
9,Non binary,White - British,0,False,2,1,False,42,Male,White - British,Kinship,2024-03-05,2024-09-25,204,Child requests end,2.96,False,False,1
13,Female,White - British,0,False,7,0,False,37,Male,White - British,In-House Fostering,2022-08-03,2022-10-17,75,Allegation,0.57,False,False,1
9,Male,Asian/British Asian - Pakistani,2,True,0,0,False,57,Male,Asian/British Asian - Bangladeshi,External Fostering,2022-07-24,2022-08-31,38,Allegation,13.63,True,True,3
8,Male,White - British,0,False,0,5,True,56,Female,Asian/British Asian - Pakistani,In-House Fostering,2023-09-01,2024-11-03,429,Allegation,1.03,True,False,1
5,Trans Female,Black/Black British - Caribbean,0,False,7,5,True,39,Trans Male,White - British,Kinship,2024-07-17,2024-12-19,155,Planned move,3.63,True,False,1
8,Male,White - British,5,True,0,0,False,47,Female,Asian/British Asian - Bangladeshi,In-House Fostering,2023-05-30,2023-07-31,62,Allegation,3.92,True,True,6
17,Trans Male,Traveller of Irish Heritage,1,True,5,0,False,51,Male,White - Eastern European,In-House Fostering,2023-08-21,2024-12-30,497,Allegation,12.63,False,False,2
7,Female,White - British,0,False,0,2,True,55,Female,White - British,In-House Fostering,2024-06-21,2028-03-02,1350,Allegation,5.13,False,False,1
9,Male,White - British,4,True,7,0,False,59,Female,White - British,External Fostering,2024-03-01,2024-04-09,39,Behaviour concerns,8.08,True,False,5
6,Male,Asian/British Asian - Pakistani,0,False,3,1,False,44,Male,White - Central European,In-House Fostering,2022-05-19,2023-07-07,414,Placement stability concerns,6.41,True,True,1
3,Male,Asian/British Asian - Pakistani,0,False,6,1,False,56,Male,Mixed - Other,In-House Fostering,2022-06-26,2022-07-19,23,Placement stability concerns,5.29,False,False,1
7,Female,Asian/British Asian - Indian,0,False,3,5,True,43,Trans Male,White - British,In-House Fostering,2025-10-02,2025-10-17,15,Child requests end,18.57,True,True,1
7,Female,Asian/British Asian - Pakistani,5,True,2,3,True,57,Non binary,Asian/British Asian - Pakistani,External Fostering,2023-09-02,2024-01-28,148,Allegation,4.81,False,True,6
7,Female,White - British,5,True,6,3,True,49,Non binary,White - British,In-House Fostering,2025-09-28,2025-11-19,52,Placement stability concerns,9.79,False,False,6
8,Male,White - British,2,True,2,5,True,47,Female,White - British,In-House Fostering,2024-07-11,2026-12-28,900,Placement stability concerns,9.32,False,False,3
16,Male,White - Central European,2,True,6,2,True,52,Male,Asian/British Asian - Pakistani,External Fostering,2022-04-02,2031-12-13,3542,Child requests end,14.66,True,True,3
7,Male,White - British,0,False,5,4,True,44,Male,White - Eastern European,In-House Fostering,2022-01-14,2023-02-13,395,Behaviour concerns,4.85,True,True,1
10,Female,White - British,0,False,4,0,False,52,Male,Asian/British Asian - Bangladeshi,In-House Fostering,2023-08-13,2023-11-18,97,Planned move,18.88,True,True,1
7,Non binary,White - British,1,True,2,1,False,36,Trans Female,White - British,External Fostering,2023-01-15,2024-05-12,483,Allegation,2.39,False,True,2
3,Female,White - British,0,False,0,5,True,55,Female,White - British,In-House Fostering,2025-04-02,2026-03-23,355,Carer requests end,16.13,False,True,1
11,Male,White - British,0,False,7,1,False,49,Male,Asian/British Asian - Pakistani,Residential,2024-04-29,2025-03-22,327,Allegation,77.74,False,False,1
5,Male,White - British,0,False,0,5,True,41,Trans Male,White - Other,External Fostering,2022-06-25,2023-02-11,231,Behaviour concerns,14.16,False,False,1
5,Trans Male,Mixed - White/Black Caribbean,0,False,6,5,True,43,Male,White - British,Residential,2023-09-15,2031-01-16,2680,Allegation,88.29,True,True,1
11,Trans Female,Asian/British Asian - Pakistani,2,True,3,4,True,41,Trans Male,White - British,Kinship,2023-12-20,2025-05-31,528,Placement stability concerns,3.78,True,True,3
6,Male,White - British,1,True,1,4,True,40,Trans Female,White - British,In-House Fostering,2023-08-03,2028-08-29,1853,Behaviour concerns,7.75,False,True,2
8,Male,White - British,0,False,7,3,True,50,Male,White - Central European,In-House Fostering,2024-08-20,2024-10-07,48,Placement stability concerns,19.28,True,False,1
10,Trans Male,White - British,4,True,4,1,False,59,Male,White - British,In-House Fostering,2024-12-19,2025-01-11,23,Allegation,12.58,False,True,5
10,Male,White - British,5,True,5,4,True,57,Female,White - British,In-House Fostering,2023-04-14,2023-11-15,215,Carer requests end,6.18,True,False,6
7,Trans Female,White - British,0,False,1,3,True,38,Female,White - Central European,In-House Fostering,2022-03-04,2022-10-20,230,Carer requests end,19.77,False,True,1
6,Female,White - British,3,True,0,4,True,59,Trans Male,White - Central European,Kinship,2025-01-23,2025-03-15,51,Allegation,4.67,False,True,4
7,Female,Asian/British Asian - Pakistani,4,True,5,5,True,41,Female,Asian/British Asian - Bangladeshi,Kinship,2024-07-23,2027-04-12,993,Placement stability concerns,2.66,False,False,5
8,Male,White - Central European,1,True,1,2,True,43,Male,White - British,In-House Fostering,2023-09-15,2024-01-09,116,Carer requests end,3.74,True,False,2
9,Male,White - British,0,False,3,4,True,52,Male,White - British,In-House Fostering,2024-09-07,2026-11-11,795,Carer requests end,8.24,True,False,1
6,Female,White - British,0,False,1,4,True,40,Male,White - British,External Fostering,2022-09-19,2022-10-24,35,Child requests end,17.2,True,True,1
9,Non binary,White - British,0,False,1,3,True,47,Female,Asian/British Asian - Pakistani,In-House Fostering,2025-05-05,2030-03-15,1775,Planned move,9.67,False,True,1
7,Female,White - British,0,False,3,5,True,48,Female,White - British,In-House Fostering,2023-08-01,2025-12-30,882,Planned move,7.18,True,True,1
11,Male,White - British,0,False,6,2,True,39,Female,White - British,In-House Fostering,2023-04-20,2023-06-09,50,Planned move,3.17,False,False,1
5,Trans Female,White - British,0,False,4,2,True,55,Female,Asian/British Asian - Pakistani,External Fostering,2023-06-02,2023-08-07,66,Planned move,9.33,True,False,1
16,Female,White - British,3,True,5,1,False,51,Male,White - British,In-House Fostering,2025-04-02,2025-05-04,32,Carer requests end,2.4,True,False,4
5,Female,Asian/British Asian - Indian,0,False,4,2,True,35,Female,Asian/British Asian - Bangladeshi,External Fostering,2025-07-10,2028-01-18,922,Allegation,17.32,True,False,1
9,Male,White - British,0,False,5,3,True,44,Male,Mixed - White/Asian,External Fostering,2023-12-05,2025-01-31,423,Behaviour concerns,6.92,False,True,1
7,Male,White - British,0,False,2,0,False,52,Trans Female,White - British,In-House Fostering,2023-03-31,2026-06-20,1177,Behaviour concerns,5.3,False,True,1
8,Female,Asian/British Asian - Pakistani,0,False,0,0,False,53,Female,Mixed - White/Black Caribbean,In-House Fostering,2025-06-04,2032-07-17,2600,Carer requests end,16.64,False,True,1
1,Female,Asian/British Asian - Pakistani,0,False,5,1,False,59,Female,Asian/British Asian - Pakistani,In-House Fostering,2022-06-07,2023-05-25,352,Allegation,8.76,False,False,1
6,Female,White - British,0,False,4,1,False,45,Female,Asian/British Asian - Pakistani,External Fostering,2022-01-23,2022-10-21,271,Placement stability concerns,16.61,False,True,1
4,Male,White - Eastern European,0,False,1,2,True,56,Female,White - British,Kinship,2023-03-21,2023-04-10,20,Placement stability concerns,0.33,False,False,1
7,Female,White - British,0,False,7,4,True,39,Male,White - British,In-House Fostering,2023-07-01,2023-07-13,12,Placement stability concerns,10.58,False,False,1
10,Female,Asian/British Asian - Pakistani,4,True,0,2,True,54,Female,Asian/British Asian - Pakistani,In-House Fostering,2023-06-29,2025-10-27,851,Child requests end,13.39,False,False,5
11,Male,Asian/British Asian - Pakistani,2,True,5,2,True,56,Female,Asian/British Asian - Pakistani,In-House Fostering,2022-03-11,2023-11-09,608,Carer requests end,16.39,False,False,3
11,Male,White - British,2,True,1,3,True,45,Female,Asian/British Asian - Pakistani,Kinship,2022-04-07,2022-05-18,41,Carer requests end,0.13,False,True,3
11,Trans Female,White - Central European,1,True,4,4,True,40,Female,Asian/British Asian - Pakistani,External Fostering,2022-04-17,2022-07-16,90,Placement stability concerns,6.54,False,False,2
15,Female,Asian/British Asian - Indian,0,False,6,3,True,47,Female,White - British,In-House Fostering,2025-01-23,2027-04-14,811,Carer requests end,2.78,False,False,1
0,Female,White - British,5,True,4,4,True,53,Female,White - British,Kinship,2025-10-22,2025-11-05,14,Behaviour concerns,1.37,False,False,6
7,Female,Dual Heritage - Black/White,2,True,2,3,True,35,Male,White - British,In-House Fostering,2023-12-24,2024-07-22,211,Allegation,6.6,True,True,3
9,Trans Male,White - British,1,True,4,4,True,47,Male,White - British,In-House Fostering,2023-04-11,2026-10-05,1273,Child requests end,2.06,True,False,2
7,Trans Male,White - Central European,0,False,7,3,True,58,Male,White - British,External Fostering,2024-12-18,2028-01-06,1114,Allegation,14.21,True,False,1
13,Male,White - British,1,True,2,4,True,47,Female,Asian/British Asian - Pakistani,In-House Fostering,2023-11-25,2024-04-21,148,Behaviour concerns,13.91,True,False,2
13,Trans Female,Asian/British Asian - Pakistani,0,False,4,5,True,42,Trans Female,Asian/British Asian - Bangladeshi,External Fostering,2022-08-05,2025-01-01,880,Planned move,8.34,True,True,1
11,Female,Asian/British Asian - Bangladeshi,4,True,4,0,False,51,Female,White - British,External Fostering,2023-04-12,2024-04-22,376,Planned move,9.08,True,True,5
8,Female,White - British,0,False,3,5,True,56,Female,Asian/British Asian - Pakistani,Kinship,2022-02-19,2022-06-29,130,Planned move,4.0,True,False,1
3,Trans Male,Asian/British Asian - Bangladeshi,0,False,3,5,True,56,Female,White - British,External Fostering,2024-01-10,2024-10-20,284,Child requests end,3.97,True,False,1
8,Female,White - British,0,False,0,0,False,49,Female,White - British,External Fostering,2022-09-26,2023-01-02,98,Behaviour concerns,0.01,True,False,1
12,Female,White - British,0,False,5,5,True,54,Female,White - British,Kinship,2024-01-01,2024-11-29,333,Carer requests end,1.32,False,False,1
8,Male,White - British,0,False,0,2,True,37,Male,Asian/British Asian - Pakistani,Kinship,2024-10-15,2025-03-30,166,Planned move,4.91,False,False,1
8,Female,Asian/British Asian - Pakistani,5,True,3,0,False,54,Male,White - Eastern European,Kinship,2025-06-04,2025-12-11,190,Placement stability concerns,2.99,False,True,6
7,Female,Asian/British Asian - Pakistani,2,True,3,2,True,36,Male,Asian/British Asian - Pakistani,Kinship,2025-03-24,2026-02-14,327,Allegation,1.44,False,False,3
4,Trans Female,White - British,0,False,1,3,True,46,Non binary,Mixed - White/Black Caribbean,In-House Fostering,2024-05-21,2024-06-03,13,Carer requests end,16.25,False,True,1
6,Male,Dual Heritage - Black/White,0,False,7,3,True,44,Female,White - British,In-House Fostering,2022-06-28,2026-03-21,1362,Planned move,8.59,True,True,1
9,Male,Asian/British Asian - Bangladeshi,0,False,2,2,True,53,Male,White - British,Kinship,2022-05-20,2022-09-24,127,Placement stability concerns,1.96,False,False,1
11,Male,Asian/British Asian - Pakistani,0,False,4,0,False,44,Male,Asian/British Asian - Pakistani,In-House Fostering,2024-07-26,2024-09-29,65,Carer requests end,15.85,True,True,1
9,Female,Asian/British Asian - Pakistani,0,False,7,1,False,52,Male,Asian/British Asian - Pakistani,External Fostering,2024-04-30,2024-06-07,38,Planned move,12.17,False,True,1
8,Female,White - British,0,False,0,1,False,36,Female,White - British,External Fostering,2023-10-20,2023-11-29,40,Behaviour concerns,19.6,False,True,1
14,Female,Asian/British Asian - Pakistani,0,False,7,4,True,54,Female,White - British,External Fostering,2023-06-05,2023-12-04,182,Placement stability concerns,11.16,True,True,1
9,Male,Traveller of Irish Heritage,0,False,0,5,True,52,Trans Female,Asian/British Asian - Indian,External Fostering,2023-09-27,2023-12-14,78,Placement stability concerns,7.26,True,True,1
7,Male,Asian/British Asian - Bangladeshi,4,True,6,1,False,52,Male,White - British,In-House Fostering,2024-03-09,2024-04-28,50,Planned move,4.01,True,True,5
9,Male,White - British,1,True,4,2,True,51,Female,White - British,Kinship,2024-10-23,2024-12-13,51,Placement stability concerns,4.17,False,False,2
10,Female,White - British,1,True,4,0,False,36,Female,Mixed - White/Asian,In-House Fostering,2023-05-25,2025-07-10,777,Carer requests end,18.16,True,True,2
15,Male,White - British,0,False,3,4,True,51,Trans Male,Asian/British Asian - Indian,External Fostering,2023-07-10,2023-07-14,4,Placement stability concerns,4.45,False,True,1
9,Male,White - British,0,False,0,0,False,41,Male,White - British,In-House Fostering,2023-03-03,2024-04-16,410,Carer requests end,19.64,True,False,1
6,Male,Asian/British Asian - Pakistani,0,False,5,4,True,42,Female,White - British,External Fostering,2022-08-20,2024-08-20,731,Child requests end,11.4,True,False,1
9,Female,White - British,1,True,5,0,False,53,Male,White - British,Kinship,2024-05-25,2024-06-23,29,Behaviour concerns,3.39,False,False,2
13,Male,Asian/British Asian - Pakistani,1,True,5,3,True,41,Trans Female,White - British,External Fostering,2025-01-05,2026-03-14,433,Planned move,10.23,True,False,2
10,Male,White - British,0,False,1,0,False,53,Male,White - British,External Fostering,2023-12-06,2025-01-18,409,Carer requests end,15.1,False,False,1
8,Female,Asian/British Asian - Pakistani,4,True,6,4,True,48,Trans Male,White - British,In-House Fostering,2025-04-17,2025-09-22,158,Behaviour concerns,3.89,False,False,5
8,Male,Asian/British Asian - Indian,0,False,5,1,False,60,Female,Black/Black British - Caribbean,External Fostering,2023-07-17,2024-04-18,276,Child requests end,14.91,False,False,1
11,Female,Traveller - Other,3,True,4,5,True,49,Trans Female,White - British,External Fostering,2025-07-24,2027-09-19,787,Child requests end,9.56,False,False,4
2,Male,White - British,5,True,1,3,True,48,Female,Dual Heritage - Black/White,Kinship,2025-03-20,2025-04-07,18,Planned move,4.47,False,True,6
0,Trans Male,Asian/British Asian - Other,4,True,6,0,False,51,Male,White - British,External Fostering,2022-06-01,2023-06-18,382,Planned move,11.55,True,True,5
8,Female,Asian/British Asian - Pakistani,5,True,0,4,True,60,Male,White - Eastern European,Kinship,2025-06-01,2026-04-18,321,Placement stability concerns,1.79,True,True,6
0,Male,White - British,0,False,2,3,True,59,Male,Asian/British Asian - Pakistani,Residential,2022-09-09,2024-02-24,533,Allegation,56.0,False,True,1
7,Female,Asian/British Asian - Pakistani,2,True,3,3,True,35,Female,White - British,External Fostering,2022-05-31,2022-11-03,156,Allegation,17.23,True,True,3
0,Female,White - British,4,True,2,0,False,43,Male,White - British,In-House Fostering,2025-08-27,2026-10-28,427,Behaviour concerns,17.4,True,True,5
7,Female,Asian/British Asian - Pakistani,0,False,2,1,False,36,Trans Female,White - British,In-House Fostering,2024-11-14,2025-01-02,49,Behaviour concerns,15.4,False,False,1
16,Female,White - British,5,True,5,0,False,59,Female,White - British,In-House Fostering,2022-09-08,2027-07-04,1760,Placement stability concerns,0.79,False,True,6
7,Male,White - British,0,False,3,4,True,50,Female,Asian/British Asian - Pakistani,Kinship,2022-05-28,2025-03-20,1027,Planned move,2.35,False,False,1
5,Female,White - Irish,0,False,7,4,True,50,Male,White - British,Kinship,2023-03-01,2024-03-12,377,Child requests end,4.17,False,True,1
5,Male,White - British,0,False,4,4,True,58,Female,Asian/British Asian - Pakistani,Kinship,2023-07-18,2024-02-06,203,Planned move,4.74,False,True,1
4,Female,White - British,4,True,6,4,True,56,Non binary,White - British,Kinship,2025-02-25,2026-08-13,534,Allegation,1.87,True,True,5
9,Female,White - British,2,True,7,3,True,52,Trans Male,White - British,External Fostering,2024-10-02,2025-12-21,445,Child requests end,1.49,True,True,3
7,Male,Asian/British Asian - Bangladeshi,0,False,0,2,True,35,Male,White - British,External Fostering,2024-11-11,2027-03-08,847,Child requests end,5.37,True,False,1
10,Non binary,White - British,0,False,3,5,True,60,Trans Female,White - British,In-House Fostering,2023-10-26,2024-09-18,328,Allegation,1.75,True,False,1
8,Male,White - Other,0,False,6,0,False,55,Male,Asian/British Asian - Pakistani,Kinship,2023-03-31,2023-07-08,99,Behaviour concerns,3.4,False,False,1
8,Female,White - Central European,4,True,3,2,True,38,Male,White - British,External Fostering,2023-02-07,2023-05-14,96,Planned move,5.41,False,True,5
10,Female,White - British,0,False,3,5,True,57,Male,Dual Heritage - Black/White,External Fostering,2024-12-19,2025-09-04,259,Behaviour concerns,14.25,False,False,1
7,Male,White - British,0,False,0,5,True,39,Non binary,White - British,External Fostering,2025-03-11,2025-05-29,79,Child requests end,8.58,True,False,1
4,Male,Asian/British Asian - Pakistani,3,True,6,0,False,53,Non binary,Black/Black British - African,In-House Fostering,2024-06-30,2025-05-09,313,Planned move,11.74,True,True,4
11,Male,Mixed - White/Black Caribbean,3,True,1,5,True,36,Male,White - British,External Fostering,2022-08-16,2024-06-19,673,Placement stability concerns,12.5,True,True,4
0,Male,Asian/British Asian - Pakistani,0,False,6,0,False,55,Male,White - British,External Fostering,2024-12-28,2025-01-16,19,Behaviour concerns,10.92,False,True,1
8,Male,White - British,5,True,6,1,False,41,Female,White - British,In-House Fostering,2022-01-26,2027-06-20,1971,Planned move,10.89,False,False,6
4,Female,White - British,0,False,5,5,True,58,Male,White - Central European,External Fostering,2023-12-14,2024-01-24,41,Carer requests end,0.59,True,True,1
9,Trans Male,Asian/British Asian - Bangladeshi,0,False,5,1,False,58,Non binary,Asian/British Asian - Pakistani,External Fostering,2023-01-11,2023-01-28,17,Child requests end,16.98,False,False,1
8,Male,White - British,5,True,6,3,True,60,Female,White - British,Residential,2024-02-04,2024-05-11,97,Child requests end,91.15,False,True,6
14,Trans Male,White - Other,1,True,5,4,True,51,Female,Mixed - White/Asian,In-House Fostering,2023-10-24,2024-01-02,70,Allegation,0.14,False,False,2
11,Male,Asian/British Asian - Pakistani,0,False,4,0,False,59,Female,Asian/British Asian - Pakistani,External Fostering,2025-07-15,2027-09-01,778,Child requests end,3.39,True,True,1
11,Female,Asian/British Asian - Pakistani,0,False,1,1,False,38,Trans Female,White - British,In-House Fostering,2023-02-12,2023-02-24,12,Child requests end,4.81,False,True,1
7,Female,Asian/British Asian - Pakistani,3,True,5,0,False,51,Male,White - British,Kinship,2023-04-06,2023-04-20,14,Planned move,3.42,False,False,4
10,Male,White - British,5,True,1,0,False,53,Female,White - British,In-House Fostering,2023-05-16,2023-07-21,66,Planned move,0.89,True,False,6
6,Male,White - Eastern European,0,False,5,0,False,57,Female,Asian/British Asian - Pakistani,In-House Fostering,2022-01-21,2028-03-27,2257,Placement stability concerns,16.06,False,True,1
10,Male,White - Other,0,False,1,5,True,43,Male,White - British,Residential,2025-10-27,2025-11-03,7,Carer requests end,75.61,True,True,1
13,Female,White - British,5,True,0,3,True,42,Female,Asian/British Asian - Pakistani,In-House Fostering,2022-09-03,2023-10-22,414,Planned move,9.52,False,True,6
12,Male,White - British,0,False,1,4,True,47,Female,Mixed - White/Asian,In-House Fostering,2023-02-10,2023-03-30,48,Child requests end,7.11,False,False,1
14,Female,White - British,0,False,7,5,True,54,Trans Male,White - British,Kinship,2024-12-20,2025-06-06,168,Placement stability concerns,0.12,True,False,1
0,Male,Asian/British Asian - Pakistani,0,False,3,5,True,38,Female,White - Other,In-House Fostering,2025-04-07,2025-07-14,98,Behaviour concerns,2.33,False,False,1
8,Male,White - Other,2,True,5,5,True,42,Male,Asian/British Asian - Pakistani,External Fostering,2024-01-14,2026-06-30,898,Child requests end,19.07,False,True,3
8,Male,White - British,1,True,6,3,True,59,Female,White - British,External Fostering,2023-05-05,2023-08-07,94,Placement stability concerns,0.32,False,False,2
10,Male,White - British,0,False,0,2,True,53,Trans Male,White - British,Kinship,2025-03-07,2030-03-12,1831,Carer requests end,3.79,True,False,1
6,Male,Asian/British Asian - Pakistani,0,False,6,4,True,47,Trans Female,White - British,In-House Fostering,2025-05-09,2025-05-31,22,Child requests end,9.44,True,False,1
1,Trans Female,Asian/British Asian - Pakistani,5,True,2,0,False,55,Female,White - British,In-House Fostering,2024-02-06,2027-07-05,1245,Child requests end,6.28,True,False,6
5,Trans Female,Asian/British Asian - Pakistani,1,True,0,5,True,55,Male,Black/Black British - African,In-House Fostering,2023-04-18,2023-05-19,31,Allegation,0.23,True,True,2
9,Non binary,Asian/British Asian - Pakistani,0,False,6,5,True,38,Female,White - Other,Kinship,2023-01-27,2023-02-16,20,Carer requests end,4.58,False,True,1
9,Female,Asian/British Asian - Pakistani,4,True,1,4,True,60,Female,White - British,In-House Fostering,2023-12-03,2024-09-05,277,Carer requests end,13.37,False,False,5
6,Male,White - British,3,True,5,1,False,45,Trans Female,White - British,In-House Fostering,2023-06-20,2023-10-04,106,Behaviour concerns,10.96,True,False,4
9,Trans Female,White - British,0,False,0,2,True,36,Male,White - British,In-House Fostering,2025-03-21,2025-05-03,43,Child requests end,9.9,False,True,1
4,Female,Asian/British Asian - Bangladeshi,5,True,6,5,True,55,Male,White - British,External Fostering,2023-10-07,2024-10-11,370,Carer requests end,13.81,False,False,6
8,Trans Male,White - British,4,True,7,0,False,57,Female,Asian/British Asian - Pakistani,Kinship,2024-04-23,2024-06-05,43,Placement stability concerns,3.54,True,False,5
10,Male,Asian/British Asian - Pakistani,5,True,0,4,True,42,Male,White - Other,Kinship,2023-07-14,2024-10-21,465,Child requests end,2.49,True,False,6
0,Female,Asian/British Asian - Other,2,True,2,3,True,50,Male,White - British,Kinship,2023-01-16,2023-09-04,231,Child requests end,4.55,False,True,3
3,Trans Male,Asian/British Asian - Pakistani,4,True,2,1,False,43,Female,White - Central European,External Fostering,2024-10-06,2024-10-25,19,Allegation,5.83,True,False,5
5,Male,White - Central European,0,False,2,4,True,49,Female,Asian/British Asian - Pakistani,External Fostering,2024-03-23,2024-03-28,5,Planned move,1.42,False,False,1
10,Female,Asian/British Asian - Pakistani,1,True,1,1,False,37,Male,Asian/British Asian - Pakistani,In-House Fostering,2023-12-05,2026-04-09,856,Child requests end,4.21,True,False,2
7,Male,Asian/British Asian - Indian,0,False,5,3,True,35,Female,White - British,In-House Fostering,2025-02-16,2025-05-08,81,Child requests end,14.37,False,True,1
6,Female,White - British,0,False,2,4,True,56,Trans Male,Asian/British Asian - Pakistani,Kinship,2022-03-27,2025-10-13,1296,Placement stability concerns,4.59,False,False,1
6,Trans Female,White - British,2,True,1,0,False,48,Female,White - British,External Fostering,2023-02-06,2023-04-28,81,Allegation,9.32,False,True,3
8,Male,White - Central European,0,False,2,5,True,55,Female,White - British,In-House Fostering,2022-08-23,2023-10-16,419,Behaviour concerns,15.61,True,False,1
11,Female,White - British,5,True,1,3,True,53,Trans Female,Asian/British Asian - Indian,In-House Fostering,2023-09-21,2025-01-21,488,Child requests end,9.56,False,False,6
6,Female,Mixed - White/Black Caribbean,2,True,3,1,False,59,Female,Asian/British Asian - Pakistani,External Fostering,2024-06-26,2026-10-04,830,Carer requests end,6.94,True,True,3
8,Female,White - British,5,True,0,5,True,51,Non binary,White - British,Kinship,2025-08-06,2025-08-19,13,Carer requests end,2.54,True,True,6
8,Female,White - Central European,0,False,2,2,True,43,Male,White - British,External Fostering,2024-12-18,2025-09-18,274,Planned move,14.69,True,False,1
7,Male,White - British,4,True,5,0,False,47,Trans Female,White - Other,In-House Fostering,2025-10-08,2026-01-07,91,Placement stability concerns,6.81,False,True,5
5,Trans Female,White - British,3,True,5,1,False,43,Female,White - British,In-House Fostering,2022-10-20,2023-05-31,223,Allegation,2.79,True,True,4
8,Male,White - Other,0,False,2,1,False,50,Trans Male,White - British,In-House Fostering,2022-12-22,2023-03-28,96,Carer requests end,5.31,True,True,1
10,Male,White - British,1,True,4,2,True,52,Trans Male,White - British,In-House Fostering,2022-11-01,2023-01-19,79,Carer requests end,10.64,False,False,2
16,Male,Asian/British Asian - Pakistani,3,True,7,4,True,38,Female,Asian/British Asian - Pakistani,External Fostering,2025-09-25,2026-05-03,220,Allegation,5.68,True,False,4
17,Non binary,Asian/British Asian - Pakistani,0,False,2,2,True,40,Male,Asian/British Asian - Pakistani,Kinship,2025-03-01,2025-04-28,58,Planned move,1.18,True,False,1
5,Female,White - British,2,True,2,5,True,46,Male,Asian/British Asian - Pakistani,In-House Fostering,2024-07-20,2025-09-18,425,Child requests end,8.07,True,False,3
6,Female,White - Eastern European,5,True,7,2,True,54,Male,White - British,External Fostering,2025-02-06,2025-04-18,71,Carer requests end,2.86,False,True,6
7,Trans Female,White - British,4,True,7,2,True,52,Female,Asian/British Asian - Bangladeshi,Kinship,2023-06-09,2025-03-07,637,Placement stability concerns,4.1,False,True,5
9,Male,Asian/British Asian - Indian,4,True,1,4,True,56,Male,White - British,In-House Fostering,2023-04-15,2023-11-05,204,Carer requests end,3.33,True,True,5
12,Male,White - British,4,True,7,1,False,55,Trans Female,Gypsy / Roma,Residential,2024-09-28,2025-11-08,406,Child requests end,55.44,True,True,5
3,Trans Male,Asian/British Asian - Pakistani,0,False,5,1,False,37,Male,White - British,External Fostering,2025-03-26,2027-01-16,661,Allegation,17.66,False,True,1
9,Male,Asian/British Asian - Pakistani,1,True,4,0,False,47,Male,White - British,External Fostering,2022-10-31,2023-01-03,64,Child requests end,11.29,False,True,2
5,Trans Female,Mixed - White/Asian,0,False,6,3,True,60,Trans Male,White - British,Residential,2022-07-27,2024-04-01,614,Behaviour concerns,50.73,True,True,1
6,Trans Female,White - British,2,True,4,0,False,44,Male,Asian/British Asian - Pakistani,External Fostering,2022-06-01,2023-08-31,456,Allegation,15.24,False,True,3
12,Male,Black/Black British - Other,0,False,2,3,True,37,Male,White - British,In-House Fostering,2022-10-30,2022-12-15,46,Behaviour concerns,7.57,False,True,1
12,Female,White - British,0,False,2,1,False,42,Female,White - Other,External Fostering,2022-09-02,2022-11-11,70,Carer requests end,19.33,True,True,1
14,Male,White - British,0,False,4,1,False,42,Male,Asian/British Asian - Pakistani,Residential,2025-10-04,2026-07-03,272,Planned move,73.06,False,True,1
5,Trans Male,Asian/British Asian - Pakistani,0,False,3,1,False,54,Male,Asian/British Asian - Pakistani,Kinship,2023-08-28,2025-08-03,706,Planned move,2.35,True,True,1
10,Male,Asian/British Asian - Pakistani,5,True,7,4,True,39,Male,White - British,External Fostering,2022-07-31,2022-08-16,16,Child requests end,14.84,True,True,6
9,Non binary,White - British,0,False,1,1,False,60,Female,Asian/British Asian - Pakistani,In-House Fostering,2023-11-12,2024-09-26,319,Carer requests end,3.07,False,False,1
12,Female,White - British,5,True,4,1,False,57,Trans Female,White - Eastern European,Residential,2025-10-06,2025-12-10,65,Placement stability concerns,35.16,True,False,6
12,Male,White - British,3,True,2,3,True,55,Female,White - British,Kinship,2024-11-01,2025-01-14,74,Carer requests end,4.61,False,True,4
8,Female,White - British,3,True,2,2,True,54,Female,Mixed - White/Black Caribbean,Kinship,2022-12-26,2023-02-01,37,Child requests end,2.03,False,False,4
1,Trans Female,Asian/British Asian - Pakistani,3,True,3,4,True,51,Female,Asian/British Asian - Pakistani,In-House Fostering,2023-07-09,2024-09-04,423,Allegation,9.91,True,True,4
9,Male,White - Other,4,True,4,0,False,56,Non binary,Asian/British Asian - Pakistani,Kinship,2024-09-23,2024-12-03,71,Child requests end,4.03,True,True,5
11,Male,White - British,4,True,3,3,True,49,Male,Asian/British Asian - Indian,In-House Fostering,2023-10-15,2024-12-10,422,Planned move,16.37,False,True,5
8,Male,White - British,0,False,2,1,False,51,Trans Female,White - British,In-House Fostering,2025-07-01,2025-07-07,6,Carer requests end,8.23,False,True,1
9,Female,Asian/British Asian - Pakistani,0,False,7,4,True,47,Female,White - Central European,Kinship,2023-02-12,2023-03-08,24,Child requests end,3.25,False,True,1
8,Male,White - Eastern European,0,False,0,4,True,37,Female,Asian/British Asian - Pakistani,Kinship,2022-03-17,2023-03-16,364,Behaviour concerns,0.19,False,False,1
9,Female,White - Irish,0,False,6,2,True,57,Female,White - British,External Fostering,2023-05-15,2023-07-26,72,Placement stability concerns,16.28,True,False,1
12,Male,Asian/British Asian - Pakistani,0,False,0,5,True,49,Male,White - British,Kinship,2025-07-06,2026-07-07,366,Allegation,0.87,False,False,1
6,Trans Male,White - British,0,False,2,0,False,40,Trans Female,Asian/British Asian - Pakistani,In-House Fostering,2024-08-27,2024-12-23,118,Allegation,10.54,True,False,1
6,Male,Asian/British Asian - Pakistani,3,True,1,5,True,47,Trans Female,White - British,External Fostering,2024-03-08,2025-05-29,447,Child requests end,3.29,False,True,4
4,Male,White - Central European,5,True,3,4,True,52,Trans Female,White - Other,Residential,2023-02-13,2024-04-23,435,Carer requests end,75.76,False,True,6
3,Male,White - Central European,0,False,0,1,False,43,Female,White - British,In-House Fostering,2022-01-09,2022-05-24,135,Child requests end,15.39,True,True,1
5,Trans Male,White - British,1,True,2,4,True,37,Male,Asian/British Asian - Pakistani,Kinship,2022-08-06,2030-12-18,3056,Allegation,2.2,True,True,2
7,Male,Asian/British Asian - Pakistani,0,False,0,4,True,58,Female,Asian/British Asian - Pakistani,External Fostering,2022-01-21,2024-06-10,871,Planned move,4.78,False,True,1
6,Trans Male,White - British,2,True,3,4,True,52,Trans Male,Asian/British Asian - Pakistani,External Fostering,2022-05-10,2026-02-08,1370,Child requests end,16.99,True,False,3
9,Trans Female,White - British,3,True,7,1,False,51,Male,White - British,In-House Fostering,2025-04-07,2025-04-29,22,Planned move,17.63,False,False,4
7,Trans Female,Asian/British Asian - Pakistani,0,False,3,3,True,54,Trans Male,White - British,External Fostering,2022-07-24,2023-05-28,308,Allegation,8.7,False,True,1
8,Male,Asian/British Asian - Pakistani,0,False,6,0,False,60,Male,Mixed - White/Black Caribbean,External Fostering,2023-10-03,2027-06-19,1355,Carer requests end,18.49,True,True,1
13,Female,Asian/British Asian - Other,0,False,0,2,True,46,Male,White - British,In-House Fostering,2023-05-05,2023-09-20,138,Planned move,7.99,True,True,1
1,Female,White - British,0,False,0,0,False,37,Female,White - Other,In-House Fostering,2022-10-29,2022-12-23,55,Behaviour concerns,17.83,False,False,1
7,Female,White - British,3,True,4,2,True,51,Male,White - British,In-House Fostering,2023-04-25,2023-05-21,26,Planned move,5.94,True,True,4
10,Female,Asian/British Asian - Pakistani,0,False,7,4,True,42,Female,White - Eastern European,External Fostering,2022-11-05,2025-01-26,813,Placement stability concerns,5.37,True,True,1
10,Trans Female,White - British,5,True,6,0,False,38,Trans Female,Asian/British Asian - Pakistani,External Fostering,2023-08-03,2027-07-15,1442,Allegation,13.65,False,False,6
11,Male,White - British,5,True,6,2,True,44,Trans Male,White - Eastern European,External Fostering,2024-01-08,2025-01-19,377,Child requests end,18.32,True,True,6
12,Female,White - British,0,False,4,0,False,37,Male,White - British,External Fostering,2024-07-23,2025-05-20,301,Planned move,8.26,False,False,1
6,Trans Female,Asian/British Asian - Pakistani,3,True,1,4,True,42,Male,White - British,External Fostering,2023-10-24,2023-12-16,53,Placement stability concerns,1.2,False,True,4
6,Male,White - British,0,False,6,4,True,35,Female,White - British,External Fostering,2025-07-24,2026-06-22,333,Planned move,5.44,False,True,1
2,Female,Asian/British Asian - Pakistani,0,False,3,5,True,37,Trans Male,White - Eastern European,In-House Fostering,2022-04-20,2024-04-28,739,Carer requests end,15.48,True,True,1
12,Non binary,White - British,0,False,3,3,True,46,Non binary,Asian/British Asian - Pakistani,In-House Fostering,2022-05-13,2022-08-19,98,Behaviour concerns,6.06,False,False,1
8,Female,Gypsy / Roma,0,False,6,4,True,38,Trans Male,Asian/British Asian - Pakistani,Kinship,2025-05-27,2025-08-20,85,Planned move,3.51,False,False,1
11,Male,Asian/British Asian - Pakistani,0,False,7,4,True,40,Male,Asian/British Asian - Pakistani,In-House Fostering,2022-01-24,2022-04-17,83,Behaviour concerns,6.98,True,False,1
8,Male,White - British,0,False,6,1,False,55,Trans Male,Asian/British Asian - Pakistani,Kinship,2024-05-20,2024-07-30,71,Allegation,4.85,False,False,1
14,Non binary,White - British,0,False,5,2,True,59,Male,White - British,Kinship,2025-10-25,2026-01-17,84,Allegation,0.53,True,True,1
7,Male,White - British,0,False,0,2,True,45,Male,White - British,In-House Fostering,2024-02-19,2025-07-02,499,Planned move,3.71,True,False,1
7,Male,White - British,0,False,0,5,True,43,Non binary,Asian/British Asian - Pakistani,External Fostering,2025-05-10,2026-04-03,328,Placement stability concerns,16.56,False,True,1
14,Female,Asian/British Asian - Pakistani,0,False,4,3,True,55,Female,White - British,In-House Fostering,2024-11-25,2024-12-19,24,Planned move,12.45,True,True,1
11,Trans Male,White - British,1,True,2,4,True,49,Trans Male,Gypsy / Roma,External Fostering,2025-08-01,2027-02-16,564,Child requests end,18.79,False,False,2
0,Female,White - British,0,False,1,2,True,44,Male,White - British,External Fostering,2025-04-10,2025-07-05,86,Child requests end,14.39,False,True,1
12,Female,White - Central European,0,False,3,3,True,50,Male,Asian/British Asian - Indian,External Fostering,2023-12-07,2025-04-12,492,Placement stability concerns,1.7,False,False,1
7,Male,White - British,0,False,0,3,True,39,Female,White - British,Residential,2025-03-10,2025-03-28,18,Carer requests end,29.18,True,True,1
8,Male,White - British,1,True,7,5,True,49,Male,White - British,Kinship,2022-08-31,2022-09-29,29,Planned move,3.41,False,False,2
6,Female,White - Eastern European,5,True,4,1,False,40,Female,White - Eastern European,External Fostering,2024-12-29,2025-01-03,5,Allegation,1.76,False,False,6
11,Trans Male,White - British,2,True,7,3,True,37,Trans Female,White - British,Residential,2022-12-02,2023-01-26,55,Allegation,22.62,False,False,3
11,Trans Male,Asian/British Asian - Pakistani,1,True,6,1,False,49,Female,Asian/British Asian - Pakistani,External Fostering,2022-11-27,2023-12-29,397,Child requests end,19.78,True,False,2
11,Female,Asian/British Asian - Pakistani,0,False,7,4,True,40,Non binary,White - British,In-House Fostering,2024-08-13,2026-01-30,535,Placement stability concerns,13.61,False,True,1
8,Male,White - British,5,True,7,3,True,44,Non binary,White - British,Kinship,2023-05-03,2023-08-01,90,Placement stability concerns,0.77,False,True,6
9,Male,Asian/British Asian - Pakistani,3,True,1,2,True,48,Female,White - British,External Fostering,2022-12-26,2023-04-21,116,Child requests end,4.58,False,False,4
7,Trans Female,White - Central European,0,False,3,3,True,50,Male,Asian/British Asian - Bangladeshi,Kinship,2024-02-12,2025-01-04,327,Carer requests end,4.51,True,True,1
9,Female,Asian/British Asian - Indian,5,True,7,5,True,59,Male,Asian/British Asian - Other,External Fostering,2024-06-18,2025-08-28,436,Placement stability concerns,5.1,True,True,6
13,Female,White - British,0,False,2,0,False,36,Female,White - Eastern European,In-House Fostering,2022-05-09,2024-07-19,802,Planned move,5.45,False,True,1
4,Male,Asian/British Asian - Pakistani,1,True,1,5,True,43,Female,White - British,Kinship,2023-11-09,2024-07-31,265,Behaviour concerns,1.01,False,True,2
3,Female,White - British,0,False,0,2,True,39,Male,White - British,External Fostering,2024-06-24,2032-08-22,2981,Placement stability concerns,16.35,True,False,1
0,Male,White - British,3,True,5,5,True,55,Male,White - Other,External Fostering,2022-08-04,2022-09-05,32,Child requests end,4.03,False,False,4
13,Female,Asian/British Asian - Bangladeshi,0,False,4,4,True,48,Trans Female,White - British,In-House Fostering,2023-10-23,2024-01-19,88,Allegation,12.71,True,False,1
10,Female,Asian/British Asian - Pakistani,1,True,0,2,True,36,Female,Mixed - White/Black Caribbean,Kinship,2023-11-18,2025-01-22,431,Planned move,0.56,True,True,2
9,Male,White - British,2,True,2,2,True,56,Trans Female,White - British,Kinship,2022-07-10,2022-09-17,69,Carer requests end,3.42,False,True,3
6,Female,White - British,2,True,3,4,True,60,Male,Asian/British Asian - Pakistani,External Fostering,2024-03-26,2025-01-06,286,Placement stability concerns,17.82,False,True,3
13,Female,Asian/British Asian - Pakistani,3,True,1,0,False,36,Male,Asian/British Asian - Pakistani,In-House Fostering,2023-04-12,2023-06-24,73,Allegation,16.67,False,True,4
10,Male,White - British,3,True,5,5,True,51,Female,White - British,In-House Fostering,2024-03-15,2024-03-29,14,Behaviour concerns,16.95,False,False,4
8,Female,White - British,0,False,1,4,True,53,Female,White - British,External Fostering,2024-11-10,2025-04-06,147,Carer requests end,14.38,False,True,1
9,Male,White - British,0,False,3,0,False,35,Trans Male,White - British,In-House Fostering,2022-06-22,2022-08-01,40,Behaviour concerns,18.51,False,False,1
5,Female,Asian/British Asian - Pakistani,0,False,7,5,True,47,Trans Male,Black/Black British - African,Kinship,2022-08-28,2023-02-14,170,Allegation,2.83,False,True,1
16,Male,Asian/British Asian - Pakistani,3,True,2,4,True,42,Trans Female,Asian/British Asian - Pakistani,External Fostering,2024-03-29,2024-08-13,137,Behaviour concerns,15.72,True,True,4
9,Male,White - British,2,True,1,2,True,50,Trans Female,White - Central European,External Fostering,2023-01-27,2023-02-04,8,Behaviour concerns,2.78,False,False,3
8,Male,Black/Black British - Other,0,False,2,1,False,51,Female,White - British,Kinship,2025-09-23,2031-08-17,2154,Carer requests end,4.61,True,False,1
15,Female,Asian/British Asian - Pakistani,0,False,6,3,True,57,Trans Female,Traveller of Irish Heritage,In-House Fostering,2025-08-26,2027-10-24,789,Planned move,2.43,False,True,1
4,Trans Female,White - British,0,False,0,2,True,54,Non binary,Asian/British Asian - Pakistani,In-House Fostering,2022-10-29,2023-01-10,73,Allegation,17.34,True,True,1
7,Trans Male,White - British,3,True,7,1,False,40,Non binary,White - British,Residential,2024-12-29,2025-03-21,82,Carer requests end,18.56,False,True,4
10,Male,White - Other,2,True,0,4,True,42,Male,White - British,In-House Fostering,2025-01-10,2030-11-16,2136,Allegation,10.53,True,False,3
0,Female,Asian/British Asian - Pakistani,0,False,6,0,False,44,Female,Asian/British Asian - Pakistani,External Fostering,2024-07-02,2024-08-05,34,Planned move,19.95,False,False,1
11,Female,White - British,3,True,6,2,True,58,Male,Asian/British Asian - Pakistani,External Fostering,2022-09-12,2028-04-20,2047,Placement stability concerns,3.7,True,False,4
5,Female,White - British,5,True,4,2,True,49,Trans Male,Asian/British Asian - Pakistani,External Fostering,2024-07-15,2024-09-17,64,Carer requests end,19.44,False,False,6
9,Male,White - British,0,False,3,5,True,58,Female,White - British,External Fostering,2023-11-24,2026-11-22,1094,Planned move,15.05,False,True,1
2,Trans Female,Asian/British Asian - Pakistani,0,False,7,3,True,48,Female,White - Eastern European,External Fostering,2024-04-15,2025-05-17,397,Carer requests end,18.14,False,True,1
9,Trans Male,Asian/British Asian - Pakistani,0,False,4,0,False,50,Female,White - British,In-House Fostering,2022-03-12,2022-06-11,91,Planned move,16.7,False,True,1
6,Trans Female,White - British,3,True,1,1,False,59,Trans Male,White - British,External Fostering,2025-08-15,2029-06-25,1410,Allegation,5.68,True,True,4
16,Female,Black/Black British - African,4,True,6,4,True,45,Non binary,Asian/British Asian - Pakistani,In-House Fostering,2022-05-04,2022-12-19,229,Child requests end,11.71,True,False,5
2,Female,White - British,0,False,3,0,False,53,Male,Asian/British Asian - Pakistani,In-House Fostering,2024-10-06,2027-01-27,843,Child requests end,17.56,False,True,1
4,Male,Mixed - Other,0,False,1,0,False,40,Female,Asian/British Asian - Pakistani,External Fostering,2025-04-02,2029-04-10,1469,Behaviour concerns,3.69,True,True,1
6,Male,White - British,0,False,1,2,True,49,Female,White - British,External Fostering,2025-08-14,2027-10-26,803,Planned move,19.25,True,False,1
6,Trans Male,White - British,2,True,2,3,True,54,Male,White - Other,External Fostering,2024-11-11,2024-12-26,45,Planned move,8.25,True,True,3
0,Female,White - British,0,False,0,3,True,58,Male,White - British,Kinship,2024-12-23,2025-01-16,24,Placement stability concerns,0.46,True,False,1
9,Female,Black/Black British - African,0,False,3,2,True,51,Female,Asian/British Asian - Indian,In-House Fostering,2023-05-25,2023-07-05,41,Child requests end,13.38,False,False,1
12,Non binary,Black/Black British - African,0,False,2,3,True,51,Non binary,Mixed - White/Black Caribbean,External Fostering,2023-03-31,2024-03-10,345,Child requests end,6.27,False,True,1
10,Trans Female,Black/Black British - Caribbean,2,True,5,3,True,55,Trans Male,Dual Heritage - Black/White,In-House Fostering,2023-10-10,2024-07-08,272,Planned move,14.46,False,True,3
10,Male,White - British,0,False,1,5,True,36,Female,White - British,In-House Fostering,2023-03-26,2023-06-16,82,Allegation,10.95,True,False,1
10,Female,Asian/British Asian - Pakistani,5,True,1,1,False,48,Male,White - British,In-House Fostering,2023-11-11,2024-01-28,78,Allegation,9.61,False,False,6
10,Female,White - British,1,True,0,2,True,51,Male,Asian/British Asian - Pakistani,External Fostering,2023-04-12,2024-11-11,579,Planned move,10.47,True,False,2
13,Male,Mixed - White/Black Caribbean,0,False,3,2,True,59,Female,Asian/British Asian - Pakistani,Kinship,2022-07-15,2029-01-01,2362,Planned move,3.86,False,False,1
5,Male,White - British,3,True,5,3,True,44,Female,White - British,Kinship,2024-11-01,2026-08-11,648,Allegation,1.53,True,False,4
10,Female,Asian/British Asian - Pakistani,1,True,1,0,False,59,Female,White - British,In-House Fostering,2022-09-17,2023-01-25,130,Carer requests end,6.83,True,True,2
8,Male,Asian/British Asian - Pakistani,5,True,1,1,False,56,Male,Mixed - Other,External Fostering,2025-04-19,2025-12-24,249,Child requests end,10.24,True,True,6
11,Non binary,White - British,5,True,7,2,True,51,Female,Mixed - White/Asian,Residential,2025-02-12,2029-08-29,1659,Child requests end,71.63,True,False,6
12,Female,Asian/British Asian - Other,0,False,2,5,True,39,Male,White - British,Kinship,2023-10-27,2023-11-24,28,Allegation,3.55,False,True,1
6,Trans Female,White - British,1,True,4,2,True,57,Trans Male,White - British,External Fostering,2024-08-29,2026-09-08,740,Carer requests end,12.66,False,False,2
10,Female,White - Central European,5,True,7,1,False,51,Trans Male,White - Eastern European,External Fostering,2025-08-22,2027-04-26,612,Allegation,3.32,True,False,6
8,Female,White - Eastern European,4,True,6,1,False,50,Male,White - British,External Fostering,2025-06-23,2025-09-15,84,Child requests end,5.68,False,True,5
9,Male,Asian/British Asian - Other,0,False,3,5,True,50,Trans Female,Asian/British Asian - Pakistani,External Fostering,2024-01-15,2024-01-18,3,Planned move,1.16,False,True,1
12,Female,Asian/British Asian - Pakistani,3,True,6,0,False,36,Trans Female,White - British,In-House Fostering,2022-06-19,2029-02-13,2431,Child requests end,17.45,True,False,4
8,Female,White - British,1,True,5,5,True,36,Female,Asian/British Asian - Pakistani,Kinship,2025-10-07,2026-07-25,291,Carer requests end,1.11,False,True,2
8,Male,Asian/British Asian - Pakistani,4,True,2,2,True,45,Female,Asian/British Asian - Pakistani,External Fostering,2025-03-24,2025-07-05,103,Allegation,11.77,True,False,5
4,Male,Asian/British Asian - Pakistani,3,True,2,1,False,59,Male,Asian/British Asian - Pakistani,External Fostering,2025-04-11,2025-09-26,168,Planned move,7.7,True,False,4
5,Trans Female,Asian/British Asian - Other,0,False,3,3,True,52,Male,White - British,Kinship,2024-10-08,2024-11-09,32,Carer requests end,2.65,False,True,1
12,Female,White - British,2,True,1,3,True,36,Male,Asian/British Asian - Pakistani,Kinship,2022-06-06,2022-11-16,163,Allegation,1.87,False,True,3
6,Trans Female,White - British,1,True,5,1,False,36,Female,Asian/British Asian - Pakistani,In-House Fostering,2022-01-29,2022-02-12,14,Placement stability concerns,14.28,False,False,2
11,Female,White - British,1,True,7,2,True,48,Trans Female,White - British,In-House Fostering,2024-03-18,2024-05-11,54,Child requests end,18.48,False,True,2
7,Female,White - British,2,True,1,2,True,44,Female,White - British,In-House Fostering,2022-04-30,2022-06-16,47,Child requests end,7.62,True,True,3
8,Trans Male,Asian/British Asian - Pakistani,2,True,5,3,True,48,Female,White - British,In-House Fostering,2023-12-24,2024-01-10,17,Planned move,10.63,True,False,3
10,Male,White - British,0,False,3,2,True,49,Trans Male,White - Central European,In-House Fostering,2025-03-05,2035-12-02,3924,Child requests end,9.45,True,True,1
14,Male,White - British,4,True,1,1,False,36,Trans Male,White - British,External Fostering,2025-08-04,2025-08-31,27,Child requests end,5.62,False,False,5
9,Female,Asian/British Asian - Pakistani,5,True,4,2,True,47,Male,White - Central European,Kinship,2022-04-08,2023-04-12,369,Allegation,4.38,False,True,6
9,Male,Asian/British Asian - Pakistani,2,True,3,0,False,36,Female,White - British,In-House Fostering,2022-04-16,2022-10-28,195,Planned move,5.6,True,True,3
11,Female,Asian/British Asian - Pakistani,4,True,4,2,True,39,Female,White - Eastern European,Residential,2024-01-10,2024-01-21,11,Behaviour concerns,53.28,True,True,5
9,Male,White - British,0,False,0,3,True,39,Female,White - British,External Fostering,2025-03-24,2025-05-03,40,Planned move,10.57,True,True,1
8,Female,Asian/British Asian - Pakistani,4,True,6,1,False,48,Female,White - British,Kinship,2022-10-20,2022-12-06,47,Allegation,1.63,False,True,5
10,Trans Female,White - British,0,False,7,3,True,35,Male,Asian/British Asian - Pakistani,In-House Fostering,2023-01-18,2024-01-09,356,Carer requests end,16.45,False,False,1
7,Trans Male,White - British,5,True,5,5,True,35,Non binary,White - Eastern European,In-House Fostering,2025-08-31,2027-12-24,845,Planned move,5.37,False,True,6
10,Non binary,Asian/British Asian - Pakistani,0,False,4,5,True,48,Male,Asian/British Asian - Pakistani,External Fostering,2022-02-17,2022-04-28,70,Carer requests end,3.95,False,True,1
9,Male,Asian/British Asian - Indian,0,False,3,2,True,58,Female,White - British,External Fostering,2024-12-13,2029-01-01,1480,Carer requests end,2.39,False,False,1
2,Trans Male,Asian/British Asian - Pakistani,5,True,3,5,True,54,Trans Female,Asian/British Asian - Pakistani,Kinship,2022-10-10,2024-02-11,489,Allegation,2.06,True,False,6
11,Trans Male,White - Irish,4,True,4,1,False,45,Female,White - British,External Fostering,2025-10-02,2027-11-10,769,Placement stability concerns,16.47,False,False,5
10,Female,Dual Heritage - Black/White,2,True,3,5,True,41,Female,White - British,External Fostering,2022-02-10,2024-01-15,704,Behaviour concerns,5.5,True,True,3
11,Female,White - Other,2,True,7,4,True,51,Female,Asian/British Asian - Pakistani,External Fostering,2022-02-15,2023-04-22,431,Child requests end,10.42,False,True,3
7,Trans Female,White - British,2,True,0,0,False,50,Male,Asian/British Asian - Pakistani,In-House Fostering,2022-09-30,2024-02-02,490,Behaviour concerns,12.99,True,True,3
10,Female,White - British,5,True,7,2,True,36,Female,Asian/British Asian - Other,Kinship,2023-02-24,2023-04-09,44,Placement stability concerns,2.19,True,True,6
7,Trans Female,White - British,2,True,4,3,True,44,Female,White - Other,In-House Fostering,2025-07-10,2026-06-18,343,Planned move,2.1,True,False,3
8,Female,White - British,1,True,4,3,True,48,Male,White - British,In-House Fostering,2023-02-10,2025-02-10,731,Carer requests end,11.47,False,True,2
13,Female,Asian/British Asian - Pakistani,0,False,7,1,False,39,Trans Male,Black/Black British - Caribbean,Kinship,2024-05-26,2024-07-26,61,Planned move,0.82,False,True,1
6,Male,Asian/British Asian - Indian,0,False,6,5,True,56,Female,White - British,In-House Fostering,2025-07-17,2025-07-31,14,Allegation,19.67,True,True,1
10,Female,White - British,3,True,6,2,True,44,Male,Asian/British Asian - Other,External Fostering,2023-10-12,2024-03-04,144,Carer requests end,7.42,True,False,4
11,Female,Asian/British Asian - Pakistani,0,False,6,3,True,35,Male,White - British,In-House Fostering,2023-05-17,2025-04-03,687,Behaviour concerns,4.0,False,False,1
11,Female,White - British,0,False,5,1,False,39,Male,White - British,In-House Fostering,2024-11-25,2025-07-24,241,Allegation,15.98,False,True,1
5,Male,Asian/British Asian - Indian,4,True,3,1,False,51,Female,Asian/British Asian - Pakistani,In-House Fostering,2024-07-11,2025-10-10,456,Planned move,1.73,True,False,5
16,Male,White - British,0,False,6,0,False,52,Female,White - Other,In-House Fostering,2024-10-31,2024-12-06,36,Placement stability concerns,12.87,True,True,1
10,Female,White - British,0,False,7,4,True,51,Female,Black/Black British - African,External Fostering,2024-07-14,2024-08-30,47,Planned move,3.46,True,False,1
7,Female,Asian/British Asian - Pakistani,3,True,2,2,True,59,Female,Asian/British Asian - Pakistani,In-House Fostering,2025-06-06,2033-08-22,2999,Planned move,11.05,False,True,4
7,Male,Asian/British Asian - Pakistani,0,False,6,1,False,45,Male,White - British,External Fostering,2024-10-07,2024-12-29,83,Planned move,13.06,True,True,1
16,Female,Asian/British Asian - Other,2,True,3,3,True,38,Non binary,White - Eastern European,In-House Fostering,2025-05-19,2025-12-27,222,Allegation,13.82,True,True,3
5,Female,White - British,1,True,2,5,True,39,Female,White - British,Residential,2022-05-11,2022-05-12,1,Behaviour concerns,47.77,False,True,2
10,Female,Asian/British Asian - Pakistani,0,False,6,2,True,55,Non binary,White - Eastern European,In-House Fostering,2024-05-31,2026-07-11,771,Behaviour concerns,14.15,False,False,1
3,Female,White - Other,0,False,0,1,False,53,Female,White - British,Kinship,2024-02-08,2025-12-14,675,Allegation,2.91,True,True,1
9,Female,Asian/British Asian - Pakistani,4,True,2,0,False,49,Male,White - British,Residential,2023-11-27,2024-02-29,94,Placement stability concerns,39.43,False,True,5
1,Female,White - British,3,True,7,3,True,53,Female,White - British,In-House Fostering,2024-09-01,2024-11-07,67,Allegation,14.0,True,False,4
5,Male,Asian/British Asian - Pakistani,0,False,3,2,True,47,Trans Male,Traveller - Other,Kinship,2025-04-22,2025-05-01,9,Planned move,2.66,True,False,1
8,Male,White - British,0,False,7,4,True,60,Male,Asian/British Asian - Pakistani,In-House Fostering,2022-07-13,2022-09-04,53,Allegation,7.5,False,True,1
8,Female,Asian/British Asian - Pakistani,0,False,3,2,True,54,Trans Male,White - Eastern European,External Fostering,2022-08-22,2022-10-27,66,Planned move,15.13,False,True,1
4,Trans Female,White - British,0,False,2,3,True,39,Female,Asian/British Asian - Pakistani,In-House Fostering,2022-08-17,2023-03-18,213,Allegation,6.51,False,False,1
7,Male,White - British,5,True,0,2,True,40,Female,Asian/British Asian - Other,In-House Fostering,2024-07-15,2025-11-27,500,Placement stability concerns,11.3,False,False,6
8,Male,White - British,0,False,4,5,True,53,Female,White - British,External Fostering,2024-09-02,2025-12-19,473,Allegation,13.64,True,True,1
14,Female,White - Central European,0,False,2,0,False,55,Non binary,Asian/British Asian - Pakistani,In-House Fostering,2025-06-06,2025-08-20,75,Allegation,12.52,True,True,1
11,Female,Dual Heritage - Black/White,0,False,7,3,True,35,Trans Male,Asian/British Asian - Pakistani,Residential,2022-08-17,2022-12-17,122,Carer requests end,81.09,True,False,1
8,Female,White - British,3,True,6,5,True,57,Non binary,White - Central European,External Fostering,2025-08-14,2026-03-31,229,Allegation,1.43,False,False,4
5,Trans Female,White - British,0,False,2,5,True,54,Female,White - British,External Fostering,2024-02-13,2024-04-03,50,Allegation,11.9,False,True,1
11,Male,White - British,0,False,2,4,True,43,Female,Asian/British Asian - Pakistani,In-House Fostering,2022-02-08,2022-03-16,36,Allegation,3.27,False,True,1
12,Female,White - British,0,False,7,0,False,43,Male,Asian/British Asian - Other,In-House Fostering,2025-01-24,2028-04-04,1166,Child requests end,13.83,False,False,1
7,Male,White - British,0,False,6,4,True,54,Trans Male,White - British,In-House Fostering,2024-05-20,2026-10-24,887,Placement stability concerns,12.29,False,False,1
7,Male,White - British,3,True,2,5,True,39,Female,Asian/British Asian - Pakistani,Kinship,2025-10-25,2025-11-01,7,Placement stability concerns,4.73,False,False,4
9,Female,Asian/British Asian - Pakistani,3,True,3,2,True,43,Trans Female,White - British,In-House Fostering,2025-04-21,2025-07-14,84,Placement stability concerns,17.96,False,True,4
12,Female,White - British,0,False,1,0,False,57,Trans Female,Asian/British Asian - Pakistani,In-House Fostering,2025-06-21,2025-08-13,53,Carer requests end,4.01,True,True,1
11,Female,White - British,1,True,3,0,False,56,Non binary,White - British,Kinship,2025-05-04,2026-11-18,563,Placement stability concerns,4.15,False,False,2
10,Female,Asian/British Asian - Other,3,True,5,2,True,35,Trans Female,White - British,External Fostering,2022-12-14,2023-01-23,40,Placement stability concerns,3.57,True,True,4
1,Female,White - British,0,False,4,1,False,55,Trans Female,White - British,Kinship,2024-08-19,2025-10-10,417,Allegation,0.66,False,True,1
9,Female,White - British,4,True,4,5,True,37,Female,Asian/British Asian - Pakistani,Kinship,2022-12-29,2023-02-14,47,Behaviour concerns,2.36,False,True,5
8,Female,Asian/British Asian - Pakistani,0,False,1,5,True,50,Trans Male,Asian/British Asian - Pakistani,Kinship,2023-01-05,2024-08-20,593,Behaviour concerns,3.56,True,False,1
12,Female,Asian/British Asian - Pakistani,0,False,3,2,True,45,Male,Mixed - White/Asian,In-House Fostering,2025-02-07,2025-02-13,6,Carer requests end,18.99,True,True,1
7,Female,White - British,0,False,0,1,False,45,Trans Female,White - British,Residential,2023-05-29,2023-11-12,167,Placement stability concerns,69.02,True,False,1
6,Female,White - British,3,True,6,3,True,37,Male,Asian/British Asian - Pakistani,Kinship,2022-03-28,2022-07-01,95,Child requests end,3.48,True,True,4
0,Non binary,Asian/British Asian - Pakistani,5,True,5,5,True,51,Trans Female,Asian/British Asian - Pakistani,In-House Fostering,2024-03-03,2026-12-06,1008,Planned move,9.02,True,True,6
8,Non binary,Asian/British Asian - Bangladeshi,0,False,2,2,True,40,Male,Asian/British Asian - Pakistani,In-House Fostering,2023-02-23,2025-03-10,746,Placement stability concerns,7.0,True,False,1
5,Female,White - British,3,True,5,1,False,41,Male,White - Other,External Fostering,2023-04-08,2024-02-18,316,Allegation,4.49,False,True,4
8,Female,White - British,0,False,6,2,True,50,Trans Female,Asian/British Asian - Pakistani,In-House Fostering,2023-02-19,2023-04-06,46,Planned move,11.81,True,False,1
12,Male,Asian/British Asian - Pakistani,5,True,1,4,True,39,Female,Asian/British Asian - Indian,In-House Fostering,2023-02-12,2024-09-07,573,Carer requests end,0.51,False,False,6
8,Male,White - British,0,False,1,5,True,59,Male,White - Other,In-House Fostering,2025-07-06,2026-12-01,513,Behaviour concerns,17.74,False,False,1
14,Male,White - British,3,True,7,3,True,35,Female,White - British,Residential,2023-05-26,2025-05-20,725,Planned move,64.81,False,False,4
11,Non binary,Asian/British Asian - Pakistani,0,False,5,1,False,43,Male,Asian/British Asian - Pakistani,External Fostering,2025-08-10,2025-10-15,66,Carer requests end,3.43,True,True,1
1,Female,Asian/British Asian - Pakistani,2,True,0,5,True,37,Female,Asian/British Asian - Pakistani,Kinship,2023-06-08,2025-08-20,804,Child requests end,2.63,True,False,3
9,Male,White - British,0,False,5,3,True,44,Female,White - Eastern European,Residential,2022-01-16,2022-10-28,285,Behaviour concerns,50.33,False,True,1
2,Male,Asian/British Asian - Pakistani,1,True,2,5,True,43,Female,White - British,Residential,2023-06-02,2023-12-02,183,Placement stability concerns,80.57,False,True,2
7,Trans Female,Asian/British Asian - Pakistani,4,True,6,4,True,40,Female,Asian/British Asian - Pakistani,Kinship,2022-12-13,2026-03-18,1191,Planned move,0.26,True,True,5
7,Female,White - British,0,False,0,3,True,43,Trans Male,White - British,In-House Fostering,2022-04-30,2022-10-20,173,Planned move,1.59,True,False,1
3,Male,White - British,0,False,2,5,True,59,Female,Asian/British Asian - Other,In-House Fostering,2025-07-15,2027-09-25,802,Placement stability concerns,2.34,True,True,1
15,Trans Male,Asian/British Asian - Pakistani,3,True,2,3,True,59,Male,White - British,In-House Fostering,2024-02-10,2024-10-14,247,Allegation,13.33,False,True,4
11,Female,White - British,0,False,4,4,True,57,Female,Asian/British Asian - Pakistani,In-House Fostering,2023-09-26,2026-03-06,892,Behaviour concerns,12.11,True,True,1
9,Male,Asian/British Asian - Pakistani,0,False,4,1,False,43,Male,White - British,Kinship,2022-07-12,2022-10-27,107,Planned move,0.5,False,False,1
5,Male,White - British,1,True,7,2,True,59,Female,White - British,External Fostering,2024-08-06,2024-10-10,65,Carer requests end,14.27,False,False,2
9,Male,White - Other,0,False,4,2,True,47,Female,White - British,In-House Fostering,2023-02-21,2023-06-10,109,Carer requests end,19.17,False,False,1
10,Female,White - British,2,True,6,1,False,54,Female,White - British,Kinship,2022-02-06,2022-03-10,32,Behaviour concerns,1.7,True,False,3
11,Male,White - British,5,True,4,5,True,54,Female,White - British,External Fostering,2022-02-17,2022-09-03,198,Placement stability concerns,2.26,False,False,6
15,Trans Female,White - British,1,True,5,2,True,42,Trans Female,Asian/British Asian - Pakistani,External Fostering,2022-03-12,2022-03-18,6,Planned move,5.11,False,False,2
3,Trans Male,Asian/British Asian - Pakistani,0,False,4,0,False,52,Trans Female,White - Eastern European,In-House Fostering,2023-05-06,2024-11-28,572,Allegation,7.99,True,True,1
8,Non binary,White - British,5,True,7,0,False,42,Male,Asian/British Asian - Pakistani,Kinship,2022-06-15,2023-09-22,464,Planned move,0.06,False,True,6
10,Male,White - British,0,False,2,5,True,45,Male,White - British,Residential,2023-01-20,2024-05-29,495,Allegation,23.31,True,True,1
15,Female,White - British,0,False,5,3,True,47,Female,Asian/British Asian - Bangladeshi,In-House Fostering,2025-05-13,2025-06-29,47,Placement stability concerns,13.26,False,True,1
11,Male,Dual Heritage - Black/White,3,True,1,5,True,52,Male,White - British,External Fostering,2024-06-12,2026-10-04,844,Planned move,17.63,True,True,4
9,Male,White - British,0,False,5,4,True,42,Male,White - Eastern European,Kinship,2025-09-28,2026-06-03,248,Planned move,0.08,True,False,1
6,Female,Asian/British Asian - Pakistani,0,False,4,1,False,53,Male,Mixed - White/Asian,In-House Fostering,2022-06-03,2027-10-29,1974,Behaviour concerns,11.84,False,False,1
5,Female,Asian/British Asian - Pakistani,0,False,4,3,True,43,Female,White - British,In-House Fostering,2023-01-19,2030-04-21,2649,Allegation,3.14,False,True,1
11,Trans Male,White - Central European,0,False,0,5,True,48,Male,Asian/British Asian - Pakistani,External Fostering,2022-07-15,2022-08-21,37,Carer requests end,11.99,True,False,1
5,Male,White - British,0,False,6,0,False,39,Non binary,White - Eastern European,External Fostering,2025-08-05,2025-08-29,24,Carer requests end,8.44,True,False,1
12,Female,White - British,1,True,0,5,True,42,Female,White - British,External Fostering,2023-08-09,2023-11-07,90,Planned move,5.39,True,True,2
9,Male,White - British,4,True,2,2,True,56,Female,Asian/British Asian - Indian,External Fostering,2022-03-03,2022-12-03,275,Carer requests end,8.49,True,True,5
11,Trans Female,White - Irish,0,False,7,0,False,47,Male,White - British,External Fostering,2025-04-25,2026-02-19,300,Child requests end,11.14,True,False,1
5,Male,White - British,2,True,4,2,True,57,Female,White - British,Kinship,2024-01-25,2024-02-16,22,Planned move,4.43,True,False,3
8,Non binary,White - British,0,False,5,2,True,57,Trans Female,White - British,External Fostering,2022-02-09,2022-11-03,267,Carer requests end,5.56,False,True,1
8,Female,White - British,2,True,5,5,True,44,Trans Female,White - British,In-House Fostering,2024-11-01,2024-12-12,41,Placement stability concerns,9.34,True,False,3
11,Non binary,Asian/British Asian - Pakistani,0,False,6,3,True,59,Male,White - British,Residential,2025-07-04,2025-08-14,41,Child requests end,22.18,False,False,1
6,Male,Asian/British Asian - Indian,0,False,2,0,False,50,Female,White - British,Kinship,2022-08-04,2023-07-26,356,Placement stability concerns,1.76,False,True,1
2,Male,White - British,0,False,1,2,True,56,Male,Asian/British Asian - Pakistani,Kinship,2023-08-10,2023-10-04,55,Child requests end,3.45,False,True,1
4,Female,White - Other,0,False,5,3,True,51,Male,Asian/British Asian - Pakistani,In-House Fostering,2024-10-11,2025-09-14,338,Placement stability concerns,1.91,True,True,1
16,Trans Female,Black/Black British - Caribbean,0,False,7,3,True,37,Female,White - British,External Fostering,2025-03-02,2025-03-07,5,Placement stability concerns,12.38,True,False,1
4,Male,Asian/British Asian - Pakistani,0,False,0,0,False,49,Female,Asian/British Asian - Pakistani,In-House Fostering,2023-12-18,2026-01-12,756,Carer requests end,13.4,False,False,1
12,Trans Female,White - British,3,True,0,0,False,43,Female,Asian/British Asian - Pakistani,In-House Fostering,2024-08-14,2025-10-07,419,Planned move,5.85,False,False,4
11,Trans Female,Gypsy / Roma,4,True,6,4,True,51,Male,White - British,In-House Fostering,2024-02-07,2025-08-04,544,Planned move,17.98,True,False,5
12,Male,Asian/British Asian - Pakistani,4,True,7,5,True,40,Trans Male,White - British,External Fostering,2022-01-22,2024-06-22,882,Child requests end,4.48,False,False,5
8,Female,Asian/British Asian - Indian,0,False,0,5,True,36,Female,White - British,In-House Fostering,2022-11-15,2022-11-17,2,Planned move,10.19,True,True,1
7,Female,White - Central European,0,False,7,2,True,50,Trans Male,White - British,In-House Fostering,2024-02-14,2025-02-13,365,Carer requests end,15.07,True,True,1
7,Trans Female,White - Other,1,True,3,1,False,51,Female,White - British,External Fostering,2022-01-27,2022-04-18,81,Child requests end,12.59,False,False,2
0,Female,Black/Black British - African,0,False,1,5,True,47,Female,Asian/British Asian - Pakistani,External Fostering,2022-07-24,2023-03-31,250,Behaviour concerns,16.16,True,False,1
7,Male,White - British,1,True,2,5,True,43,Female,White - British,Residential,2023-10-21,2023-10-31,10,Allegation,63.13,False,False,2
11,Trans Male,Asian/British Asian - Pakistani,0,False,7,2,True,46,Male,Asian/British Asian - Other,Kinship,2025-07-21,2026-01-25,188,Placement stability concerns,3.0,False,False,1
11,Male,Black/Black British - African,2,True,3,0,False,40,Female,Asian/British Asian - Pakistani,In-House Fostering,2024-05-01,2024-05-22,21,Planned move,6.57,False,False,3
15,Female,White - Eastern European,2,True,7,1,False,40,Male,White - British,Residential,2022-02-18,2023-12-11,661,Carer requests end,77.64,False,False,3
8,Male,White - British,5,True,2,5,True,51,Female,White - British,Kinship,2024-10-21,2026-05-23,579,Behaviour concerns,3.1,True,False,6
4,Male,Asian/British Asian - Pakistani,5,True,2,0,False,41,Female,Asian/British Asian - Other,In-House Fostering,2023-08-16,2023-09-14,29,Behaviour concerns,16.4,False,True,6
7,Female,Asian/British Asian - Pakistani,0,False,5,4,True,38,Male,White - British,External Fostering,2025-05-03,2035-12-05,3868,Placement stability concerns,10.91,False,False,1
10,Trans Female,Asian/British Asian - Bangladeshi,2,True,2,4,True,37,Non binary,White - British,Residential,2022-12-02,2028-06-09,2016,Placement stability concerns,95.68,True,False,3
13,Male,Asian/British Asian - Bangladeshi,5,True,1,0,False,40,Non binary,Dual Heritage - Black/White,External Fostering,2023-01-24,2023-08-25,213,Carer requests end,17.34,True,False,6
4,Female,Asian/British Asian - Pakistani,5,True,2,3,True,54,Male,Asian/British Asian - Pakistani,In-House Fostering,2024-02-09,2024-04-28,79,Placement stability concerns,8.99,True,False,6
2,Male,White - British,3,True,6,4,True,44,Female,White - British,In-House Fostering,2025-01-13,2025-11-17,308,Behaviour concerns,18.73,True,False,4
13,Female,White - British,0,False,4,4,True,36,Male,White - British,External Fostering,2024-03-29,2025-10-11,561,Planned move,7.1,True,True,1
6,Male,White - British,0,False,1,1,False,41,Trans Female,White - British,Kinship,2022-03-31,2024-05-14,775,Child requests end,3.53,False,True,1
11,Trans Male,White - British,3,True,1,5,True,58,Male,White - British,In-House Fostering,2022-11-14,2025-09-11,1032,Allegation,17.19,True,True,4
5,Male,Gypsy / Roma,0,False,6,4,True,56,Female,White - British,Kinship,2022-10-16,2022-11-21,36,Child requests end,2.2,False,True,1
6,Male,White - British,2,True,7,5,True,42,Female,Mixed - White/Asian,External Fostering,2023-01-11,2023-10-02,264,Behaviour concerns,1.38,False,True,3
6,Female,White - British,1,True,1,4,True,57,Female,White - British,Kinship,2024-01-28,2024-02-20,23,Planned move,2.52,False,False,2
2,Female,Asian/British Asian - Pakistani,0,False,1,4,True,37,Male,White - British,In-House Fostering,2024-07-12,2025-03-05,236,Carer requests end,15.52,True,False,1
6,Female,Gypsy / Roma,3,True,1,1,False,39,Female,White - British,In-House Fostering,2022-05-27,2023-08-15,445,Placement stability concerns,1.64,False,False,4
3,Female,Asian/British Asian - Pakistani,0,False,0,5,True,43,Female,White - British,In-House Fostering,2024-01-31,2024-02-23,23,Carer requests end,14.03,False,False,1
6,Female,White - Central European,0,False,2,0,False,36,Female,Asian/British Asian - Pakistani,In-House Fostering,2022-03-10,2022-04-29,50,Allegation,16.28,True,False,1
7,Trans Female,White - British,3,True,2,0,False,52,Female,White - British,Kinship,2022-03-08,2024-05-25,809,Planned move,4.26,False,True,4
9,Male,White - British,0,False,6,2,True,54,Female,White - British,In-House Fostering,2025-10-12,2029-04-07,1273,Allegation,6.64,True,True,1
3,Male,Asian/British Asian - Pakistani,0,False,2,0,False,50,Trans Female,Asian/British Asian - Pakistani,Kinship,2023-06-25,2023-12-11,169,Planned move,0.89,False,True,1
5,Female,Asian/British Asian - Pakistani,0,False,4,4,True,48,Trans Female,Dual Heritage - Black/White,In-House Fostering,2025-02-20,2025-03-14,22,Carer requests end,14.07,True,True,1
9,Female,Dual Heritage - Black/White,0,False,2,4,True,57,Male,White - British,External Fostering,2025-04-27,2025-05-14,17,Allegation,9.39,True,False,1
8,Male,White - Eastern European,0,False,5,5,True,46,Female,White - Other,Kinship,2023-03-04,2024-02-06,339,Behaviour concerns,4.68,False,True,1
10,Male,Asian/British Asian - Pakistani,2,True,0,0,False,42,Female,White - Eastern European,In-House Fostering,2023-10-01,2024-11-05,401,Carer requests end,13.25,False,True,3
5,Female,Asian/British Asian - Pakistani,5,True,0,1,False,58,Trans Female,White - British,In-House Fostering,2025-03-03,2025-05-03,61,Behaviour concerns,10.18,False,True,6
6,Male,White - British,0,False,0,4,True,45,Trans Male,White - British,External Fostering,2022-04-04,2022-11-07,217,Behaviour concerns,12.65,False,False,1
6,Male,White - British,0,False,2,5,True,49,Male,White - British,In-House Fostering,2023-07-08,2028-08-10,1860,Behaviour concerns,18.65,True,True,1
10,Female,Asian/British Asian - Pakistani,3,True,7,0,False,56,Male,Dual Heritage - Black/White,In-House Fostering,2024-08-17,2026-01-12,513,Carer requests end,9.55,True,True,4
5,Female,Black/Black British - African,1,True,3,1,False,41,Trans Female,Asian/British Asian - Pakistani,Kinship,2022-04-11,2022-05-07,26,Child requests end,2.46,False,True,2
9,Male,White - British,1,True,4,1,False,57,Trans Male,White - British,External Fostering,2022-06-14,2022-07-13,29,Allegation,13.47,False,True,2
1,Trans Male,Mixed - White/Asian,5,True,5,2,True,40,Male,White - British,In-House Fostering,2025-05-02,2026-03-21,323,Child requests end,16.26,False,True,6
7,Female,White - British,0,False,7,0,False,40,Male,White - British,Kinship,2024-05-05,2025-07-08,429,Behaviour concerns,1.22,False,False,1
3,Female,Asian/British Asian - Other,4,True,2,0,False,44,Trans Male,White - British,In-House Fostering,2024-06-07,2024-09-07,92,Carer requests end,12.53,True,True,5
10,Trans Male,Asian/British Asian - Pakistani,3,True,1,3,True,59,Non binary,White - British,External Fostering,2024-04-07,2024-05-18,41,Allegation,9.72,False,False,4
9,Trans Male,Asian/British Asian - Pakistani,1,True,2,3,True,60,Female,Asian/British Asian - Pakistani,External Fostering,2022-05-31,2022-08-16,77,Child requests end,9.22,False,True,2
9,Male,Asian/British Asian - Indian,0,False,4,4,True,51,Female,White - British,External Fostering,2025-08-11,2028-11-25,1202,Carer requests end,19.24,False,True,1
11,Female,Black/Black British - African,2,True,0,2,True,36,Female,White - British,In-House Fostering,2023-11-20,2024-01-09,50,Planned move,6.9,True,True,3
5,Trans Male,Asian/British Asian - Pakistani,1,True,2,1,False,58,Female,Asian/British Asian - Pakistani,Kinship,2025-02-01,2025-03-04,31,Planned move,4.17,False,True,2
8,Non binary,White - British,0,False,4,3,True,53,Male,White - British,In-House Fostering,2024-06-18,2025-02-09,236,Carer requests end,15.45,False,True,1
5,Female,White - British,1,True,1,4,True,59,Male,Asian/British Asian - Pakistani,In-House Fostering,2024-03-13,2026-03-18,735,Child requests end,18.06,False,False,2
6,Female,White - British,5,True,6,3,True,49,Female,White - British,External Fostering,2022-10-03,2023-04-10,189,Carer requests end,3.55,False,False,6
8,Trans Female,Dual Heritage - Black/White,2,True,0,5,True,55,Female,White - British,External Fostering,2022-10-25,2023-11-12,383,Child requests end,3.48,True,False,3
7,Female,Asian/British Asian - Pakistani,0,False,7,2,True,60,Female,Asian/British Asian - Pakistani,In-House Fostering,2025-07-26,2026-06-14,323,Allegation,2.85,False,False,1
10,Trans Female,White - British,3,True,6,3,True,48,Female,Mixed - White/Asian,External Fostering,2024-05-03,2027-07-05,1158,Child requests end,1.21,False,False,4
8,Male,White - Central European,1,True,2,3,True,44,Male,White - British,Residential,2023-05-01,2024-08-20,477,Child requests end,50.62,True,True,2
6,Male,White - British,0,False,1,2,True,53,Female,White - British,External Fostering,2022-07-12,2022-09-17,67,Child requests end,11.63,True,True,1
3,Male,Asian/British Asian - Pakistani,0,False,7,0,False,41,Trans Female,Mixed - White/Asian,In-House Fostering,2022-04-28,2023-01-01,248,Planned move,8.15,False,True,1
16,Female,White - British,3,True,2,2,True,60,Trans Female,White - British,Residential,2022-04-19,2023-05-06,382,Allegation,70.42,True,True,4
8,Male,White - British,5,True,6,0,False,42,Trans Female,White - British,External Fostering,2022-10-27,2032-03-30,3442,Child requests end,10.82,True,True,6
13,Female,Asian/British Asian - Pakistani,0,False,4,5,True,48,Trans Male,White - British,In-House Fostering,2023-11-05,2028-10-13,1804,Carer requests end,5.96,True,True,1
10,Trans Male,Asian/British Asian - Pakistani,0,False,5,0,False,49,Female,White - British,External Fostering,2024-06-01,2024-10-30,151,Placement stability concerns,5.15,True,False,1
8,Trans Male,Asian/British Asian - Pakistani,0,False,3,1,False,54,Male,Asian/British Asian - Pakistani,External Fostering,2022-10-16,2023-12-16,426,Allegation,7.6,True,False,1
11,Male,Asian/British Asian - Pakistani,5,True,5,4,True,53,Female,White - British,Kinship,2022-12-02,2023-12-13,376,Allegation,4.26,True,True,6
13,Male,White - British,0,False,0,1,False,44,Non binary,White - British,Kinship,2024-09-03,2028-09-07,1465,Placement stability concerns,2.74,True,False,1
12,Male,Black/Black British - Caribbean,0,False,3,4,True,43,Female,Asian/British Asian - Bangladeshi,External Fostering,2024-02-06,2031-06-20,2691,Placement stability concerns,2.1,False,True,1
10,Female,Dual Heritage - Black/White,1,True,1,4,True,45,Female,White - British,In-House Fostering,2024-12-17,2025-08-31,257,Placement stability concerns,1.23,False,True,2
8,Female,Asian/British Asian - Pakistani,0,False,6,0,False,48,Male,Mixed - White/Black Caribbean,In-House Fostering,2022-05-07,2023-01-15,253,Planned move,0.71,True,False,1
6,Non binary,White - British,3,True,2,1,False,58,Trans Male,White - British,External Fostering,2025-05-13,2025-06-16,34,Child requests end,9.24,True,False,4
3,Female,White - Eastern European,1,True,7,4,True,49,Non binary,White - British,External Fostering,2025-02-06,2025-03-30,52,Planned move,14.42,True,False,2
6,Female,White - British,0,False,6,0,False,60,Female,Asian/British Asian - Pakistani,In-House Fostering,2022-07-04,2023-03-12,251,Placement stability concerns,13.48,True,True,1
6,Male,Asian/British Asian - Pakistani,0,False,4,3,True,55,Female,White - Eastern European,In-House Fostering,2024-06-27,2025-12-11,532,Placement stability concerns,1.73,True,False,1
9,Female,White - British,0,False,3,5,True,52,Trans Female,White - British,External Fostering,2025-06-16,2026-10-19,490,Carer requests end,5.63,False,True,1
6,Female,White - Other,4,True,7,5,True,40,Female,White - Central European,External Fostering,2025-07-17,2025-08-27,41,Planned move,12.31,True,False,5
14,Female,Mixed - Other,0,False,7,1,False,55,Female,White - British,External Fostering,2023-08-16,2023-11-30,106,Carer requests end,13.64,False,True,1
2,Trans Female,White - British,0,False,4,3,True,52,Male,White - British,External Fostering,2025-01-21,2025-06-23,153,Behaviour concerns,18.51,True,False,1
2,Trans Male,White - British,0,False,1,3,True,44,Non binary,Asian/British Asian - Pakistani,In-House Fostering,2023-05-19,2023-06-08,20,Child requests end,6.08,False,False,1
7,Female,White - British,5,True,2,3,True,48,Female,Black/Black British - African,External Fostering,2023-03-05,2023-06-06,93,Allegation,1.05,True,False,6
8,Female,White - British,0,False,1,0,False,46,Male,White - Irish,In-House Fostering,2022-09-15,2024-07-15,669,Behaviour concerns,11.0,False,False,1
0,Male,Asian/British Asian - Other,0,False,7,0,False,44,Trans Female,White - Other,Kinship,2022-06-21,2022-10-29,130,Placement stability concerns,0.08,False,False,1
15,Female,White - British,0,False,6,4,True,54,Trans Female,Asian/British Asian - Pakistani,In-House Fostering,2024-08-11,2025-07-12,335,Placement stability concerns,13.11,True,False,1
9,Non binary,White - British,3,True,4,4,True,53,Male,White - British,External Fostering,2022-03-25,2022-05-21,57,Child requests end,9.55,True,False,4
7,Trans Male,White - British,3,True,4,3,True,51,Female,White - Eastern European,External Fostering,2022-05-19,2023-07-28,435,Behaviour concerns,6.5,True,False,4
11,Male,White - British,3,True,6,1,False,56,Male,White - British,External Fostering,2023-08-29,2023-09-18,20,Child requests end,19.77,False,False,4
4,Female,White - British,4,True,3,2,True,40,Female,White - British,In-House Fostering,2023-09-11,2024-02-19,161,Allegation,15.75,False,False,5
3,Female,Asian/British Asian - Pakistani,0,False,0,3,True,60,Trans Female,Asian/British Asian - Pakistani,In-House Fostering,2025-01-11,2025-12-22,345,Carer requests end,17.49,False,False,1
5,Female,White - British,0,False,4,3,True,56,Male,White - British,In-House Fostering,2022-03-15,2022-06-02,79,Carer requests end,9.42,False,False,1
6,Male,White - British,0,False,5,3,True,58,Female,Mixed - White/Asian,In-House Fostering,2024-11-05,2025-07-26,263,Child requests end,10.66,False,False,1
8,Non binary,Asian/British Asian - Other,0,False,5,5,True,56,Trans Female,Asian/British Asian - Pakistani,In-House Fostering,2024-07-26,2024-09-12,48,Behaviour concerns,2.72,True,True,1
6,Male,White - British,3,True,5,1,False,54,Trans Female,White - British,External Fostering,2025-08-06,2026-01-18,165,Carer requests end,6.67,False,False,4
6,Female,Asian/British Asian - Pakistani,1,True,1,4,True,44,Female,Asian/British Asian - Pakistani,External Fostering,2024-06-01,2024-06-25,24,Planned move,1.3,False,False,2
13,Female,Asian/British Asian - Pakistani,2,True,0,3,True,46,Female,White - British,In-House Fostering,2022-02-15,2026-03-24,1498,Behaviour concerns,8.45,True,True,3
7,Female,Asian/British Asian - Pakistani,4,True,0,0,False,46,Male,White - British,Kinship,2023-11-28,2024-02-10,74,Behaviour concerns,4.37,False,True,5
10,Female,Asian/British Asian - Bangladeshi,4,True,5,4,True,39,Male,Asian/British Asian - Pakistani,External Fostering,2024-11-06,2024-12-31,55,Behaviour concerns,2.08,True,True,5
6,Male,White - Other,0,False,1,0,False,53,Trans Female,White - British,In-House Fostering,2022-07-15,2023-07-16,366,Behaviour concerns,2.6,False,False,1
7,Trans Female,Asian/British Asian - Pakistani,0,False,6,2,True,46,Female,Asian/British Asian - Pakistani,Kinship,2023-07-28,2023-08-01,4,Child requests end,1.82,True,True,1
8,Male,White - British,2,True,3,2,True,54,Male,White - British,In-House Fostering,2022-02-14,2022-04-12,57,Behaviour concerns,7.6,False,False,3
6,Female,White - British,0,False,1,2,True,41,Female,Asian/British Asian - Pakistani,External Fostering,2024-01-03,2024-11-08,310,Allegation,3.21,True,True,1
11,Trans Female,White - Central European,0,False,7,2,True,58,Male,Asian/British Asian - Pakistani,In-House Fostering,2022-07-26,2023-05-19,297,Carer requests end,11.72,True,True,1
6,Male,Asian/British Asian - Pakistani,0,False,3,4,True,45,Female,White - British,External Fostering,2023-02-20,2023-05-03,72,Carer requests end,14.04,False,False,1
5,Trans Female,White - British,0,False,6,2,True,37,Male,Asian/British Asian - Pakistani,Residential,2024-04-03,2026-09-01,881,Carer requests end,91.19,True,True,1
13,Female,Asian/British Asian - Pakistani,1,True,5,0,False,41,Male,White - British,In-House Fostering,2025-09-26,2025-09-30,4,Carer requests end,8.06,False,False,2
6,Trans Female,White - British,5,True,5,5,True,35,Female,White - British,External Fostering,2022-04-06,2023-07-27,477,Carer requests end,4.15,False,True,6
17,Male,White - British,0,False,1,2,True,53,Non binary,White - British,In-House Fostering,2024-06-12,2024-08-25,74,Behaviour concerns,17.09,False,True,1
10,Female,White - British,5,True,5,4,True,51,Female,White - British,In-House Fostering,2022-12-26,2025-07-15,932,Placement stability concerns,17.31,True,False,6
7,Male,Asian/British Asian - Pakistani,0,False,1,1,False,43,Trans Male,White - British,In-House Fostering,2024-06-27,2025-12-10,531,Behaviour concerns,18.25,True,True,1
12,Female,White - British,0,False,2,5,True,54,Non binary,Asian/British Asian - Pakistani,Kinship,2024-10-29,2024-11-09,11,Child requests end,1.07,True,False,1
7,Female,White - British,0,False,4,2,True,52,Female,Asian/British Asian - Pakistani,Kinship,2025-04-26,2025-05-15,19,Behaviour concerns,4.39,True,True,1
9,Female,White - British,0,False,5,4,True,58,Female,Asian/British Asian - Pakistani,In-House Fostering,2024-11-28,2025-06-19,203,Child requests end,11.53,True,False,1
10,Male,White - British,0,False,0,3,True,45,Trans Male,White - British,In-House Fostering,2024-09-27,2024-11-18,52,Placement stability concerns,2.2,False,True,1
11,Male,White - British,5,True,1,3,True,51,Female,Asian/British Asian - Pakistani,Kinship,2022-08-23,2022-09-03,11,Placement stability concerns,3.72,True,True,6
9,Male,White - British,3,True,5,5,True,53,Male,Asian/British Asian - Pakistani,External Fostering,2023-03-25,2025-03-14,720,Carer requests end,9.36,False,True,4
6,Trans Male,White - Eastern European,0,False,4,5,True,43,Male,White - Other,Kinship,2022-11-09,2024-02-01,449,Allegation,0.62,False,False,1
5,Male,White - British,0,False,2,4,True,57,Male,White - British,External Fostering,2023-08-09,2024-07-28,354,Placement stability concerns,5.94,True,True,1
10,Female,White - British,0,False,3,5,True,40,Female,White - British,In-House Fostering,2023-03-10,2023-04-27,48,Allegation,5.77,True,True,1
6,Male,White - British,0,False,4,2,True,51,Male,White - British,External Fostering,2023-08-01,2025-01-11,529,Placement stability concerns,12.91,False,True,1
2,Female,White - British,0,False,4,0,False,43,Non binary,White - British,External Fostering,2022-09-14,2022-11-05,52,Allegation,9.72,True,True,1
7,Trans Female,White - British,5,True,6,1,False,55,Female,Asian/British Asian - Pakistani,In-House Fostering,2022-03-27,2022-04-21,25,Planned move,18.61,False,False,6
6,Non binary,White - British,0,False,4,0,False,38,Female,White - British,External Fostering,2025-03-17,2026-06-22,462,Carer requests end,2.19,True,False,1
10,Female,White - British,1,True,7,2,True,36,Male,White - British,In-House Fostering,2025-02-04,2025-03-03,27,Child requests end,1.85,False,False,2
8,Non binary,White - British,0,False,0,1,False,44,Male,Asian/British Asian - Pakistani,Residential,2023-10-18,2025-02-18,489,Child requests end,82.58,False,True,1
6,Trans Female,White - British,3,True,7,1,False,56,Female,Asian/British Asian - Pakistani,Kinship,2023-04-10,2023-11-07,211,Planned move,1.57,True,True,4
6,Male,White - British,0,False,7,0,False,60,Female,Asian/British Asian - Pakistani,In-House Fostering,2022-09-07,2022-09-19,12,Planned move,1.95,True,True,1
6,Male,White - British,0,False,3,0,False,42,Male,Asian/British Asian - Indian,Residential,2022-06-29,2022-10-05,98,Planned move,39.2,False,True,1
5,Female,White - British,1,True,2,2,True,58,Male,White - Eastern European,In-House Fostering,2024-01-30,2024-02-20,21,Allegation,0.69,False,True,2
9,Trans Male,Asian/British Asian - Pakistani,3,True,7,1,False,47,Female,White - British,External Fostering,2022-04-12,2028-09-26,2359,Child requests end,15.86,False,True,4
9,Male,White - British,0,False,4,1,False,60,Male,Asian/British Asian - Pakistani,Kinship,2025-08-09,2025-09-27,49,Placement stability concerns,2.55,False,True,1
8,Male,White - British,1,True,5,1,False,47,Trans Female,Traveller of Irish Heritage,In-House Fostering,2024-07-02,2025-04-03,275,Placement stability concerns,18.53,True,True,2
17,Trans Female,White - British,0,False,6,1,False,42,Trans Female,White - British,External Fostering,2025-10-23,2025-12-29,67,Child requests end,12.03,True,False,1
9,Female,White - British,1,True,5,4,True,55,Female,White - British,In-House Fostering,2024-02-08,2025-04-06,423,Planned move,13.25,True,False,2
6,Trans Female,Asian/British Asian - Pakistani,0,False,6,5,True,37,Female,White - British,Kinship,2025-02-17,2027-06-07,840,Behaviour concerns,4.69,True,False,1
8,Female,Asian/British Asian - Indian,1,True,4,0,False,57,Female,Asian/British Asian - Other,External Fostering,2025-07-28,2031-01-12,1994,Behaviour concerns,6.38,True,False,2
13,Female,White - British,4,True,1,0,False,48,Male,White - British,Kinship,2024-07-12,2024-08-16,35,Allegation,3.13,False,True,5
10,Male,Asian/British Asian - Pakistani,4,True,6,1,False,60,Trans Male,White - British,In-House Fostering,2025-07-06,2026-07-15,374,Behaviour concerns,13.2,True,True,5
3,Non binary,White - British,0,False,2,4,True,38,Male,White - British,External Fostering,2022-11-16,2022-11-27,11,Allegation,1.49,False,False,1
8,Non binary,White - British,3,True,3,0,False,41,Male,White - British,In-House Fostering,2024-03-13,2029-02-25,1810,Placement stability concerns,17.75,True,True,4
8,Female,Asian/British Asian - Pakistani,5,True,7,3,True,59,Female,White - British,External Fostering,2023-11-05,2023-12-24,49,Carer requests end,0.02,True,True,6
9,Female,White - British,3,True,6,0,False,55,Female,Asian/British Asian - Pakistani,In-House Fostering,2022-06-28,2022-11-02,127,Child requests end,8.03,True,True,4
8,Female,Asian/British Asian - Pakistani,1,True,0,0,False,42,Female,Black/Black British - African,External Fostering,2024-05-26,2024-06-15,20,Placement stability concerns,17.49,False,False,2
7,Male,Asian/British Asian - Pakistani,2,True,1,3,True,57,Male,White - British,In-House Fostering,2022-01-15,2022-02-28,44,Placement stability concerns,18.98,True,True,3
5,Male,Asian/British Asian - Pakistani,0,False,6,0,False,40,Male,Asian/British Asian - Pakistani,External Fostering,2023-01-04,2023-11-04,304,Placement stability concerns,14.67,True,True,1
12,Male,White - British,4,True,4,4,True,42,Male,Asian/British Asian - Pakistani,In-House Fostering,2024-03-21,2024-09-19,182,Child requests end,4.84,True,False,5
12,Female,White - British,0,False,6,1,False,43,Trans Male,Asian/British Asian - Other,In-House Fostering,2022-08-29,2022-11-13,76,Child requests end,9.66,False,False,1
14,Female,Asian/British Asian - Other,0,False,2,0,False,57,Male,White - British,Residential,2025-10-11,2029-02-12,1220,Allegation,97.54,False,True,1
17,Male,White - British,0,False,5,4,True,45,Female,Mixed - Other,Residential,2023-12-06,2024-11-12,342,Child requests end,36.1,False,True,1
13,Male,White - British,0,False,6,3,True,51,Male,White - British,Kinship,2025-08-01,2026-09-13,408,Behaviour concerns,2.28,False,True,1
9,Female,Asian/British Asian - Pakistani,1,True,1,5,True,59,Male,White - British,External Fostering,2024-07-08,2024-09-21,75,Carer requests end,0.17,False,True,2
9,Female,Asian/British Asian - Pakistani,2,True,1,4,True,48,Male,White - British,In-House Fostering,2022-08-21,2022-10-02,42,Carer requests end,6.93,False,False,3
8,Female,White - British,1,True,3,2,True,43,Female,Asian/British Asian - Pakistani,External Fostering,2023-07-30,2023-09-09,41,Placement stability concerns,14.0,True,True,2
2,Male,Asian/British Asian - Pakistani,0,False,6,4,True,45,Trans Male,White - British,External Fostering,2024-01-12,2025-02-06,391,Planned move,6.69,False,False,1
8,Male,Asian/British Asian - Other,0,False,7,1,False,41,Female,Asian/British Asian - Pakistani,Kinship,2024-07-13,2024-10-21,100,Placement stability concerns,3.91,False,False,1
12,Male,White - British,0,False,1,1,False,38,Trans Female,White - British,External Fostering,2024-05-22,2030-09-07,2299,Planned move,1.0,False,False,1
2,Trans Male,White - British,5,True,3,5,True,41,Female,Asian/British Asian - Indian,Residential,2025-06-24,2026-07-15,386,Behaviour concerns,21.56,False,False,6
6,Female,White - British,0,False,7,3,True,48,Trans Male,White - British,External Fostering,2023-05-28,2027-04-18,1421,Planned move,1.72,False,False,1
4,Male,White - British,2,True,1,1,False,48,Male,White - British,Kinship,2022-11-20,2030-08-26,2836,Behaviour concerns,2.07,True,False,3
4,Trans Male,White - British,0,False,2,5,True,46,Male,Black/Black British - Caribbean,External Fostering,2022-07-23,2022-08-03,11,Behaviour concerns,15.78,False,True,1
0,Trans Male,White - British,0,False,5,5,True,55,Male,Asian/British Asian - Pakistani,In-House Fostering,2025-01-17,2025-11-30,317,Behaviour concerns,1.4,False,False,1
6,Male,White - British,0,False,6,2,True,53,Female,White - British,Kinship,2024-03-22,2024-06-07,77,Carer requests end,4.95,True,False,1
12,Female,White - British,5,True,0,2,True,48,Male,White - British,In-House Fostering,2024-11-02,2024-11-03,1,Behaviour concerns,16.99,False,True,6
13,Male,White - British,5,True,7,1,False,52,Female,White - Other,In-House Fostering,2022-03-24,2023-07-26,489,Planned move,3.05,False,True,6
2,Female,Asian/British Asian - Pakistani,0,False,6,1,False,35,Trans Male,White - British,In-House Fostering,2024-12-14,2025-08-07,236,Planned move,8.06,False,False,1
3,Trans Female,White - Irish,0,False,2,1,False,36,Trans Male,White - British,Kinship,2023-03-05,2023-09-09,188,Placement stability concerns,0.07,True,False,1
14,Trans Female,White - Irish,0,False,3,1,False,46,Male,White - British,Kinship,2025-02-20,2025-12-17,300,Child requests end,3.44,True,False,1
7,Male,White - Eastern European,1,True,0,2,True,51,Male,White - British,External Fostering,2025-01-10,2025-03-22,71,Carer requests end,1.78,True,True,2
5,Trans Male,Asian/British Asian - Pakistani,0,False,7,1,False,35,Male,Asian/British Asian - Bangladeshi,Residential,2024-01-09,2024-02-21,43,Planned move,57.59,True,False,1
7,Female,White - British,2,True,4,5,True,59,Female,White - British,In-House Fostering,2023-01-25,2025-02-11,748,Carer requests end,3.82,True,False,3
6,Trans Female,White - British,0,False,1,4,True,51,Trans Female,White - British,In-House Fostering,2022-08-12,2023-07-07,329,Carer requests end,10.22,False,False,1
10,Male,White - British,0,False,6,2,True,45,Male,Asian/British Asian - Pakistani,In-House Fostering,2024-09-20,2024-12-30,101,Behaviour concerns,1.09,False,True,1
5,Female,White - British,0,False,3,5,True,59,Male,White - British,In-House Fostering,2024-08-14,2024-09-01,18,Child requests end,7.05,False,True,1
10,Male,White - British,0,False,1,2,True,50,Male,Mixed - White/Asian,External Fostering,2024-04-01,2024-04-26,25,Allegation,17.0,True,False,1
13,Female,White - British,2,True,7,2,True,44,Female,Asian/British Asian - Bangladeshi,External Fostering,2023-08-03,2025-07-24,721,Allegation,1.83,False,False,3
8,Trans Female,White - British,0,False,4,3,True,42,Female,White - British,In-House Fostering,2023-10-05,2027-06-13,1347,Allegation,16.45,False,True,1
11,Male,Mixed - White/Black Caribbean,0,False,0,0,False,52,Female,White - British,In-House Fostering,2022-03-12,2022-05-08,57,Planned move,4.77,False,True,1
9,Trans Female,White - Central European,0,False,7,4,True,56,Male,Asian/British Asian - Indian,In-House Fostering,2022-03-03,2022-04-23,51,Allegation,5.18,True,False,1
8,Male,White - British,5,True,7,5,True,39,Female,White - British,External Fostering,2024-03-18,2024-10-06,202,Carer requests end,12.85,False,True,6
1,Female,White - Other,4,True,0,1,False,55,Female,Asian/British Asian - Other,Residential,2024-07-05,2024-10-17,104,Behaviour concerns,99.6,True,True,5
13,Male,White - British,0,False,5,1,False,57,Trans Male,White - British,In-House Fostering,2022-07-25,2022-10-11,78,Placement stability concerns,8.71,False,True,1
11,Male,Asian/British Asian - Pakistani,1,True,2,3,True,47,Trans Male,White - British,External Fostering,2024-12-13,2026-03-24,466,Planned move,14.94,True,False,2
15,Male,White - British,0,False,5,0,False,53,Trans Female,White - British,In-House Fostering,2023-05-07,2024-08-26,477,Carer requests end,3.0,False,True,1
16,Trans Female,Asian/British Asian - Pakistani,0,False,6,1,False,45,Female,White - British,In-House Fostering,2023-10-30,2024-02-22,115,Child requests end,2.92,True,True,1
8,Female,Asian/British Asian - Pakistani,0,False,1,4,True,59,Male,White - Central European,External Fostering,2024-09-09,2025-03-18,190,Child requests end,9.65,True,False,1
10,Female,White - British,0,False,3,4,True,37,Male,White - British,External Fostering,2022-11-24,2023-04-21,148,Carer requests end,13.78,True,False,1
5,Male,White - British,3,True,6,3,True,51,Non binary,White - British,In-House Fostering,2023-10-08,2031-11-06,2951,Carer requests end,1.36,True,True,4
11,Trans Male,White - British,4,True,4,2,True,41,Male,White - British,External Fostering,2024-03-01,2024-08-02,154,Child requests end,16.6,True,True,5
8,Male,White - British,5,True,4,2,True,57,Male,Asian/British Asian - Indian,External Fostering,2024-12-07,2027-04-18,862,Child requests end,17.21,False,True,6
10,Female,White - Eastern European,3,True,5,3,True,58,Female,White - British,In-House Fostering,2025-07-27,2026-04-10,257,Carer requests end,11.42,True,True,4
7,Female,Asian/British Asian - Pakistani,1,True,0,1,False,53,Female,White - Eastern European,In-House Fostering,2025-09-02,2025-09-17,15,Carer requests end,6.53,False,True,2
11,Female,White - British,5,True,2,3,True,41,Trans Male,White - Other,In-House Fostering,2022-02-07,2022-08-10,184,Placement stability concerns,12.72,False,True,6
5,Female,Asian/British Asian - Pakistani,1,True,7,2,True,39,Non binary,White - British,Kinship,2025-05-03,2027-11-24,935,Allegation,3.91,False,True,2
13,Male,Asian/British Asian - Indian,0,False,0,3,True,38,Female,White - Eastern European,Residential,2024-09-04,2024-09-28,24,Behaviour concerns,91.63,True,False,1
9,Female,Asian/British Asian - Pakistani,5,True,7,4,True,38,Male,Asian/British Asian - Pakistani,In-House Fostering,2023-04-04,2023-05-01,27,Placement stability concerns,15.28,True,True,6
6,Trans Female,White - British,4,True,7,3,True,44,Female,White - British,In-House Fostering,2025-10-12,2027-01-25,470,Planned move,8.92,False,False,5
10,Male,White - British,0,False,3,2,True,50,Female,Asian/British Asian - Bangladeshi,In-House Fostering,2024-11-07,2025-04-02,146,Placement stability concerns,14.83,False,True,1
8,Female,White - British,0,False,7,2,True,53,Female,White - British,External Fostering,2025-08-20,2025-09-07,18,Behaviour concerns,6.86,True,False,1
8,Female,White - Central European,0,False,0,3,True,42,Trans Male,Asian/British Asian - Pakistani,Kinship,2025-03-28,2025-06-06,70,Planned move,1.31,True,False,1
3,Male,Asian/British Asian - Pakistani,2,True,1,0,False,41,Female,Asian/British Asian - Pakistani,External Fostering,2023-12-03,2024-02-16,75,Planned move,14.41,False,True,3
7,Female,White - British,0,False,4,3,True,37,Female,White - British,In-House Fostering,2024-12-15,2024-12-28,13,Planned move,16.91,True,True,1
4,Female,White - British,5,True,6,2,True,53,Female,White - British,Kinship,2025-01-10,2026-11-25,684,Child requests end,0.31,False,False,6
9,Female,White - Other,0,False,7,5,True,57,Trans Male,Asian/British Asian - Pakistani,Residential,2025-02-18,2025-03-17,27,Carer requests end,60.4,True,False,1
6,Female,Asian/British Asian - Pakistani,0,False,7,1,False,41,Male,White - British,Kinship,2023-02-22,2023-03-10,16,Behaviour concerns,4.51,True,False,1
9,Female,Asian/British Asian - Pakistani,2,True,3,3,True,58,Male,Dual Heritage - Black/White,In-House Fostering,2025-09-19,2025-10-06,17,Behaviour concerns,1.57,False,False,3
7,Trans Female,Asian/British Asian - Other,5,True,4,3,True,40,Male,White - Other,In-House Fostering,2025-04-12,2026-08-19,494,Placement stability concerns,0.75,True,True,6
15,Trans Female,White - British,0,False,6,4,True,57,Female,White - British,In-House Fostering,2025-02-26,2025-09-05,191,Planned move,0.16,False,True,1
8,Male,Asian/British Asian - Pakistani,2,True,2,5,True,53,Male,White - British,In-House Fostering,2022-04-01,2023-10-24,571,Behaviour concerns,12.39,False,True,3
7,Male,White - British,0,False,0,1,False,43,Female,White - British,External Fostering,2025-06-15,2026-04-02,291,Placement stability concerns,8.41,True,True,1
5,Male,White - British,0,False,1,1,False,59,Female,Asian/British Asian - Bangladeshi,In-House Fostering,2022-04-22,2022-04-29,7,Planned move,10.41,False,True,1
9,Female,Asian/British Asian - Pakistani,0,False,1,1,False,42,Male,White - British,External Fostering,2023-08-11,2023-08-17,6,Carer requests end,19.75,True,False,1
9,Female,White - British,0,False,2,3,True,46,Female,White - British,In-House Fostering,2023-01-14,2024-01-15,366,Carer requests end,17.75,False,True,1
0,Female,White - British,4,True,7,0,False,56,Female,Asian/British Asian - Pakistani,External Fostering,2023-01-01,2023-03-14,72,Behaviour concerns,9.77,False,True,5
2,Male,White - Other,2,True,5,2,True,39,Male,Asian/British Asian - Pakistani,Kinship,2024-03-09,2024-05-13,65,Planned move,3.53,True,False,3
9,Non binary,White - British,3,True,4,1,False,60,Male,White - British,In-House Fostering,2023-08-15,2024-03-17,215,Placement stability concerns,1.91,False,False,4
8,Female,White - British,2,True,4,1,False,40,Trans Female,White - Other,In-House Fostering,2023-07-24,2023-10-27,95,Behaviour concerns,16.59,False,False,3
13,Male,Asian/British Asian - Bangladeshi,5,True,5,5,True,53,Trans Male,Asian/British Asian - Indian,Kinship,2025-08-26,2025-10-20,55,Carer requests end,3.45,True,True,6
9,Male,White - British,0,False,2,1,False,42,Female,Asian/British Asian - Pakistani,External Fostering,2022-02-05,2022-04-26,80,Planned move,1.94,True,True,1
9,Male,White - British,3,True,5,5,True,36,Non binary,White - British,In-House Fostering,2023-12-11,2024-07-17,219,Allegation,3.4,True,False,4
7,Male,White - British,0,False,7,5,True,57,Female,White - British,External Fostering,2025-05-16,2029-01-11,1336,Planned move,7.76,True,True,1
5,Female,White - British,0,False,2,0,False,58,Trans Female,Asian/British Asian - Pakistani,In-House Fostering,2022-01-08,2022-06-27,170,Allegation,10.05,False,True,1
12,Female,White - British,4,True,1,0,False,42,Non binary,White - British,External Fostering,2025-06-09,2026-02-21,257,Placement stability concerns,5.54,True,False,5
12,Male,Asian/British Asian - Pakistani,0,False,0,1,False,47,Trans Female,Black/Black British - African,Kinship,2022-09-25,2022-10-20,25,Child requests end,3.98,True,False,1
2,Female,Asian/British Asian - Pakistani,0,False,6,0,False,48,Female,Asian/British Asian - Chinese,Kinship,2025-04-16,2026-12-24,617,Carer requests end,3.58,True,False,1
8,Female,White - British,0,False,7,4,True,44,Trans Female,Gypsy / Roma,In-House Fostering,2022-03-12,2022-04-24,43,Planned move,4.32,True,False,1
3,Female,Asian/British Asian - Pakistani,0,False,4,0,False,40,Male,White - British,In-House Fostering,2023-04-08,2025-03-25,717,Behaviour concerns,14.42,True,False,1
7,Female,White - British,0,False,4,4,True,59,Male,White - British,In-House Fostering,2025-06-09,2026-01-21,226,Placement stability concerns,4.69,True,True,1
4,Trans Female,Black/Black British - Caribbean,2,True,6,3,True,42,Trans Female,White - British,External Fostering,2025-10-02,2026-03-17,166,Behaviour concerns,18.44,True,True,3
11,Female,Asian/British Asian - Pakistani,0,False,5,0,False,43,Non binary,Asian/British Asian - Pakistani,In-House Fostering,2023-11-13,2024-12-10,393,Allegation,17.09,True,True,1
6,Male,White - British,0,False,0,1,False,59,Female,Dual Heritage - Black/White,Residential,2023-06-25,2023-09-05,72,Allegation,81.4,False,False,1
7,Male,White - Eastern European,1,True,6,5,True,56,Female,White - British,In-House Fostering,2025-02-05,2025-03-27,50,Placement stability concerns,7.5,True,False,2
12,Trans Female,Black/Black British - African,1,True,2,0,False,55,Male,White - British,External Fostering,2025-07-30,2030-01-03,1618,Placement stability concerns,19.58,False,True,2
9,Trans Female,White - British,0,False,7,2,True,51,Male,Asian/British Asian - Pakistani,Residential,2024-06-26,2024-09-24,90,Planned move,72.79,False,True,1
9,Female,Asian/British Asian - Pakistani,1,True,7,4,True,46,Male,Asian/British Asian - Pakistani,In-House Fostering,2024-06-11,2025-09-04,450,Carer requests end,4.81,False,True,2
8,Female,White - Eastern European,2,True,5,0,False,59,Male,White - British,Residential,2023-03-17,2024-05-14,424,Behaviour concerns,62.02,False,False,3
9,Female,White - British,1,True,5,4,True,51,Female,White - British,In-House Fostering,2022-03-24,2022-11-08,229,Behaviour concerns,3.7,True,True,2
10,Female,White - British,4,True,7,1,False,57,Male,Asian/British Asian - Pakistani,Residential,2022-07-05,2025-03-26,995,Child requests end,41.08,False,False,5
8,Male,White - British,0,False,1,2,True,57,Male,White - British,In-House Fostering,2024-06-27,2029-05-26,1794,Behaviour concerns,2.37,False,False,1
11,Female,White - British,3,True,3,0,False,39,Male,White - Other,Kinship,2025-07-31,2027-07-03,702,Carer requests end,4.99,True,False,4
7,Female,White - British,0,False,7,1,False,43,Female,White - British,In-House Fostering,2025-05-06,2026-03-26,324,Placement stability concerns,19.22,False,False,1
13,Female,Asian/British Asian - Pakistani,5,True,6,1,False,50,Female,White - British,In-House Fostering,2024-03-02,2024-04-26,55,Child requests end,9.51,True,True,6
3,Female,Asian/British Asian - Pakistani,0,False,3,2,True,55,Trans Female,White - British,Residential,2025-08-10,2025-11-08,90,Placement stability concerns,63.78,False,False,1
9,Male,White - British,0,False,5,3,True,41,Female,White - British,Residential,2025-02-04,2025-09-21,229,Child requests end,58.05,False,True,1
10,Trans Male,White - British,0,False,0,1,False,42,Female,White - British,Kinship,2023-12-30,2031-07-19,2758,Allegation,4.94,False,True,1
8,Trans Male,Asian/British Asian - Indian,0,False,5,0,False,46,Male,Mixed - Other,External Fostering,2025-09-08,2026-01-25,139,Behaviour concerns,9.83,True,False,1
10,Female,White - British,5,True,2,0,False,43,Male,Asian/British Asian - Pakistani,External Fostering,2025-01-13,2025-12-15,336,Placement stability concerns,8.8,False,False,6
6,Trans Male,White - British,0,False,5,0,False,46,Non binary,Traveller - Other,In-House Fostering,2024-10-13,2024-12-09,57,Allegation,9.8,True,True,1
0,Non binary,White - British,5,True,6,4,True,57,Male,White - British,In-House Fostering,2025-10-19,2026-03-02,134,Planned move,5.2,False,True,6
3,Male,White - British,0,False,0,2,True,53,Male,White - British,In-House Fostering,2024-02-25,2024-06-08,104,Behaviour concerns,8.44,True,False,1
10,Female,Asian/British Asian - Pakistani,3,True,4,3,True,46,Male,White - British,In-House Fostering,2023-11-15,2029-07-07,2061,Placement stability concerns,6.04,True,False,4
12,Female,White - British,0,False,1,5,True,45,Female,Mixed - White/Asian,In-House Fostering,2025-08-12,2025-08-14,2,Planned move,7.51,True,True,1
12,Trans Female,Dual Heritage - Black/White,2,True,0,4,True,40,Male,White - British,External Fostering,2024-06-18,2025-02-22,249,Child requests end,0.49,False,False,3
9,Male,Asian/British Asian - Pakistani,0,False,3,2,True,51,Female,Mixed - White/Asian,External Fostering,2022-07-02,2024-05-09,677,Planned move,16.63,True,False,1
8,Trans Female,Asian/British Asian - Pakistani,0,False,7,5,True,44,Female,White - British,In-House Fostering,2024-05-27,2024-11-29,186,Behaviour concerns,16.37,True,False,1
9,Female,White - Central European,0,False,1,5,True,35,Male,Asian/British Asian - Pakistani,Residential,2022-01-03,2024-05-29,877,Child requests end,38.6,False,True,1
9,Trans Male,White - British,3,True,2,3,True,48,Male,Traveller - Other,External Fostering,2023-08-29,2023-10-13,45,Placement stability concerns,11.65,True,False,4
8,Male,White - British,0,False,0,1,False,55,Male,Asian/British Asian - Pakistani,External Fostering,2025-04-23,2026-03-09,320,Carer requests end,14.26,True,False,1
11,Male,Asian/British Asian - Pakistani,4,True,3,0,False,43,Trans Male,White - British,In-House Fostering,2023-09-17,2023-12-09,83,Carer requests end,11.16,False,False,5
13,Male,White - British,1,True,5,5,True,43,Male,White - British,Kinship,2022-11-29,2024-05-30,548,Placement stability concerns,4.87,False,True,2
9,Male,White - British,0,False,0,4,True,60,Male,Asian/British Asian - Pakistani,External Fostering,2024-12-01,2034-09-06,3566,Planned move,0.6,True,False,1
6,Trans Male,White - British,1,True,0,5,True,36,Female,White - British,In-House Fostering,2025-03-01,2027-05-30,820,Allegation,11.11,False,True,2
11,Male,White - British,4,True,5,1,False,49,Female,White - British,In-House Fostering,2022-07-20,2022-10-13,85,Planned move,1.61,True,True,5
7,Trans Female,White - British,0,False,5,3,True,44,Female,Asian/British Asian - Pakistani,External Fostering,2022-02-13,2031-08-16,3471,Planned move,12.95,True,False,1
3,Female,White - British,0,False,5,0,False,56,Trans Female,Asian/British Asian - Indian,In-House Fostering,2023-10-04,2023-11-10,37,Carer requests end,10.6,True,False,1
6,Male,White - British,0,False,6,2,True,43,Male,White - British,In-House Fostering,2025-09-18,2031-03-09,1998,Child requests end,0.36,False,False,1
10,Female,White - Other,0,False,2,3,True,58,Female,Asian/British Asian - Pakistani,Kinship,2023-02-22,2023-02-28,6,Child requests end,0.95,False,False,1
12,Trans Male,White - Other,1,True,4,5,True,60,Male,White - British,Kinship,2025-05-12,2025-05-26,14,Placement stability concerns,1.84,True,True,2
5,Female,White - Other,1,True,7,0,False,47,Female,White - British,Residential,2024-01-14,2024-08-01,200,Carer requests end,60.68,False,True,2
12,Male,White - British,0,False,0,0,False,48,Male,Asian/British Asian - Pakistani,External Fostering,2024-08-07,2025-08-11,369,Allegation,8.14,True,True,1
2,Male,Asian/British Asian - Indian,0,False,1,1,False,56,Female,Asian/British Asian - Pakistani,External Fostering,2022-04-05,2024-02-28,694,Placement stability concerns,19.75,True,False,1
9,Male,Asian/British Asian - Pakistani,0,False,0,5,True,57,Male,Asian/British Asian - Pakistani,External Fostering,2025-03-26,2026-05-09,409,Behaviour concerns,15.05,False,False,1
8,Female,White - Eastern European,0,False,2,0,False,56,Female,White - British,External Fostering,2024-06-19,2030-05-17,2158,Placement stability concerns,0.04,True,False,1
13,Male,White - British,0,False,4,5,True,51,Female,Asian/British Asian - Pakistani,In-House Fostering,2022-05-28,2024-03-02,644,Behaviour concerns,8.5,False,True,1
13,Female,Asian/British Asian - Pakistani,2,True,5,4,True,37,Male,White - British,External Fostering,2024-12-28,2027-04-15,838,Placement stability concerns,6.13,False,False,3
12,Trans Female,White - Central European,0,False,5,0,False,41,Female,White - Other,External Fostering,2024-10-27,2025-05-12,197,Placement stability concerns,14.77,False,True,1
3,Male,White - British,0,False,2,3,True,52,Male,White - British,External Fostering,2023-07-07,2024-07-21,380,Carer requests end,5.21,False,False,1
6,Trans Female,White - British,4,True,2,0,False,36,Female,White - British,In-House Fostering,2022-09-15,2022-10-14,29,Carer requests end,0.73,False,True,5
8,Female,White - British,2,True,4,1,False,46,Female,White - Eastern European,In-House Fostering,2024-02-20,2025-06-10,476,Carer requests end,16.42,False,True,3
0,Male,White - British,0,False,5,4,True,59,Female,Asian/British Asian - Pakistani,Kinship,2022-02-12,2022-05-14,91,Planned move,2.0,True,True,1
13,Male,White - British,0,False,5,5,True,38,Female,White - British,External Fostering,2023-01-04,2030-08-08,2773,Carer requests end,9.49,False,True,1
8,Trans Male,White - British,0,False,2,0,False,45,Male,White - British,Kinship,2023-10-13,2024-11-16,400,Child requests end,1.23,False,False,1
7,Female,White - British,2,True,4,3,True,53,Female,Asian/British Asian - Pakistani,In-House Fostering,2024-01-31,2025-06-13,499,Child requests end,14.18,True,False,3
7,Non binary,White - British,1,True,1,1,False,59,Male,White - Other,External Fostering,2023-12-17,2025-12-29,743,Child requests end,13.76,True,False,2
8,Female,White - British,0,False,2,2,True,53,Female,White - Eastern European,In-House Fostering,2024-11-25,2027-03-04,829,Carer requests end,5.49,False,True,1
12,Male,White - British,1,True,0,0,False,55,Female,White - British,External Fostering,2025-09-21,2026-01-08,109,Child requests end,7.73,False,False,2
6,Male,White - Other,0,False,5,2,True,55,Female,White - Central European,Kinship,2024-02-26,2025-04-14,413,Child requests end,1.43,True,True,1
5,Female,White - British,5,True,7,4,True,51,Male,White - British,External Fostering,2022-02-08,2022-02-09,1,Allegation,16.64,True,True,6
1,Female,White - British,3,True,4,5,True,38,Female,White - Central European,In-House Fostering,2022-10-12,2023-06-13,244,Carer requests end,14.51,False,False,4
13,Trans Male,White - British,0,False,5,4,True,47,Female,White - British,Kinship,2022-01-16,2022-02-23,38,Child requests end,1.76,True,True,1
12,Trans Female,White - British,3,True,2,1,False,37,Female,White - British,In-House Fostering,2022-10-11,2028-05-06,2034,Carer requests end,2.22,True,True,4
14,Female,Asian/British Asian - Indian,3,True,0,0,False,35,Male,Asian/British Asian - Other,Kinship,2023-09-15,2024-01-30,137,Planned move,2.41,True,False,4
13,Male,White - British,5,True,0,0,False,43,Female,Asian/British Asian - Pakistani,In-House Fostering,2025-01-24,2025-02-14,21,Placement stability concerns,9.32,False,True,6
12,Female,White - British,0,False,7,0,False,35,Male,Asian/British Asian - Pakistani,In-House Fostering,2024-09-09,2026-09-19,740,Placement stability concerns,8.77,False,True,1
7,Male,White - British,0,False,5,1,False,58,Male,White - British,In-House Fostering,2023-09-16,2024-09-22,372,Carer requests end,4.45,True,False,1
8,Female,White - British,0,False,7,3,True,44,Male,White - British,Kinship,2025-02-12,2025-03-15,31,Child requests end,2.04,True,True,1
1,Trans Male,White - British,4,True,0,2,True,49,Non binary,Asian/British Asian - Pakistani,External Fostering,2023-10-30,2024-12-21,418,Placement stability concerns,4.08,True,False,5
11,Female,White - British,4,True,5,5,True,60,Female,White - British,External Fostering,2022-12-19,2023-03-01,72,Placement stability concerns,10.07,True,True,5
6,Male,Asian/British Asian - Other,3,True,5,5,True,47,Male,Dual Heritage - Black/White,Kinship,2025-07-16,2026-05-15,303,Child requests end,4.4,True,False,4
7,Female,Mixed - White/Black Caribbean,0,False,3,0,False,44,Female,White - British,Kinship,2024-11-28,2025-06-10,194,Carer requests end,2.1,False,True,1
13,Male,White - British,0,False,1,2,True,36,Trans Male,Asian/British Asian - Pakistani,In-House Fostering,2024-08-28,2025-04-10,225,Child requests end,14.83,True,True,1
6,Male,Asian/British Asian - Pakistani,0,False,1,2,True,48,Male,White - British,External Fostering,2025-09-13,2025-09-20,7,Planned move,11.9,False,False,1
8,Female,White - British,4,True,0,5,True,53,Male,Asian/British Asian - Pakistani,Kinship,2022-07-21,2024-11-18,851,Planned move,0.11,False,True,5
5,Trans Female,Asian/British Asian - Pakistani,1,True,2,0,False,55,Female,Asian/British Asian - Pakistani,External Fostering,2023-12-13,2024-11-15,338,Planned move,11.02,False,True,2
13,Female,White - British,0,False,4,3,True,53,Female,White - British,External Fostering,2025-05-15,2025-07-12,58,Behaviour concerns,8.09,False,False,1
17,Non binary,White - British,0,False,5,4,True,48,Trans Female,White - Other,In-House Fostering,2022-01-19,2023-11-06,656,Carer requests end,9.64,False,True,1
10,Non binary,White - British,0,False,3,1,False,53,Female,Asian/British Asian - Pakistani,External Fostering,2022-11-16,2023-01-31,76,Child requests end,9.34,True,True,1
9,Non binary,White - British,4,True,6,3,True,39,Female,White - British,External Fostering,2023-12-23,2024-11-13,326,Placement stability concerns,1.55,False,True,5
6,Male,White - British,4,True,2,1,False,60,Trans Male,White - British,External Fostering,2025-09-21,2025-10-30,39,Allegation,19.37,False,True,5
11,Male,White - British,0,False,7,4,True,45,Trans Male,White - British,In-House Fostering,2024-12-19,2025-08-26,250,Placement stability concerns,16.7,True,True,1
10,Male,White - British,0,False,6,5,True,51,Female,White - British,External Fostering,2022-03-01,2022-05-12,72,Carer requests end,9.33,False,False,1
8,Female,White - British,0,False,7,4,True,58,Female,White - British,Residential,2023-07-03,2026-04-05,1007,Planned move,14.44,False,False,1
4,Male,White - British,3,True,6,4,True,56,Male,Asian/British Asian - Pakistani,In-House Fostering,2023-06-11,2024-11-07,515,Placement stability concerns,14.52,False,True,4
7,Female,White - British,4,True,5,5,True,58,Male,White - Other,In-House Fostering,2025-03-18,2025-04-16,29,Child requests end,6.06,True,False,5
5,Trans Female,White - British,0,False,4,3,True,40,Trans Male,White - British,In-House Fostering,2024-03-05,2024-05-06,62,Placement stability concerns,13.76,False,True,1
8,Female,White - British,0,False,5,1,False,58,Female,White - British,In-House Fostering,2025-10-19,2025-12-20,62,Planned move,9.16,True,True,1
11,Female,White - British,0,False,1,4,True,46,Male,Asian/British Asian - Indian,Residential,2025-10-03,2027-11-02,760,Allegation,18.49,False,False,1
8,Male,White - British,1,True,4,3,True,54,Male,Asian/British Asian - Pakistani,In-House Fostering,2022-12-28,2023-02-13,47,Behaviour concerns,8.77,True,False,2
10,Female,Asian/British Asian - Pakistani,0,False,2,3,True,57,Male,Black/Black British - African,External Fostering,2025-01-05,2027-07-03,909,Planned move,1.15,False,False,1
7,Trans Female,Asian/British Asian - Pakistani,0,False,1,3,True,35,Male,White - British,Kinship,2025-05-28,2026-01-12,229,Planned move,4.43,False,True,1
9,Male,White - British,4,True,2,1,False,39,Male,White - British,In-House Fostering,2023-06-05,2025-07-27,783,Planned move,9.26,True,False,5
11,Female,Asian/British Asian - Pakistani,5,True,4,0,False,54,Female,Asian/British Asian - Pakistani,In-House Fostering,2024-09-15,2024-11-30,76,Placement stability concerns,6.42,True,True,6
14,Female,Asian/British Asian - Pakistani,3,True,4,1,False,42,Female,Asian/British Asian - Pakistani,In-House Fostering,2023-07-08,2023-08-09,32,Child requests end,2.63,False,True,4
8,Female,Asian/British Asian - Pakistani,0,False,7,1,False,35,Female,White - Irish,In-House Fostering,2023-03-10,2023-07-01,113,Allegation,10.44,False,False,1
10,Trans Female,White - British,0,False,3,0,False,40,Female,White - British,External Fostering,2023-11-06,2023-12-01,25,Behaviour concerns,3.42,False,False,1
11,Female,Asian/British Asian - Pakistani,0,False,3,2,True,59,Non binary,White - Central European,External Fostering,2023-08-29,2023-10-25,57,Carer requests end,6.6,False,False,1
9,Female,White - British,0,False,1,2,True,55,Male,White - British,External Fostering,2025-06-10,2027-06-01,721,Allegation,10.4,False,True,1
8,Non binary,Asian/British Asian - Pakistani,3,True,2,0,False,41,Male,Asian/British Asian - Pakistani,Kinship,2022-05-20,2023-05-21,366,Planned move,3.41,True,True,4
11,Trans Male,Asian/British Asian - Pakistani,0,False,6,2,True,56,Female,White - Eastern European,External Fostering,2024-04-20,2024-11-23,217,Behaviour concerns,13.29,True,False,1
12,Male,White - British,1,True,1,1,False,41,Female,White - British,In-House Fostering,2022-11-23,2023-01-28,66,Planned move,17.14,True,False,2
12,Trans Female,Asian/British Asian - Pakistani,2,True,1,5,True,47,Male,White - British,Kinship,2024-06-08,2024-08-18,71,Placement stability concerns,1.42,True,False,3
12,Female,Gypsy / Roma,0,False,7,5,True,40,Female,Asian/British Asian - Pakistani,In-House Fostering,2025-02-25,2025-05-29,93,Behaviour concerns,3.19,False,True,1
10,Female,White - Eastern European,2,True,3,2,True,51,Non binary,White - British,External Fostering,2024-01-13,2024-04-13,91,Placement stability concerns,12.54,False,False,3
9,Male,White - British,0,False,2,1,False,59,Female,White - British,External Fostering,2024-09-17,2024-12-02,76,Child requests end,9.34,False,True,1
8,Male,Asian/British Asian - Pakistani,0,False,2,3,True,53,Male,White - Eastern European,External Fostering,2023-10-26,2024-04-13,170,Carer requests end,11.93,True,False,1
11,Male,White - British,3,True,0,2,True,50,Male,Asian/British Asian - Pakistani,In-House Fostering,2024-10-29,2025-02-16,110,Planned move,8.67,False,False,4
13,Trans Female,White - British,2,True,1,3,True,39,Trans Female,White - British,In-House Fostering,2022-01-14,2023-05-27,498,Behaviour concerns,7.87,False,True,3
7,Female,White - British,0,False,3,2,True,46,Male,Asian/British Asian - Pakistani,In-House Fostering,2022-02-23,2023-01-16,327,Planned move,4.35,False,True,1
6,Trans Female,Asian/British Asian - Pakistani,0,False,5,3,True,54,Male,White - British,External Fostering,2024-04-29,2025-04-11,347,Carer requests end,15.78,True,False,1
7,Male,White - British,0,False,6,2,True,50,Male,Asian/British Asian - Indian,In-House Fostering,2025-08-22,2025-10-22,61,Allegation,1.66,True,False,1
4,Male,Asian/British Asian - Pakistani,0,False,1,2,True,35,Male,White - British,In-House Fostering,2024-07-29,2024-09-30,63,Carer requests end,17.29,True,False,1
9,Female,White - British,5,True,6,4,True,36,Female,White - Eastern European,External Fostering,2023-05-21,2032-02-29,3206,Placement stability concerns,17.31,True,True,6
11,Female,Asian/British Asian - Pakistani,5,True,4,1,False,42,Trans Female,White - British,External Fostering,2024-04-23,2025-08-08,472,Planned move,18.43,False,False,6
5,Male,White - British,4,True,5,3,True,45,Trans Male,White - British,In-House Fostering,2023-09-05,2027-05-13,1346,Placement stability concerns,17.87,True,False,5
7,Female,White - British,0,False,0,3,True,59,Non binary,White - Other,Kinship,2024-09-24,2024-10-23,29,Child requests end,0.6,True,False,1
4,Female,Gypsy / Roma,0,False,7,4,True,41,Trans Male,Asian/British Asian - Pakistani,External Fostering,2024-01-29,2024-05-31,123,Allegation,3.72,False,False,1
8,Female,White - Eastern European,0,False,4,1,False,60,Male,White - Other,In-House Fostering,2023-08-02,2024-08-05,369,Placement stability concerns,3.83,False,False,1
6,Male,Asian/British Asian - Pakistani,4,True,7,3,True,60,Male,White - British,External Fostering,2022-10-23,2023-01-06,75,Placement stability concerns,19.09,True,False,5
16,Female,White - British,3,True,0,2,True,49,Male,White - British,Kinship,2023-03-10,2023-09-17,191,Planned move,3.06,True,False,4
6,Male,White - British,0,False,0,2,True,52,Male,White - British,In-House Fostering,2025-03-03,2026-11-22,629,Behaviour concerns,0.79,True,True,1
11,Female,White - Central European,0,False,5,1,False,54,Male,White - British,External Fostering,2022-10-09,2023-10-06,362,Behaviour concerns,17.23,True,False,1
10,Trans Male,Traveller - Other,4,True,7,3,True,42,Trans Female,White - Central European,Residential,2022-06-15,2026-03-31,1385,Planned move,18.29,False,False,5
7,Male,White - British,0,False,6,4,True,44,Trans Female,Black/Black British - African,External Fostering,2025-06-25,2027-04-28,672,Planned move,17.93,False,False,1
9,Female,White - British,0,False,6,0,False,59,Male,Mixed - White/Asian,Kinship,2023-03-11,2023-09-11,184,Behaviour concerns,4.61,True,True,1
0,Male,White - Other,0,False,6,2,True,55,Male,White - Eastern European,In-House Fostering,2022-04-16,2022-12-11,239,Planned move,15.36,True,True,1
11,Male,White - British,0,False,5,1,False,58,Trans Female,Asian/British Asian - Pakistani,In-House Fostering,2024-04-21,2026-08-26,857,Allegation,15.8,True,True,1
5,Trans Male,Asian/British Asian - Bangladeshi,4,True,7,3,True,38,Female,White - British,Residential,2022-04-27,2022-12-09,226,Allegation,51.19,True,False,5
5,Male,White - British,4,True,6,0,False,52,Male,Asian/British Asian - Bangladeshi,Kinship,2025-01-11,2025-04-07,86,Planned move,0.26,False,True,5
7,Female,White - British,1,True,7,5,True,41,Trans Female,White - British,Residential,2025-02-23,2026-07-17,509,Planned move,51.67,False,False,2
9,Female,Asian/British Asian - Bangladeshi,4,True,5,1,False,57,Female,Traveller - Other,Residential,2022-10-08,2023-02-10,125,Child requests end,91.48,True,False,5
6,Female,White - British,0,False,7,0,False,46,Trans Female,White - British,External Fostering,2022-10-27,2024-01-21,451,Allegation,12.69,True,True,1
1,Male,White - British,0,False,6,5,True,60,Male,White - British,Kinship,2025-10-20,2029-08-11,1391,Carer requests end,4.65,False,True,1
8,Female,Asian/British Asian - Indian,0,False,5,1,False,52,Male,White - Eastern European,External Fostering,2023-09-02,2023-11-24,83,Placement stability concerns,8.76,False,False,1
8,Trans Female,White - British,0,False,0,1,False,46,Male,White - Eastern European,Kinship,2023-01-17,2023-07-04,168,Allegation,3.08,False,False,1
6,Female,White - British,0,False,0,5,True,39,Female,Asian/British Asian - Pakistani,External Fostering,2025-06-03,2027-06-21,748,Carer requests end,10.91,True,True,1
6,Trans Male,White - British,4,True,5,3,True,51,Male,White - British,External Fostering,2024-01-07,2024-07-07,182,Placement stability concerns,15.24,False,False,5
5,Trans Female,White - British,2,True,1,0,False,44,Female,White - British,External Fostering,2022-04-14,2022-05-12,28,Allegation,19.33,False,False,3
8,Male,White - British,0,False,1,0,False,35,Female,Asian/British Asian - Pakistani,External Fostering,2024-11-23,2025-10-09,320,Allegation,2.54,False,True,1
7,Female,White - Eastern European,0,False,3,0,False,42,Female,White - British,External Fostering,2023-12-27,2027-10-04,1377,Allegation,15.64,False,True,1
5,Female,White - British,0,False,7,1,False,43,Female,White - British,Kinship,2024-08-16,2026-10-31,806,Behaviour concerns,3.99,True,False,1
8,Female,Asian/British Asian - Pakistani,0,False,2,2,True,35,Female,White - British,In-House Fostering,2023-11-22,2023-12-29,37,Carer requests end,7.04,True,True,1
0,Female,White - British,2,True,6,4,True,56,Male,White - British,Kinship,2023-06-17,2023-07-23,36,Planned move,1.6,False,False,3
1,Male,White - British,0,False,5,4,True,45,Female,Asian/British Asian - Pakistani,In-House Fostering,2024-11-24,2028-03-31,1223,Placement stability concerns,3.83,False,True,1
11,Male,Asian/British Asian - Indian,3,True,6,5,True,56,Female,White - Central European,External Fostering,2025-06-17,2025-07-04,17,Child requests end,1.55,True,True,4
11,Male,White - British,0,False,0,2,True,39,Male,White - Eastern European,In-House Fostering,2023-10-08,2023-11-05,28,Child requests end,0.17,True,False,1
9,Female,Asian/British Asian - Pakistani,3,True,3,2,True,57,Male,White - British,External Fostering,2023-04-13,2024-02-17,310,Placement stability concerns,5.76,True,False,4
2,Male,White - British,0,False,7,3,True,50,Female,Mixed - White/Asian,In-House Fostering,2023-03-06,2023-04-17,42,Child requests end,17.9,False,True,1
8,Male,Asian/British Asian - Bangladeshi,0,False,3,2,True,48,Non binary,White - British,Kinship,2025-05-31,2025-08-05,66,Placement stability concerns,1.79,False,False,1
5,Trans Female,White - British,5,True,2,3,True,44,Male,White - British,External Fostering,2023-07-15,2024-01-31,200,Allegation,18.78,False,True,6
6,Male,Asian/British Asian - Bangladeshi,0,False,3,4,True,37,Trans Female,White - British,External Fostering,2023-12-03,2024-03-11,99,Allegation,8.08,True,True,1
2,Trans Female,White - British,0,False,0,2,True,51,Trans Female,White - British,In-House Fostering,2025-07-11,2025-10-08,89,Planned move,3.53,False,False,1
11,Trans Male,White - British,0,False,5,1,False,51,Trans Female,White - British,Kinship,2022-08-04,2024-10-17,805,Planned move,3.61,True,False,1
15,Female,White - British,3,True,1,1,False,35,Trans Female,White - British,Kinship,2022-02-07,2024-09-30,966,Child requests end,0.9,True,True,4
5,Female,Asian/British Asian - Pakistani,0,False,1,1,False,36,Female,Asian/British Asian - Pakistani,External Fostering,2023-03-17,2023-06-21,96,Placement stability concerns,12.76,True,True,1
9,Male,White - British,0,False,1,5,True,36,Female,White - British,In-House Fostering,2024-07-03,2026-04-23,659,Planned move,5.14,False,True,1
7,Trans Female,Asian/British Asian - Pakistani,0,False,2,4,True,46,Female,Asian/British Asian - Pakistani,In-House Fostering,2022-04-17,2023-02-08,297,Allegation,1.57,False,False,1
4,Male,Asian/British Asian - Other,5,True,4,4,True,55,Trans Female,White - British,External Fostering,2024-04-01,2024-08-08,129,Placement stability concerns,17.42,True,True,6
6,Male,White - Other,3,True,5,5,True,47,Male,White - British,In-House Fostering,2023-06-29,2023-08-28,60,Allegation,4.19,True,True,4
10,Female,White - British,0,False,1,4,True,42,Male,White - British,In-House Fostering,2023-11-02,2023-11-13,11,Placement stability concerns,14.08,True,True,1
10,Male,White - British,3,True,1,2,True,46,Male,Asian/British Asian - Pakistani,External Fostering,2025-03-13,2026-01-03,296,Placement stability concerns,6.27,False,False,4
6,Trans Female,Dual Heritage - Black/White,0,False,2,2,True,38,Female,White - British,Kinship,2025-04-21,2025-07-12,82,Placement stability concerns,0.37,True,True,1
8,Female,Asian/British Asian - Other,0,False,3,2,True,56,Trans Male,Asian/British Asian - Pakistani,In-House Fostering,2023-01-18,2023-01-24,6,Child requests end,7.49,False,False,1
12,Female,White - British,0,False,3,0,False,39,Female,White - British,Kinship,2024-03-21,2024-07-23,124,Planned move,4.98,True,False,1
6,Trans Female,White - British,1,True,2,4,True,41,Female,White - British,External Fostering,2022-03-28,2022-04-22,25,Allegation,13.52,True,False,2
8,Male,Asian/British Asian - Pakistani,5,True,1,4,True,51,Female,Asian/British Asian - Bangladeshi,In-House Fostering,2022-09-18,2022-11-12,55,Placement stability concerns,11.09,True,False,6
10,Male,White - British,4,True,2,5,True,52,Female,White - Eastern European,External Fostering,2025-01-22,2025-01-30,8,Placement stability concerns,11.03,False,False,5
5,Trans Female,White - British,0,False,3,1,False,55,Trans Male,White - British,Kinship,2025-10-02,2028-03-26,906,Child requests end,2.4,False,False,1
7,Male,White - Other,4,True,7,1,False,59,Male,Asian/British Asian - Pakistani,In-House Fostering,2023-03-29,2023-09-06,161,Allegation,14.75,False,False,5
3,Male,White - Irish,0,False,0,3,True,59,Male,Black/Black British - African,External Fostering,2022-06-25,2023-06-14,354,Behaviour concerns,1.96,False,False,1
2,Male,White - British,3,True,4,5,True,42,Trans Male,White - British,In-House Fostering,2024-07-11,2024-07-28,17,Placement stability concerns,5.46,True,True,4
4,Male,White - British,0,False,5,3,True,38,Female,White - British,In-House Fostering,2022-10-07,2023-01-07,92,Planned move,18.07,True,False,1
0,Female,Asian/British Asian - Pakistani,0,False,4,1,False,58,Male,Asian/British Asian - Other,Kinship,2023-10-11,2025-09-02,692,Behaviour concerns,2.87,True,False,1
1,Female,White - British,3,True,5,1,False,57,Male,White - British,Residential,2023-08-22,2024-05-05,257,Child requests end,92.53,False,True,4
4,Male,White - British,0,False,4,5,True,42,Female,White - British,In-House Fostering,2023-02-17,2030-05-25,2654,Carer requests end,14.16,True,False,1
6,Female,Asian/British Asian - Indian,3,True,7,5,True,43,Female,White - British,External Fostering,2023-02-28,2023-03-28,28,Behaviour concerns,11.97,False,True,4
11,Male,White - British,3,True,1,5,True,44,Non binary,Black/Black British - African,Kinship,2025-04-03,2025-04-12,9,Carer requests end,0.18,True,False,4
9,Trans Male,White - British,1,True,4,1,False,54,Female,Black/Black British - Caribbean,External Fostering,2023-05-17,2024-08-01,442,Planned move,9.39,True,True,2
12,Male,Asian/British Asian - Other,0,False,3,4,True,41,Female,White - British,Kinship,2023-09-01,2024-02-20,172,Child requests end,0.04,True,True,1
9,Female,Asian/British Asian - Pakistani,1,True,5,4,True,60,Male,Asian/British Asian - Pakistani,Kinship,2022-03-02,2022-05-01,60,Carer requests end,3.41,False,True,2
9,Male,Asian/British Asian - Pakistani,0,False,2,0,False,47,Male,Asian/British Asian - Pakistani,External Fostering,2022-10-22,2023-02-04,105,Placement stability concerns,18.12,False,False,1
9,Male,Asian/British Asian - Pakistani,0,False,6,1,False,46,Male,White - British,Residential,2024-08-14,2024-12-15,123,Behaviour concerns,36.73,False,False,1
11,Female,White - British,0,False,1,0,False,37,Female,White - British,In-House Fostering,2023-12-01,2025-10-30,699,Allegation,3.05,False,False,1
8,Non binary,Asian/British Asian - Pakistani,0,False,1,2,True,39,Male,White - British,In-House Fostering,2024-10-05,2024-11-28,54,Placement stability concerns,2.05,False,True,1
5,Trans Female,White - British,4,True,2,3,True,47,Male,White - British,In-House Fostering,2023-11-07,2024-01-29,83,Allegation,9.96,True,False,5
9,Female,White - British,0,False,4,2,True,59,Trans Female,White - British,External Fostering,2025-02-20,2026-02-16,361,Allegation,4.58,False,True,1
7,Male,White - British,0,False,1,4,True,59,Male,White - British,Residential,2024-04-19,2024-04-25,6,Allegation,42.46,False,True,1
12,Female,White - British,3,True,1,3,True,56,Male,White - British,In-House Fostering,2025-02-21,2026-05-19,452,Carer requests end,5.9,False,False,4
4,Trans Female,White - British,2,True,7,0,False,37,Female,White - British,Residential,2024-05-29,2024-07-21,53,Planned move,54.28,False,True,3
8,Male,Asian/British Asian - Pakistani,1,True,0,5,True,52,Trans Male,White - British,Kinship,2023-09-14,2024-06-23,283,Carer requests end,3.6,False,True,2
11,Male,Asian/British Asian - Pakistani,0,False,2,5,True,59,Male,Asian/British Asian - Pakistani,In-House Fostering,2025-09-05,2027-04-13,585,Child requests end,8.53,True,True,1
9,Trans Female,Asian/British Asian - Bangladeshi,4,True,3,1,False,58,Female,Asian/British Asian - Pakistani,Kinship,2023-02-13,2023-11-07,267,Child requests end,1.39,True,False,5
5,Female,White - British,0,False,0,5,True,56,Male,White - Central European,Kinship,2022-05-04,2024-10-06,886,Carer requests end,4.66,False,True,1
10,Female,White - British,2,True,4,1,False,52,Female,Asian/British Asian - Pakistani,External Fostering,2025-01-12,2025-04-11,89,Planned move,4.68,True,False,3
8,Male,Black/Black British - African,1,True,5,1,False,45,Male,Asian/British Asian - Pakistani,In-House Fostering,2023-03-02,2024-01-30,334,Carer requests end,17.77,True,True,2
7,Female,Asian/British Asian - Pakistani,0,False,2,5,True,59,Female,White - British,Residential,2024-01-11,2024-11-30,324,Behaviour concerns,35.47,False,True,1
13,Male,White - British,0,False,3,5,True,51,Male,Asian/British Asian - Pakistani,Kinship,2025-05-16,2025-08-08,84,Placement stability concerns,3.2,True,False,1
9,Female,White - British,0,False,3,5,True,51,Female,White - British,External Fostering,2023-03-20,2024-05-05,412,Behaviour concerns,18.75,True,True,1
8,Female,White - British,0,False,5,4,True,40,Female,White - British,External Fostering,2023-01-22,2023-04-04,72,Planned move,18.34,False,True,1
13,Male,Asian/British Asian - Pakistani,0,False,6,4,True,55,Male,Asian/British Asian - Pakistani,Kinship,2023-12-07,2026-02-24,810,Placement stability concerns,2.13,False,True,1
0,Female,Asian/British Asian - Pakistani,0,False,6,2,True,45,Female,White - British,In-House Fostering,2024-08-02,2025-12-25,510,Behaviour concerns,17.62,True,False,1
10,Male,White - British,5,True,1,3,True,38,Female,White - British,In-House Fostering,2025-06-26,2026-10-29,490,Carer requests end,7.68,False,True,6
10,Male,Asian/British Asian - Pakistani,2,True,5,1,False,45,Male,White - British,Residential,2022-06-16,2026-02-21,1346,Allegation,35.12,True,False,3
13,Trans Female,White - Eastern European,4,True,4,0,False,48,Male,White - Other,Residential,2023-06-27,2024-01-21,208,Child requests end,98.97,False,False,5
5,Male,White - British,3,True,1,3,True,43,Female,White - British,Kinship,2022-09-20,2023-02-21,154,Behaviour concerns,4.46,True,True,4
6,Female,White - Other,0,False,3,3,True,47,Male,White - British,In-House Fostering,2024-05-06,2025-05-23,382,Carer requests end,6.41,False,False,1
3,Male,White - British,5,True,5,5,True,47,Male,White - British,External Fostering,2023-09-10,2023-12-08,89,Carer requests end,18.0,False,True,6
10,Female,White - British,2,True,2,3,True,35,Trans Male,White - British,In-House Fostering,2024-04-13,2024-09-11,151,Allegation,9.24,True,True,3
8,Male,White - British,3,True,2,0,False,60,Male,Asian/British Asian - Pakistani,Residential,2025-05-11,2025-07-14,64,Carer requests end,58.97,False,True,4
4,Male,Dual Heritage - Black/White,4,True,7,4,True,56,Male,White - British,In-House Fostering,2022-11-07,2030-08-15,2838,Child requests end,8.4,False,False,5
1,Male,Black/Black British - African,0,False,6,3,True,53,Trans Female,White - British,In-House Fostering,2025-01-28,2025-07-28,181,Planned move,0.82,True,True,1
10,Female,White - British,0,False,5,3,True,49,Female,White - British,External Fostering,2024-03-05,2024-08-01,149,Behaviour concerns,16.06,False,False,1
8,Female,White - British,0,False,7,2,True,44,Female,White - British,In-House Fostering,2024-02-25,2024-03-27,31,Planned move,1.5,True,False,1
9,Trans Male,White - British,4,True,5,4,True,54,Female,Traveller of Irish Heritage,External Fostering,2022-12-02,2023-12-20,383,Placement stability concerns,4.57,False,False,5
7,Female,White - British,5,True,1,0,False,48,Male,White - British,In-House Fostering,2022-04-02,2023-04-15,378,Carer requests end,9.95,False,True,6
5,Female,Asian/British Asian - Pakistani,0,False,4,3,True,47,Trans Male,White - British,Kinship,2024-10-30,2025-10-30,365,Placement stability concerns,0.3,True,False,1
4,Female,White - British,0,False,3,3,True,37,Female,White - British,Kinship,2024-09-30,2024-10-18,18,Allegation,3.56,False,True,1
12,Male,Black/Black British - African,4,True,4,1,False,47,Trans Female,Asian/British Asian - Pakistani,In-House Fostering,2025-01-23,2025-11-28,309,Placement stability concerns,13.89,True,False,5
7,Female,White - British,2,True,4,2,True,51,Male,Asian/British Asian - Pakistani,In-House Fostering,2022-09-03,2024-11-17,806,Allegation,17.84,False,False,3
7,Female,Dual Heritage - Black/White,0,False,1,2,True,38,Male,Mixed - White/Black Caribbean,External Fostering,2023-10-25,2023-11-29,35,Carer requests end,6.69,True,True,1
5,Female,White - British,0,False,3,1,False,49,Male,Asian/British Asian - Pakistani,External Fostering,2022-03-23,2024-06-27,827,Carer requests end,12.54,False,True,1
5,Non binary,Asian/British Asian - Pakistani,0,False,6,3,True,46,Female,White - British,In-House Fostering,2023-03-01,2023-04-21,51,Placement stability concerns,4.61,False,True,1
13,Female,White - British,3,True,7,3,True,38,Female,Asian/British Asian - Pakistani,External Fostering,2025-05-31,2025-08-15,76,Behaviour concerns,11.9,False,False,4
5,Male,Dual Heritage - Black/White,2,True,3,4,True,55,Male,Asian/British Asian - Pakistani,In-House Fostering,2023-01-19,2024-05-12,479,Planned move,17.4,False,False,3
17,Male,White - British,0,False,7,2,True,41,Non binary,Asian/British Asian - Pakistani,External Fostering,2024-04-07,2026-09-14,890,Allegation,4.16,True,True,1
4,Non binary,White - British,0,False,4,5,True,53,Female,Asian/British Asian - Pakistani,External Fostering,2024-03-15,2024-10-27,226,Allegation,17.5,False,False,1
8,Trans Male,White - British,3,True,4,4,True,51,Male,Asian/British Asian - Pakistani,In-House Fostering,2022-04-08,2023-08-02,481,Carer requests end,5.75,True,True,4
7,Female,White - British,5,True,0,5,True,50,Male,White - British,External Fostering,2022-07-27,2022-09-28,63,Allegation,0.54,False,False,6
6,Male,White - British,0,False,5,4,True,51,Female,White - British,In-House Fostering,2025-02-21,2025-05-20,88,Child requests end,13.33,True,True,1
9,Male,Asian/British Asian - Pakistani,0,False,7,5,True,55,Male,Asian/British Asian - Pakistani,In-House Fostering,2023-11-26,2024-02-22,88,Allegation,8.73,False,False,1
6,Female,White - British,2,True,5,0,False,51,Female,White - Central European,External Fostering,2022-03-26,2022-04-07,12,Carer requests end,0.7,True,False,3
4,Trans Female,White - Eastern European,4,True,5,4,True,53,Female,White - British,External Fostering,2024-02-28,2024-12-11,287,Behaviour concerns,12.26,False,True,5
6,Female,White - British,2,True,0,0,False,49,Male,Asian/British Asian - Pakistani,In-House Fostering,2023-11-04,2024-09-20,321,Allegation,14.19,True,True,3
8,Female,White - Other,4,True,2,1,False,55,Non binary,Asian/British Asian - Pakistani,External Fostering,2025-08-15,2025-09-24,40,Allegation,17.17,True,True,5
5,Female,Asian/British Asian - Bangladeshi,0,False,0,1,False,40,Female,White - British,Kinship,2024-08-23,2024-11-24,93,Placement stability concerns,2.12,True,False,1
12,Male,Asian/British Asian - Pakistani,0,False,7,3,True,39,Trans Female,Asian/British Asian - Pakistani,In-House Fostering,2022-11-01,2023-02-09,100,Planned move,9.23,True,False,1
14,Trans Male,White - British,0,False,1,0,False,37,Female,White - British,In-House Fostering,2025-05-01,2028-02-02,1007,Planned move,3.46,True,False,1
3,Female,White - British,0,False,5,5,True,39,Male,White - British,External Fostering,2024-02-18,2024-09-14,209,Behaviour concerns,18.11,False,True,1
7,Male,White - British,0,False,2,0,False,47,Male,Asian/British Asian - Pakistani,External Fostering,2025-05-07,2027-06-11,765,Planned move,15.4,True,True,1
13,Non binary,White - British,0,False,6,3,True,48,Female,White - British,External Fostering,2025-08-26,2025-10-08,43,Allegation,15.46,True,True,1
11,Male,Asian/British Asian - Pakistani,0,False,7,2,True,35,Trans Male,White - British,In-House Fostering,2022-09-20,2023-05-12,234,Placement stability concerns,11.9,True,False,1
10,Male,White - British,1,True,2,0,False,54,Female,White - British,In-House Fostering,2023-02-22,2023-03-30,36,Planned move,5.69,True,False,2
12,Non binary,Asian/British Asian - Pakistani,0,False,7,5,True,60,Female,White - British,In-House Fostering,2024-10-04,2025-04-09,187,Carer requests end,11.41,False,False,1
8,Trans Female,White - British,0,False,3,5,True,54,Male,White - Eastern European,In-House Fostering,2024-03-02,2027-04-04,1128,Allegation,6.95,False,True,1
8,Female,Asian/British Asian - Indian,0,False,4,1,False,53,Male,White - British,In-House Fostering,2023-05-20,2026-10-12,1241,Allegation,6.35,True,True,1
9,Female,White - Central European,3,True,3,1,False,44,Male,White - British,In-House Fostering,2022-03-02,2022-05-18,77,Placement stability concerns,4.11,True,False,4
11,Male,White - British,0,False,7,4,True,41,Male,White - British,Kinship,2023-08-22,2023-08-31,9,Child requests end,4.03,True,False,1
13,Trans Male,White - British,0,False,4,4,True,47,Male,Asian/British Asian - Pakistani,In-House Fostering,2024-11-29,2025-05-22,174,Carer requests end,8.68,True,True,1
4,Female,White - British,0,False,3,1,False,55,Female,White - British,External Fostering,2023-10-18,2032-01-10,3006,Allegation,4.16,False,False,1
9,Trans Male,White - British,3,True,5,5,True,39,Male,Asian/British Asian - Bangladeshi,External Fostering,2023-05-07,2023-06-03,27,Planned move,7.64,True,False,4
6,Female,White - British,1,True,1,0,False,53,Female,Asian/British Asian - Pakistani,External Fostering,2024-05-28,2024-07-26,59,Behaviour concerns,6.85,False,True,2
8,Male,White - Eastern European,1,True,2,0,False,53,Female,Asian/British Asian - Pakistani,External Fostering,2022-10-28,2024-10-07,710,Planned move,15.73,True,False,2
2,Female,White - British,5,True,7,0,False,37,Male,White - British,In-House Fostering,2023-08-04,2024-11-11,465,Child requests end,14.85,True,False,6
8,Non binary,Asian/British Asian - Pakistani,5,True,1,1,False,55,Male,Asian/British Asian - Pakistani,In-House Fostering,2023-08-25,2024-04-07,226,Placement stability concerns,16.33,True,False,6
8,Male,Asian/British Asian - Pakistani,0,False,5,5,True,60,Female,Asian/British Asian - Pakistani,Residential,2023-10-02,2024-02-05,126,Planned move,51.13,False,False,1
12,Male,Dual Heritage - Black/White,0,False,4,3,True,51,Female,White - British,External Fostering,2025-05-18,2026-09-28,498,Child requests end,15.71,False,False,1
11,Non binary,White - British,1,True,3,2,True,43,Male,White - British,In-House Fostering,2022-11-16,2024-03-20,490,Allegation,18.27,True,True,2
7,Non binary,White - British,3,True,6,1,False,41,Female,White - British,External Fostering,2024-12-28,2028-11-02,1405,Placement stability concerns,12.81,False,False,4
6,Trans Male,White - British,0,False,2,0,False,46,Male,White - British,In-House Fostering,2023-09-02,2027-09-25,1484,Child requests end,4.44,False,True,1
14,Male,White - British,5,True,4,3,True,45,Female,White - British,Kinship,2022-07-24,2023-06-04,315,Allegation,2.49,False,False,6
12,Male,White - British,0,False,4,1,False,42,Male,White - British,Kinship,2023-05-06,2024-06-30,421,Child requests end,2.29,False,False,1
6,Male,White - British,4,True,5,2,True,52,Female,White - British,In-House Fostering,2025-03-02,2025-07-01,121,Placement stability concerns,7.56,True,False,5
17,Male,White - Eastern European,0,False,4,2,True,46,Female,Asian/British Asian - Indian,External Fostering,2023-06-05,2024-12-17,561,Behaviour concerns,5.63,True,True,1
9,Male,Asian/British Asian - Pakistani,1,True,1,0,False,54,Male,Asian/British Asian - Pakistani,In-House Fostering,2025-07-20,2026-03-14,237,Child requests end,2.41,True,True,2
8,Trans Female,White - British,0,False,4,5,True,43,Male,Asian/British Asian - Bangladeshi,External Fostering,2025-01-18,2028-09-12,1333,Carer requests end,18.5,True,False,1
4,Male,White - British,0,False,6,5,True,48,Female,Asian/British Asian - Pakistani,Residential,2024-10-28,2027-06-18,963,Carer requests end,24.46,False,True,1
6,Female,Asian/British Asian - Other,0,False,2,5,True,38,Non binary,White - British,In-House Fostering,2025-01-26,2026-06-06,496,Child requests end,11.81,False,True,1
9,Trans Female,White - British,3,True,2,1,False,38,Trans Male,White - British,External Fostering,2024-10-03,2025-07-11,281,Behaviour concerns,18.72,True,True,4
11,Trans Male,White - British,0,False,4,3,True,41,Trans Male,Asian/British Asian - Pakistani,External Fostering,2023-12-22,2029-02-10,1877,Planned move,9.79,False,False,1
9,Male,Asian/British Asian - Pakistani,0,False,2,3,True,42,Male,White - British,Kinship,2024-04-04,2024-06-09,66,Planned move,1.09,False,False,1
8,Male,White - British,0,False,1,5,True,52,Female,White - British,In-House Fostering,2023-06-21,2023-08-26,66,Carer requests end,3.96,True,True,1
9,Female,White - British,0,False,5,2,True,58,Trans Female,Asian/British Asian - Pakistani,In-House Fostering,2023-11-09,2026-01-01,784,Carer requests end,10.29,False,True,1
6,Female,White - British,0,False,4,2,True,49,Female,Black/Black British - African,External Fostering,2022-03-14,2022-04-13,30,Behaviour concerns,13.83,False,True,1
11,Trans Female,Dual Heritage - Black/White,0,False,6,5,True,54,Trans Female,White - British,In-House Fostering,2025-07-31,2026-01-08,161,Placement stability concerns,19.77,True,False,1
11,Trans Male,Asian/British Asian - Pakistani,5,True,1,2,True,39,Female,White - British,In-House Fostering,2022-07-14,2023-04-10,270,Placement stability concerns,4.45,False,True,6
3,Male,Traveller - Other,5,True,4,5,True,56,Trans Male,White - British,Residential,2023-12-19,2024-11-01,318,Child requests end,87.21,False,True,6
14,Male,Asian/British Asian - Pakistani,0,False,1,4,True,41,Male,Asian/British Asian - Pakistani,External Fostering,2024-11-15,2024-11-30,15,Planned move,8.02,True,True,1
10,Male,White - Other,2,True,2,4,True,58,Trans Female,Mixed - White/Asian,External Fostering,2023-08-21,2025-09-19,760,Child requests end,4.19,True,False,3
7,Trans Male,Asian/British Asian - Pakistani,0,False,6,1,False,42,Non binary,Asian/British Asian - Pakistani,Kinship,2024-12-18,2025-02-09,53,Behaviour concerns,2.84,True,False,1
11,Trans Female,White - Central European,0,False,1,5,True,60,Non binary,Asian/British Asian - Pakistani,Kinship,2025-10-21,2025-12-31,71,Behaviour concerns,2.32,True,True,1
14,Male,White - Other,0,False,5,5,True,53,Non binary,Asian/British Asian - Pakistani,Kinship,2023-05-12,2023-12-04,206,Carer requests end,1.95,False,False,1
9,Male,White - British,0,False,4,1,False,43,Trans Female,White - British,External Fostering,2024-11-09,2025-06-24,227,Planned move,6.54,True,True,1
7,Male,Black/Black British - African,2,True,4,3,True,60,Male,White - British,In-House Fostering,2022-08-02,2023-05-12,283,Behaviour concerns,8.56,True,True,3
9,Male,Asian/British Asian - Indian,3,True,3,0,False,52,Male,White - British,External Fostering,2022-11-02,2023-01-01,60,Carer requests end,7.01,True,False,4
6,Male,Asian/British Asian - Bangladeshi,4,True,2,1,False,37,Trans Female,White - British,In-House Fostering,2024-08-19,2026-08-02,713,Allegation,12.14,False,False,5
11,Male,Dual Heritage - Black/White,4,True,5,3,True,49,Female,Asian/British Asian - Pakistani,External Fostering,2025-01-25,2025-10-23,271,Child requests end,0.62,True,True,5
8,Female,White - British,2,True,3,2,True,46,Trans Female,Mixed - White/Asian,External Fostering,2025-05-20,2025-06-19,30,Carer requests end,9.8,False,True,3
2,Female,White - British,0,False,5,2,True,55,Female,Asian/British Asian - Pakistani,External Fostering,2022-12-08,2023-03-02,84,Carer requests end,15.97,False,False,1
11,Female,White - British,0,False,0,0,False,43,Male,Asian/British Asian - Pakistani,In-House Fostering,2022-12-17,2025-01-20,765,Allegation,15.49,False,True,1
10,Trans Male,White - British,5,True,4,2,True,39,Female,Mixed - White/Asian,External Fostering,2024-11-24,2025-01-27,64,Planned move,14.53,False,True,6
10,Male,White - British,2,True,1,0,False,55,Female,Asian/British Asian - Pakistani,In-House Fostering,2025-05-07,2025-07-21,75,Behaviour concerns,18.05,False,False,3
8,Male,White - British,2,True,4,4,True,57,Female,Asian/British Asian - Pakistani,In-House Fostering,2023-05-04,2023-08-09,97,Behaviour concerns,8.13,True,False,3
0,Female,White - British,0,False,6,5,True,59,Female,Asian/British Asian - Pakistani,External Fostering,2023-02-11,2023-03-10,27,Allegation,9.12,True,True,1
11,Male,White - British,5,True,1,3,True,57,Female,White - British,In-House Fostering,2023-11-17,2024-09-15,303,Carer requests end,17.91,True,True,6
10,Female,Asian/British Asian - Pakistani,1,True,0,0,False,51,Female,Asian/British Asian - Pakistani,Kinship,2022-09-22,2024-01-24,489,Allegation,3.79,True,False,2
9,Male,White - British,5,True,4,3,True,55,Male,White - British,Kinship,2025-10-25,2026-12-11,412,Allegation,1.39,False,False,6
10,Female,White - British,0,False,2,1,False,42,Non binary,White - British,In-House Fostering,2024-03-10,2024-12-24,289,Planned move,16.11,False,True,1
15,Male,Asian/British Asian - Pakistani,0,False,2,0,False,59,Male,Asian/British Asian - Bangladeshi,External Fostering,2024-08-15,2025-03-08,205,Allegation,13.1,False,False,1
9,Trans Female,White - British,0,False,7,4,True,39,Male,White - British,External Fostering,2023-08-28,2024-12-19,479,Child requests end,16.79,True,True,1
8,Male,White - British,0,False,0,0,False,35,Male,Asian/British Asian - Pakistani,Kinship,2025-05-31,2025-11-05,158,Placement stability concerns,0.2,True,False,1
12,Female,White - British,4,True,4,4,True,56,Trans Male,White - British,External Fostering,2023-06-26,2025-07-06,741,Child requests end,8.8,True,False,5
7,Trans Male,White - British,1,True,1,2,True,37,Female,Asian/British Asian - Pakistani,External Fostering,2025-04-15,2025-06-13,59,Planned move,16.49,True,False,2
13,Male,White - British,0,False,0,1,False,47,Male,White - British,External Fostering,2023-09-19,2024-05-24,248,Allegation,0.11,False,False,1
8,Female,Asian/British Asian - Pakistani,0,False,3,0,False,41,Female,White - British,In-House Fostering,2023-07-02,2024-07-22,386,Placement stability concerns,1.87,False,False,1
6,Male,White - British,0,False,7,3,True,55,Female,Black/Black British - Caribbean,In-House Fostering,2022-07-26,2022-09-13,49,Allegation,7.22,True,False,1
6,Female,Asian/British Asian - Pakistani,1,True,5,5,True,58,Male,Asian/British Asian - Pakistani,Residential,2023-07-24,2023-11-16,115,Child requests end,94.42,True,False,2
13,Male,Black/Black British - African,0,False,7,4,True,45,Female,Asian/British Asian - Pakistani,In-House Fostering,2023-06-01,2023-12-24,206,Carer requests end,11.91,False,True,1
7,Female,White - British,0,False,3,3,True,39,Female,White - British,Residential,2023-09-19,2024-03-25,188,Planned move,21.92,False,False,1
12,Non binary,White - British,4,True,4,3,True,47,Female,White - British,External Fostering,2025-04-21,2025-05-05,14,Behaviour concerns,16.62,True,False,5
1,Female,Mixed - White/Asian,4,True,5,1,False,40,Trans Male,White - British,External Fostering,2024-09-06,2024-10-08,32,Carer requests end,9.28,False,False,5
6,Male,Asian/British Asian - Indian,1,True,2,3,True,44,Trans Female,White - British,In-House Fostering,2022-07-22,2022-09-24,64,Planned move,19.55,False,True,2
8,Non binary,White - British,1,True,5,4,True,38,Female,White - British,External Fostering,2022-03-23,2022-06-21,90,Allegation,11.37,True,False,2
0,Male,White - British,0,False,7,4,True,36,Non binary,White - British,Kinship,2024-02-13,2025-08-01,535,Placement stability concerns,3.05,True,True,1
10,Male,White - British,0,False,1,5,True,52,Trans Female,White - British,External Fostering,2024-09-06,2024-10-11,35,Carer requests end,8.96,False,True,1
12,Male,White - British,2,True,0,2,True,55,Female,Asian/British Asian - Pakistani,In-House Fostering,2022-09-23,2022-10-02,9,Allegation,2.93,True,True,3
12,Female,White - British,5,True,5,5,True,60,Trans Female,White - Eastern European,Residential,2023-12-12,2024-01-30,49,Child requests end,29.43,False,True,6
9,Trans Male,White - British,2,True,2,5,True,49,Trans Male,White - British,In-House Fostering,2025-08-13,2026-03-17,216,Allegation,16.44,False,True,3
5,Female,White - British,4,True,2,2,True,52,Female,White - British,Kinship,2022-10-02,2024-01-07,462,Carer requests end,2.23,False,True,5
7,Trans Male,White - British,5,True,6,5,True,37,Trans Female,White - Central European,Residential,2024-07-22,2025-01-14,176,Child requests end,41.74,True,False,6
12,Female,Mixed - White/Black Caribbean,1,True,5,5,True,58,Male,Asian/British Asian - Indian,In-House Fostering,2023-02-14,2027-12-03,1753,Planned move,10.56,False,True,2
12,Male,White - British,0,False,2,1,False,47,Male,White - British,External Fostering,2024-06-14,2024-10-05,113,Planned move,15.0,False,True,1
10,Trans Male,White - British,2,True,5,4,True,59,Male,Black/Black British - African,External Fostering,2022-01-31,2022-02-06,6,Planned move,11.92,True,True,3
8,Female,White - Other,0,False,0,1,False,51,Male,White - British,External Fostering,2025-05-17,2027-05-25,738,Behaviour concerns,9.45,True,True,1
7,Male,White - Central European,4,True,0,4,True,58,Trans Male,White - Eastern European,External Fostering,2024-04-18,2026-08-30,864,Planned move,10.66,False,False,5
8,Trans Male,White - British,0,False,0,1,False,57,Female,Asian/British Asian - Bangladeshi,In-House Fostering,2025-01-04,2028-05-03,1215,Placement stability concerns,19.89,True,False,1
6,Non binary,White - British,0,False,6,5,True,53,Non binary,White - British,External Fostering,2024-07-16,2024-09-16,62,Planned move,5.57,True,False,1
11,Female,White - Eastern European,1,True,5,2,True,39,Male,White - British,Kinship,2022-06-16,2022-08-14,59,Allegation,2.1,False,True,2
8,Female,Asian/British Asian - Other,0,False,0,1,False,35,Male,White - British,External Fostering,2025-04-16,2026-06-02,412,Child requests end,16.69,True,True,1
11,Trans Male,White - British,0,False,0,3,True,41,Female,White - Eastern European,In-House Fostering,2023-06-20,2023-07-24,34,Placement stability concerns,10.15,True,True,1
7,Non binary,White - Central European,2,True,0,0,False,58,Female,Asian/British Asian - Pakistani,In-House Fostering,2023-07-28,2023-11-13,108,Placement stability concerns,8.34,True,False,3
10,Trans Female,White - Eastern European,0,False,3,3,True,40,Male,Asian/British Asian - Pakistani,External Fostering,2025-09-26,2028-01-05,831,Placement stability concerns,3.83,False,True,1
11,Trans Female,Asian/British Asian - Pakistani,0,False,0,1,False,59,Male,White - British,In-House Fostering,2023-03-20,2024-03-15,361,Placement stability concerns,1.7,False,True,1
6,Male,White - British,0,False,5,1,False,42,Male,White - British,External Fostering,2023-12-13,2024-01-10,28,Carer requests end,1.29,True,False,1
4,Female,White - British,0,False,1,4,True,51,Female,White - British,Kinship,2024-07-07,2024-11-07,123,Placement stability concerns,0.56,False,False,1
4,Male,Asian/British Asian - Indian,0,False,0,5,True,45,Trans Male,Asian/British Asian - Pakistani,External Fostering,2022-10-24,2022-11-10,17,Allegation,0.55,False,True,1
7,Female,Asian/British Asian - Pakistani,1,True,2,3,True,57,Male,Dual Heritage - Black/White,External Fostering,2024-09-17,2024-10-08,21,Carer requests end,12.74,False,False,2
7,Male,White - Central European,0,False,3,2,True,42,Female,Traveller of Irish Heritage,Residential,2024-06-30,2024-08-20,51,Child requests end,85.45,False,True,1
4,Male,Traveller - Other,2,True,3,5,True,42,Female,Asian/British Asian - Pakistani,In-House Fostering,2022-02-05,2023-04-22,441,Planned move,1.57,True,True,3
1,Trans Female,White - British,2,True,3,4,True,41,Female,White - British,In-House Fostering,2023-06-22,2023-08-15,54,Placement stability concerns,8.51,False,True,3
11,Non binary,White - British,3,True,3,1,False,58,Male,Black/Black British - Other,In-House Fostering,2022-07-29,2025-09-16,1145,Planned move,2.63,True,True,4
17,Female,Mixed - White/Black African,0,False,3,2,True,51,Female,White - British,In-House Fostering,2022-03-19,2022-03-22,3,Carer requests end,10.86,False,True,1
12,Male,Asian/British Asian - Bangladeshi,0,False,4,5,True,39,Female,White - British,In-House Fostering,2025-01-01,2026-03-06,429,Placement stability concerns,7.8,False,False,1
7,Male,Asian/British Asian - Pakistani,0,False,5,2,True,51,Female,White - British,In-House Fostering,2024-01-21,2024-04-28,98,Placement stability concerns,9.81,True,True,1
4,Female,White - Eastern European,0,False,6,1,False,53,Female,Black/Black British - African,External Fostering,2025-02-09,2028-02-12,1098,Placement stability concerns,14.66,False,True,1
16,Female,Asian/British Asian - Bangladeshi,0,False,4,4,True,50,Female,White - British,External Fostering,2025-04-09,2032-08-21,2691,Placement stability concerns,12.66,False,False,1
9,Male,White - British,4,True,4,1,False,57,Male,Mixed - Other,In-House Fostering,2025-05-06,2025-06-11,36,Child requests end,16.88,False,True,5
10,Female,White - British,5,True,1,0,False,55,Male,Dual Heritage - Black/White,In-House Fostering,2023-10-22,2024-04-09,170,Child requests end,18.79,True,True,6
6,Male,White - British,4,True,5,0,False,46,Non binary,White - British,External Fostering,2024-11-04,2025-05-20,197,Allegation,13.25,False,True,5
8,Female,White - British,0,False,4,0,False,36,Female,White - British,In-House Fostering,2023-10-19,2024-01-02,75,Behaviour concerns,1.5,True,False,1
7,Male,White - British,0,False,1,4,True,39,Female,White - Central European,Kinship,2025-02-22,2027-11-18,999,Allegation,0.06,False,False,1
11,Female,White - British,0,False,4,5,True,52,Female,White - British,External Fostering,2022-08-24,2023-04-05,224,Carer requests end,14.91,False,True,1
11,Male,White - British,5,True,5,5,True,35,Female,White - British,In-House Fostering,2022-12-09,2023-03-23,104,Carer requests end,11.39,False,False,6
10,Male,White - British,4,True,2,5,True,37,Male,White - British,In-House Fostering,2024-08-25,2025-11-08,440,Carer requests end,10.28,False,False,5
8,Male,Mixed - Other,0,False,7,1,False,43,Female,White - Central European,Residential,2023-03-05,2024-05-21,443,Carer requests end,37.81,False,True,1
9,Female,White - British,0,False,4,1,False,42,Trans Female,Asian/British Asian - Bangladeshi,In-House Fostering,2024-12-10,2027-03-01,811,Behaviour concerns,5.75,True,True,1
9,Male,White - British,2,True,3,3,True,42,Trans Female,White - British,In-House Fostering,2025-07-06,2025-07-15,9,Placement stability concerns,7.79,False,True,3
7,Male,White - Central European,0,False,0,1,False,45,Trans Male,White - British,External Fostering,2024-06-30,2027-09-25,1182,Placement stability concerns,3.68,True,True,1
1,Female,White - British,5,True,0,2,True,44,Male,White - British,Residential,2024-04-25,2024-11-12,201,Behaviour concerns,33.52,True,True,6
7,Trans Female,White - British,0,False,5,2,True,48,Trans Male,White - British,External Fostering,2024-02-02,2024-04-29,87,Planned move,19.78,True,False,1
7,Female,White - British,5,True,5,0,False,39,Male,White - Eastern European,Kinship,2022-07-21,2024-07-28,738,Carer requests end,1.66,False,False,6
6,Female,White - British,3,True,7,5,True,40,Female,White - British,In-House Fostering,2023-04-23,2025-03-01,678,Placement stability concerns,9.48,True,True,4
8,Male,White - British,0,False,7,5,True,39,Trans Female,Asian/British Asian - Pakistani,In-House Fostering,2022-08-12,2023-04-19,250,Allegation,6.76,False,True,1
11,Female,White - British,4,True,5,2,True,56,Male,White - British,External Fostering,2022-09-07,2023-02-18,164,Carer requests end,1.08,True,False,5
7,Male,White - Central European,4,True,6,2,True,42,Trans Female,Asian/British Asian - Pakistani,External Fostering,2024-09-05,2026-11-03,789,Carer requests end,17.57,False,True,5
6,Female,White - British,0,False,1,5,True,40,Female,Black/Black British - African,Kinship,2024-06-14,2025-04-13,303,Child requests end,2.51,True,False,1
12,Female,Asian/British Asian - Pakistani,1,True,5,4,True,56,Trans Female,White - British,In-House Fostering,2023-03-17,2023-05-24,68,Allegation,1.66,True,True,2
5,Male,White - British,0,False,7,2,True,50,Female,White - British,In-House Fostering,2023-04-03,2025-06-09,798,Carer requests end,12.75,True,False,1
6,Male,Asian/British Asian - Pakistani,2,True,7,4,True,44,Male,Asian/British Asian - Pakistani,In-House Fostering,2023-12-25,2024-02-20,57,Planned move,5.67,False,True,3
7,Female,Dual Heritage - Black/White,3,True,7,5,True,36,Male,Asian/British Asian - Pakistani,In-House Fostering,2025-06-22,2027-11-06,867,Child requests end,17.54,False,False,4
10,Trans Female,White - British,3,True,2,4,True,60,Trans Female,Asian/British Asian - Indian,Kinship,2024-01-03,2024-07-18,197,Behaviour concerns,0.0,False,False,4
6,Female,Asian/British Asian - Pakistani,0,False,0,1,False,53,Female,Asian/British Asian - Pakistani,In-House Fostering,2023-05-09,2031-12-16,3143,Allegation,18.12,False,True,1
7,Female,White - British,2,True,3,1,False,45,Female,White - British,Residential,2023-10-19,2024-05-09,203,Child requests end,69.6,True,False,3
15,Male,Black/Black British - Caribbean,0,False,4,2,True,35,Trans Male,Asian/British Asian - Pakistani,External Fostering,2024-11-04,2026-12-12,768,Placement stability concerns,16.83,True,True,1
11,Male,White - British,1,True,4,4,True,55,Male,White - British,External Fostering,2022-04-21,2023-07-07,442,Carer requests end,6.12,True,True,2
14,Male,Asian/British Asian - Pakistani,2,True,1,2,True,41,Female,White - British,In-House Fostering,2024-08-21,2024-10-05,45,Carer requests end,17.68,False,False,3
8,Male,White - British,1,True,6,5,True,59,Trans Male,Asian/British Asian - Pakistani,In-House Fostering,2023-11-28,2023-12-04,6,Planned move,18.11,True,False,2
11,Female,White - Eastern European,2,True,5,0,False,36,Female,White - British,External Fostering,2022-06-02,2032-02-23,3553,Placement stability concerns,2.53,True,False,3
5,Trans Female,White - Eastern European,0,False,3,1,False,55,Female,Asian/British Asian - Pakistani,External Fostering,2023-04-01,2023-04-12,11,Carer requests end,3.26,False,False,1
9,Male,Asian/British Asian - Pakistani,5,True,4,1,False,58,Female,White - British,In-House Fostering,2023-01-05,2023-04-14,99,Child requests end,2.28,True,False,6
9,Male,Asian/British Asian - Pakistani,3,True,5,3,True,56,Female,White - British,Kinship,2025-03-24,2026-07-31,494,Allegation,1.52,False,True,4
8,Male,White - British,0,False,7,4,True,43,Male,White - British,External Fostering,2023-01-22,2025-04-21,820,Placement stability concerns,10.03,False,True,1
13,Male,White - British,0,False,1,2,True,35,Male,Asian/British Asian - Other,External Fostering,2025-08-25,2025-11-08,75,Placement stability concerns,15.46,False,True,1
9,Female,Asian/British Asian - Pakistani,4,True,1,1,False,58,Non binary,Asian/British Asian - Bangladeshi,External Fostering,2023-12-09,2027-07-26,1325,Child requests end,14.67,True,True,5
5,Male,Black/Black British - Caribbean,0,False,6,0,False,45,Female,Asian/British Asian - Indian,External Fostering,2025-01-17,2025-04-05,78,Child requests end,0.53,True,False,1
9,Trans Male,Asian/British Asian - Indian,0,False,3,3,True,45,Trans Male,White - Irish,Residential,2024-03-02,2024-10-14,226,Planned move,44.88,False,False,1
10,Male,Asian/British Asian - Pakistani,0,False,7,5,True,38,Female,Asian/British Asian - Pakistani,Kinship,2025-04-30,2025-08-09,101,Carer requests end,1.67,True,True,1
9,Trans Female,Asian/British Asian - Pakistani,0,False,3,5,True,60,Female,White - British,In-House Fostering,2022-03-22,2025-03-17,1091,Allegation,2.13,True,False,1
8,Female,Asian/British Asian - Pakistani,1,True,6,2,True,47,Trans Female,Asian/British Asian - Pakistani,External Fostering,2024-09-24,2024-12-25,92,Child requests end,7.5,False,False,2
3,Male,Asian/British Asian - Bangladeshi,0,False,5,5,True,55,Trans Female,White - Central European,Kinship,2022-09-26,2022-11-22,57,Carer requests end,2.15,True,True,1
11,Non binary,White - Central European,2,True,0,1,False,43,Female,Asian/British Asian - Pakistani,External Fostering,2024-02-26,2026-01-29,703,Carer requests end,18.8,True,False,3
6,Trans Female,White - British,1,True,5,0,False,60,Female,White - British,In-House Fostering,2025-09-14,2026-03-14,181,Planned move,12.32,False,True,2
4,Trans Male,White - British,4,True,0,0,False,40,Male,White - British,In-House Fostering,2023-09-29,2024-04-14,198,Planned move,3.11,True,False,5
12,Female,White - British,0,False,5,4,True,39,Male,White - British,External Fostering,2025-04-22,2025-04-23,1,Behaviour concerns,4.49,False,False,1
12,Trans Male,Asian/British Asian - Indian,1,True,6,0,False,57,Male,White - Central European,Kinship,2022-03-24,2023-03-04,345,Placement stability concerns,4.52,False,False,2
7,Male,White - British,1,True,5,2,True,46,Female,White - Other,In-House Fostering,2025-03-04,2025-03-11,7,Planned move,2.45,True,False,2
5,Female,White - British,0,False,7,2,True,44,Male,White - British,External Fostering,2022-04-11,2022-04-20,9,Behaviour concerns,5.21,False,True,1
12,Male,White - British,0,False,5,0,False,35,Male,Traveller - Other,In-House Fostering,2023-07-25,2024-02-18,208,Planned move,16.16,False,False,1
5,Female,White - British,3,True,5,0,False,38,Female,White - British,In-House Fostering,2023-07-01,2023-08-17,47,Child requests end,0.61,False,False,4
4,Female,Asian/British Asian - Pakistani,1,True,2,3,True,49,Female,White - British,External Fostering,2025-10-01,2025-12-05,65,Child requests end,1.51,False,False,2
6,Male,White - British,5,True,7,2,True,41,Trans Male,White - British,External Fostering,2024-08-12,2025-02-24,196,Behaviour concerns,6.31,True,True,6
9,Male,White - British,2,True,6,5,True,40,Trans Female,White - British,External Fostering,2023-11-21,2024-05-15,176,Planned move,8.65,True,True,3
2,Male,Asian/British Asian - Pakistani,0,False,6,3,True,49,Female,White - British,In-House Fostering,2022-02-05,2022-05-11,95,Planned move,9.32,False,True,1
9,Female,White - British,3,True,7,0,False,42,Female,Gypsy / Roma,External Fostering,2022-04-27,2022-10-18,174,Carer requests end,11.69,False,False,4
4,Male,White - British,0,False,2,1,False,37,Trans Female,White - British,In-House Fostering,2024-07-19,2024-09-14,57,Child requests end,17.31,False,False,1
10,Non binary,White - British,0,False,4,4,True,52,Female,Asian/British Asian - Bangladeshi,External Fostering,2023-02-13,2026-10-19,1344,Allegation,17.16,True,True,1
6,Female,White - British,3,True,6,3,True,57,Female,White - British,In-House Fostering,2024-10-14,2027-11-28,1140,Planned move,0.39,False,False,4
9,Female,White - British,0,False,5,5,True,43,Male,White - British,External Fostering,2022-03-28,2023-03-07,344,Allegation,15.39,False,True,1
9,Trans Female,White - British,3,True,1,0,False,59,Female,White - Central European,In-House Fostering,2024-03-16,2025-03-31,380,Carer requests end,18.86,False,False,4
8,Female,Asian/British Asian - Bangladeshi,0,False,4,4,True,56,Trans Female,White - British,In-House Fostering,2023-06-25,2023-12-19,177,Placement stability concerns,5.15,False,True,1
12,Trans Male,White - British,3,True,7,1,False,57,Male,White - British,In-House Fostering,2025-08-20,2026-06-14,298,Child requests end,16.64,True,False,4
9,Trans Female,Black/Black British - African,0,False,4,5,True,43,Female,Asian/British Asian - Pakistani,In-House Fostering,2024-09-08,2028-10-16,1499,Planned move,2.05,True,True,1
6,Trans Male,White - British,5,True,1,5,True,49,Female,White - Central European,In-House Fostering,2022-10-16,2026-11-08,1484,Child requests end,17.46,True,False,6
0,Trans Female,White - British,0,False,0,1,False,59,Female,White - Eastern European,Kinship,2024-01-10,2024-07-23,195,Carer requests end,1.56,False,True,1
7,Male,White - British,0,False,1,5,True,52,Trans Female,White - Eastern European,Kinship,2025-03-09,2026-02-16,344,Placement stability concerns,3.21,True,False,1
12,Trans Male,Asian/British Asian - Pakistani,0,False,2,1,False,41,Male,White - British,External Fostering,2023-09-11,2023-12-10,90,Carer requests end,10.5,False,True,1
4,Male,White - British,0,False,2,2,True,39,Female,Asian/British Asian - Pakistani,In-House Fostering,2023-02-06,2024-07-28,538,Behaviour concerns,16.68,True,True,1
15,Trans Male,White - British,0,False,0,0,False,57,Female,White - British,Kinship,2023-06-03,2023-06-14,11,Carer requests end,3.48,True,True,1
6,Female,Black/Black British - African,0,False,1,1,False,35,Female,White - Central European,In-House Fostering,2025-10-09,2025-12-02,54,Child requests end,9.69,True,True,1
7,Trans Female,Asian/British Asian - Pakistani,0,False,3,3,True,40,Trans Male,White - British,In-House Fostering,2024-03-05,2024-06-02,89,Behaviour concerns,7.05,False,False,1
10,Male,White - British,4,True,4,2,True,50,Male,Asian/British Asian - Pakistani,External Fostering,2022-08-04,2023-11-15,468,Placement stability concerns,5.33,True,False,5
8,Female,Asian/British Asian - Pakistani,5,True,4,4,True,45,Female,White - British,External Fostering,2022-02-01,2022-08-20,200,Carer requests end,19.23,True,False,6
9,Trans Male,Asian/British Asian - Pakistani,4,True,5,2,True,39,Male,White - British,Kinship,2022-05-16,2032-09-21,3781,Behaviour concerns,3.67,True,True,5
5,Female,White - British,0,False,4,0,False,39,Female,White - British,External Fostering,2022-06-12,2022-07-31,49,Behaviour concerns,17.06,False,False,1
14,Trans Female,Black/Black British - African,0,False,2,3,True,35,Female,Dual Heritage - Black/White,External Fostering,2023-01-27,2024-11-12,655,Planned move,15.28,False,False,1
4,Female,White - British,0,False,3,1,False,36,Male,Asian/British Asian - Bangladeshi,In-House Fostering,2022-09-08,2023-07-25,320,Allegation,5.99,True,True,1
8,Female,White - Eastern European,3,True,4,2,True,35,Female,Asian/British Asian - Pakistani,External Fostering,2025-02-16,2026-01-10,328,Carer requests end,9.3,False,False,4
12,Female,White - Other,3,True,7,2,True,50,Female,Asian/British Asian - Pakistani,Kinship,2024-09-20,2024-09-23,3,Allegation,3.47,True,False,4
10,Female,White - British,0,False,6,5,True,58,Female,White - Central European,External Fostering,2024-08-17,2025-04-25,251,Child requests end,10.77,True,True,1
5,Non binary,Asian/British Asian - Pakistani,1,True,3,5,True,42,Male,Mixed - White/Black Caribbean,External Fostering,2022-02-09,2022-05-10,90,Child requests end,6.37,True,False,2
9,Male,White - British,2,True,5,5,True,60,Male,Asian/British Asian - Pakistani,Residential,2025-08-24,2029-06-13,1389,Carer requests end,94.38,False,True,3
16,Male,White - British,0,False,1,4,True,37,Female,White - British,Residential,2024-02-21,2030-03-04,2203,Child requests end,35.48,True,True,1
9,Trans Male,White - British,2,True,7,1,False,46,Male,Asian/British Asian - Pakistani,In-House Fostering,2023-11-16,2026-01-09,785,Allegation,7.94,True,True,3
7,Female,Asian/British Asian - Pakistani,3,True,7,5,True,36,Male,White - British,Kinship,2025-05-14,2025-08-22,100,Behaviour concerns,1.6,True,False,4
11,Female,Asian/British Asian - Pakistani,0,False,1,2,True,47,Male,White - British,External Fostering,2024-02-16,2024-03-10,23,Child requests end,6.44,True,True,1
9,Non binary,White - British,0,False,2,4,True,50,Female,White - British,In-House Fostering,2023-06-17,2023-06-20,3,Carer requests end,6.84,False,False,1
8,Male,Asian/British Asian - Pakistani,0,False,3,3,True,58,Male,Asian/British Asian - Pakistani,In-House Fostering,2022-03-10,2024-06-01,814,Allegation,15.58,False,True,1
6,Female,Asian/British Asian - Pakistani,0,False,6,4,True,51,Male,White - British,External Fostering,2025-05-16,2025-08-02,78,Behaviour concerns,15.81,True,False,1
8,Male,Mixed - White/Black Caribbean,2,True,2,3,True,54,Female,Asian/British Asian - Pakistani,In-House Fostering,2025-08-27,2025-09-09,13,Allegation,16.2,True,True,3
7,Non binary,Asian/British Asian - Pakistani,1,True,1,3,True,46,Male,White - British,In-House Fostering,2024-05-05,2024-06-30,56,Placement stability concerns,19.39,True,False,2
4,Female,Asian/British Asian - Indian,0,False,2,3,True,56,Female,Mixed - Other,External Fostering,2022-10-20,2022-12-22,63,Allegation,14.77,True,True,1
12,Male,White - British,1,True,1,1,False,49,Male,Asian/British Asian - Pakistani,In-House Fostering,2022-08-21,2022-11-19,90,Allegation,16.18,False,True,2
8,Female,White - British,1,True,2,2,True,58,Trans Male,White - British,In-House Fostering,2023-08-25,2023-10-05,41,Behaviour concerns,1.74,False,True,2
0,Male,Gypsy / Roma,3,True,7,3,True,43,Trans Female,White - British,External Fostering,2023-08-19,2023-11-12,85,Placement stability concerns,8.12,True,True,4
6,Female,Asian/British Asian - Indian,0,False,7,0,False,41,Male,White - British,In-House Fostering,2022-07-21,2022-09-04,45,Allegation,1.79,True,True,1
5,Male,Asian/British Asian - Pakistani,0,False,5,0,False,49,Female,White - British,In-House Fostering,2025-07-25,2025-10-28,95,Allegation,7.48,False,False,1
5,Male,White - British,4,True,2,1,False,45,Trans Male,White - Other,External Fostering,2024-01-20,2024-03-15,55,Child requests end,12.03,True,True,5
8,Male,Asian/British Asian - Pakistani,1,True,0,2,True,53,Female,White - British,In-House Fostering,2022-02-01,2022-07-04,153,Planned move,12.62,False,True,2
11,Male,Asian/British Asian - Pakistani,5,True,4,0,False,56,Male,White - British,Residential,2023-08-30,2024-06-26,301,Placement stability concerns,61.01,False,True,6
8,Female,Asian/British Asian - Pakistani,3,True,5,4,True,57,Male,White - British,In-House Fostering,2025-09-21,2025-10-05,14,Child requests end,15.62,True,False,4
6,Female,White - British,4,True,5,0,False,57,Male,Asian/British Asian - Pakistani,In-House Fostering,2023-02-17,2023-07-04,137,Behaviour concerns,19.48,False,False,5
6,Trans Female,White - British,3,True,0,4,True,59,Female,White - Central European,External Fostering,2024-10-29,2025-02-12,106,Placement stability concerns,13.44,True,False,4
7,Trans Male,White - British,0,False,2,3,True,57,Female,Asian/British Asian - Pakistani,In-House Fostering,2024-06-03,2024-08-13,71,Placement stability concerns,8.06,True,False,1
4,Female,White - British,0,False,3,2,True,60,Male,White - British,In-House Fostering,2025-01-02,2026-05-26,509,Behaviour concerns,14.12,True,False,1
6,Trans Male,White - British,2,True,6,3,True,52,Male,Asian/British Asian - Pakistani,In-House Fostering,2023-09-27,2023-11-02,36,Behaviour concerns,15.6,True,False,3
12,Female,White - British,1,True,5,1,False,36,Female,White - British,In-House Fostering,2023-11-06,2023-11-27,21,Planned move,19.81,True,True,2
10,Female,White - British,0,False,5,3,True,50,Male,White - British,In-House Fostering,2024-09-23,2026-01-16,480,Placement stability concerns,18.66,True,True,1
5,Trans Female,White - British,5,True,4,4,True,43,Male,White - British,In-House Fostering,2024-03-21,2025-01-22,307,Carer requests end,15.37,True,False,6
10,Male,White - Central European,5,True,4,0,False,52,Female,White - British,In-House Fostering,2025-02-10,2026-03-06,389,Behaviour concerns,4.74,False,False,6
6,Female,White - British,2,True,0,3,True,43,Female,White - British,In-House Fostering,2025-04-08,2025-12-13,249,Behaviour concerns,19.5,True,True,3
2,Female,White - Other,5,True,5,5,True,55,Male,White - Eastern European,In-House Fostering,2022-05-27,2022-12-05,192,Carer requests end,3.32,True,True,6
2,Female,White - British,3,True,5,3,True,59,Non binary,Asian/British Asian - Indian,Kinship,2024-11-17,2025-08-13,269,Carer requests end,0.69,True,False,4
11,Female,White - British,0,False,1,2,True,36,Female,White - Other,In-House Fostering,2024-04-05,2025-03-25,354,Allegation,17.57,False,True,1
3,Male,Black/Black British - African,4,True,2,4,True,52,Female,Asian/British Asian - Pakistani,In-House Fostering,2022-01-13,2023-01-09,361,Behaviour concerns,11.42,False,False,5
6,Male,White - British,0,False,2,5,True,43,Trans Female,Asian/British Asian - Pakistani,In-House Fostering,2025-08-17,2025-10-05,49,Allegation,9.69,True,False,1
3,Female,White - British,5,True,5,1,False,44,Female,Asian/British Asian - Pakistani,Kinship,2023-07-13,2023-07-21,8,Planned move,4.74,False,True,6
7,Male,White - British,0,False,0,5,True,53,Male,Asian/British Asian - Pakistani,External Fostering,2023-06-09,2023-08-24,76,Carer requests end,10.0,False,False,1
11,Trans Male,White - British,4,True,2,1,False,56,Trans Male,White - British,In-House Fostering,2023-10-31,2024-08-10,284,Allegation,14.67,True,False,5
10,Trans Male,Asian/British Asian - Pakistani,0,False,6,3,True,41,Female,Asian/British Asian - Pakistani,Kinship,2022-12-25,2023-02-13,50,Allegation,2.74,False,True,1
2,Male,White - British,4,True,7,2,True,48,Female,Gypsy / Roma,In-House Fostering,2023-08-03,2023-09-07,35,Placement stability concerns,13.73,False,True,5
11,Male,White - British,0,False,0,2,True,45,Trans Male,White - British,Kinship,2022-11-13,2023-12-31,413,Allegation,1.29,False,True,1
10,Female,White - British,4,True,7,1,False,56,Male,White - British,In-House Fostering,2022-01-26,2022-03-20,53,Placement stability concerns,10.61,False,False,5
9,Trans Female,White - British,0,False,6,4,True,38,Trans Female,Mixed - White/Asian,External Fostering,2025-09-20,2026-06-13,266,Behaviour concerns,5.46,True,True,1
7,Female,Asian/British Asian - Pakistani,5,True,7,2,True,54,Non binary,White - Central European,In-House Fostering,2022-01-11,2022-10-31,293,Allegation,11.71,False,False,6
9,Female,White - British,2,True,6,4,True,50,Female,Asian/British Asian - Other,Residential,2022-10-22,2023-04-24,184,Allegation,31.33,True,False,3
4,Non binary,Asian/British Asian - Pakistani,2,True,5,0,False,44,Male,Traveller - Other,External Fostering,2022-04-25,2022-09-19,147,Placement stability concerns,19.11,True,True,3
6,Female,White - British,0,False,3,2,True,35,Male,Asian/British Asian - Pakistani,Kinship,2025-07-16,2025-08-01,16,Behaviour concerns,4.41,True,False,1
7,Male,White - British,1,True,1,4,True,39,Male,Asian/British Asian - Pakistani,Kinship,2022-08-19,2023-03-30,223,Behaviour concerns,0.2,True,False,2
7,Female,White - Central European,0,False,0,5,True,44,Trans Female,Asian/British Asian - Pakistani,In-House Fostering,2024-03-13,2025-05-20,433,Carer requests end,5.31,True,False,1
7,Female,Asian/British Asian - Pakistani,0,False,7,1,False,57,Non binary,White - British,In-House Fostering,2022-06-20,2025-08-09,1146,Behaviour concerns,14.36,True,False,1
7,Male,Asian/British Asian - Pakistani,0,False,3,2,True,55,Non binary,Asian/British Asian - Pakistani,Kinship,2023-12-31,2024-02-24,55,Carer requests end,4.78,False,False,1
13,Female,Black/Black British - African,2,True,0,3,True,45,Male,White - Central European,External Fostering,2022-10-18,2025-03-24,888,Allegation,9.24,True,True,3
2,Male,White - British,0,False,5,3,True,35,Male,White - British,External Fostering,2023-08-16,2025-04-27,620,Allegation,11.42,False,False,1
6,Male,Asian/British Asian - Pakistani,0,False,1,3,True,48,Female,Asian/British Asian - Pakistani,In-House Fostering,2024-09-24,2024-10-24,30,Allegation,11.49,False,False,1
6,Male,White - Central European,2,True,0,4,True,54,Female,White - British,External Fostering,2024-09-29,2025-09-19,355,Carer requests end,16.34,False,False,3
7,Trans Female,White - British,0,False,6,5,True,56,Trans Male,Traveller - Other,Kinship,2023-01-11,2024-04-07,452,Planned move,1.69,True,True,1
9,Female,White - British,0,False,7,4,True,45,Non binary,White - Other,External Fostering,2024-04-21,2025-07-12,447,Planned move,7.73,False,False,1
13,Trans Male,Mixed - White/Asian,5,True,5,2,True,48,Female,Black/Black British - Caribbean,In-House Fostering,2024-02-12,2024-02-23,11,Carer requests end,14.58,True,True,6
7,Trans Female,Black/Black British - African,0,False,1,2,True,57,Male,White - British,In-House Fostering,2024-11-17,2025-02-06,81,Carer requests end,6.46,True,True,1
15,Male,White - British,5,True,3,0,False,51,Female,Traveller - Other,Kinship,2024-06-07,2024-08-07,61,Child requests end,0.93,True,True,6
16,Female,White - British,1,True,5,3,True,60,Male,White - British,External Fostering,2023-03-07,2023-06-12,97,Behaviour concerns,12.71,True,True,2
8,Female,Asian/British Asian - Pakistani,2,True,2,2,True,40,Female,White - British,Kinship,2022-09-23,2022-10-09,16,Allegation,0.07,False,True,3
8,Female,White - Central European,5,True,1,3,True,57,Female,White - British,External Fostering,2025-02-05,2025-04-26,80,Allegation,17.59,False,True,6
10,Trans Female,White - British,0,False,3,1,False,46,Male,White - British,External Fostering,2024-07-16,2025-06-27,346,Placement stability concerns,10.89,True,True,1
14,Trans Male,White - British,5,True,2,5,True,37,Trans Female,Asian/British Asian - Pakistani,Residential,2022-06-26,2025-12-12,1265,Behaviour concerns,13.67,False,False,6
1,Female,White - British,0,False,0,5,True,56,Male,Asian/British Asian - Indian,External Fostering,2022-06-19,2029-10-05,2665,Child requests end,14.89,True,True,1
11,Female,Asian/British Asian - Pakistani,1,True,7,3,True,42,Female,White - British,In-House Fostering,2024-06-16,2025-09-19,460,Placement stability concerns,5.53,True,False,2
7,Female,Asian/British Asian - Pakistani,2,True,2,2,True,50,Female,White - British,External Fostering,2024-10-06,2024-11-02,27,Behaviour concerns,12.26,True,False,3
8,Non binary,White - British,5,True,3,3,True,53,Female,Asian/British Asian - Bangladeshi,External Fostering,2023-08-02,2025-10-02,792,Carer requests end,19.06,True,True,6
4,Trans Female,White - British,4,True,6,5,True,59,Male,Asian/British Asian - Indian,Residential,2022-07-28,2024-04-12,624,Placement stability concerns,55.0,True,True,5
0,Female,Asian/British Asian - Pakistani,4,True,0,1,False,53,Female,Asian/British Asian - Pakistani,In-House Fostering,2023-05-01,2024-02-18,293,Behaviour concerns,15.2,False,True,5
9,Male,White - Eastern European,5,True,3,1,False,43,Female,Asian/British Asian - Pakistani,External Fostering,2023-11-14,2023-12-16,32,Allegation,8.97,True,False,6
11,Male,White - British,0,False,7,3,True,46,Male,White - British,Kinship,2023-06-03,2023-09-06,95,Child requests end,1.74,True,True,1
7,Male,White - British,0,False,1,5,True,55,Trans Female,White - British,In-House Fostering,2025-03-17,2025-12-11,269,Allegation,13.09,True,False,1
9,Trans Male,White - British,0,False,3,0,False,38,Female,Black/Black British - African,External Fostering,2023-03-25,2024-04-02,374,Placement stability concerns,11.72,False,False,1
8,Trans Female,Asian/British Asian - Other,1,True,1,2,True,38,Male,White - British,In-House Fostering,2024-09-04,2024-11-03,60,Behaviour concerns,2.34,False,True,2
0,Male,White - British,3,True,6,0,False,44,Female,White - Irish,In-House Fostering,2023-07-03,2023-09-13,72,Behaviour concerns,6.65,False,False,4
12,Male,White - British,0,False,5,1,False,47,Female,Asian/British Asian - Pakistani,Kinship,2023-08-04,2024-05-28,298,Behaviour concerns,0.96,False,True,1
5,Male,White - British,0,False,2,0,False,35,Female,White - Central European,Kinship,2025-05-19,2025-08-09,82,Allegation,0.14,False,False,1
13,Female,White - British,3,True,7,4,True,59,Non binary,Dual Heritage - Black/White,In-House Fostering,2023-08-04,2027-05-29,1394,Carer requests end,5.05,True,False,4
3,Male,Asian/British Asian - Pakistani,1,True,0,0,False,52,Female,Asian/British Asian - Pakistani,Kinship,2022-12-06,2023-09-22,290,Planned move,3.41,False,False,2
6,Male,White - British,3,True,3,5,True,51,Male,Asian/British Asian - Pakistani,Kinship,2022-12-15,2023-03-16,91,Carer requests end,2.38,True,False,4
4,Female,Asian/British Asian - Pakistani,3,True,4,5,True,40,Female,White - Other,External Fostering,2022-04-07,2025-12-20,1353,Child requests end,4.98,False,True,4
11,Male,White - British,5,True,1,2,True,41,Male,White - British,In-House Fostering,2024-02-16,2024-03-12,25,Carer requests end,4.04,False,True,6
11,Female,Asian/British Asian - Indian,2,True,2,1,False,57,Female,Asian/British Asian - Pakistani,In-House Fostering,2023-09-05,2024-02-26,174,Placement stability concerns,0.68,False,True,3
8,Female,Asian/British Asian - Pakistani,0,False,7,0,False,53,Female,White - British,In-House Fostering,2022-07-07,2023-02-15,223,Carer requests end,12.39,True,True,1
7,Trans Female,White - British,0,False,1,3,True,39,Male,White - British,Kinship,2025-10-26,2026-01-01,67,Allegation,4.71,False,False,1
9,Female,Asian/British Asian - Pakistani,0,False,2,2,True,46,Female,White - British,In-House Fostering,2022-06-08,2022-09-01,85,Carer requests end,1.12,False,True,1
7,Female,White - British,3,True,1,2,True,60,Male,White - British,In-House Fostering,2022-02-05,2022-03-20,43,Allegation,0.91,True,False,4
7,Male,White - British,0,False,0,2,True,56,Female,White - British,External Fostering,2024-08-03,2026-08-12,739,Planned move,11.61,True,True,1
9,Female,Asian/British Asian - Other,0,False,6,4,True,36,Female,Asian/British Asian - Pakistani,In-House Fostering,2022-06-04,2022-09-08,96,Placement stability concerns,16.18,False,True,1
0,Female,White - British,4,True,1,5,True,60,Non binary,Asian/British Asian - Pakistani,In-House Fostering,2025-03-11,2025-09-26,199,Planned move,5.54,False,False,5
9,Female,White - British,3,True,7,3,True,45,Female,Asian/British Asian - Pakistani,Residential,2024-03-01,2024-03-27,26,Allegation,59.69,False,True,4
8,Female,White - British,1,True,6,4,True,59,Male,White - British,In-House Fostering,2022-07-27,2022-10-19,84,Carer requests end,12.2,True,False,2
16,Male,White - British,5,True,5,5,True,49,Trans Female,White - British,In-House Fostering,2023-06-09,2024-08-17,435,Behaviour concerns,4.45,True,True,6
6,Female,White - British,0,False,1,0,False,51,Female,White - British,Residential,2024-03-21,2024-12-17,271,Allegation,81.23,False,True,1
9,Male,White - British,0,False,7,5,True,38,Male,White - British,In-House Fostering,2023-11-25,2024-01-03,39,Placement stability concerns,16.17,True,True,1
1,Male,White - British,4,True,4,5,True,55,Male,Asian/British Asian - Pakistani,External Fostering,2025-02-28,2025-07-11,133,Planned move,16.86,True,False,5
0,Male,White - British,0,False,7,1,False,47,Male,Asian/British Asian - Pakistani,In-House Fostering,2023-11-11,2026-02-15,827,Placement stability concerns,17.89,True,False,1
7,Trans Female,White - British,0,False,3,3,True,55,Female,Black/Black British - African,In-House Fostering,2025-04-19,2025-05-29,40,Placement stability concerns,7.65,True,False,1
11,Male,White - British,0,False,6,1,False,55,Female,White - Central European,In-House Fostering,2022-04-10,2022-06-08,59,Behaviour concerns,17.39,True,False,1
12,Female,White - British,0,False,5,1,False,52,Female,Asian/British Asian - Pakistani,Kinship,2024-04-24,2027-08-25,1218,Child requests end,1.11,False,True,1
0,Male,White - British,0,False,2,3,True,47,Male,Gypsy / Roma,In-House Fostering,2025-03-10,2025-06-04,86,Carer requests end,7.88,True,False,1
5,Female,White - British,1,True,5,1,False,44,Male,White - British,External Fostering,2022-02-14,2023-04-07,417,Placement stability concerns,14.84,True,False,2
11,Male,White - British,3,True,0,1,False,54,Male,Asian/British Asian - Pakistani,Kinship,2024-11-08,2025-12-21,408,Planned move,2.24,True,False,4
1,Female,Asian/British Asian - Pakistani,0,False,4,3,True,40,Female,White - British,Residential,2025-10-28,2025-11-16,19,Placement stability concerns,98.2,False,False,1
7,Trans Female,White - Other,0,False,3,1,False,41,Non binary,White - British,Residential,2023-05-13,2023-08-19,98,Child requests end,89.92,False,False,1
8,Trans Male,White - British,0,False,4,4,True,58,Trans Female,White - British,External Fostering,2022-01-24,2026-02-20,1488,Placement stability concerns,3.01,False,True,1
8,Male,Asian/British Asian - Pakistani,0,False,2,4,True,55,Trans Female,White - British,In-House Fostering,2022-12-26,2023-10-21,299,Child requests end,12.24,False,False,1
10,Male,Asian/British Asian - Bangladeshi,0,False,6,0,False,60,Trans Female,White - British,External Fostering,2024-10-30,2024-12-23,54,Placement stability concerns,12.7,True,True,1
6,Male,Asian/British Asian - Pakistani,1,True,6,2,True,45,Female,Black/Black British - Other,Kinship,2022-12-22,2023-01-25,34,Placement stability concerns,3.81,False,True,2
10,Male,White - British,2,True,5,0,False,52,Female,White - British,External Fostering,2025-04-11,2025-08-17,128,Child requests end,11.52,False,True,3
9,Male,White - British,0,False,1,3,True,42,Female,White - British,In-House Fostering,2025-06-09,2025-08-09,61,Allegation,14.6,True,True,1
7,Male,Asian/British Asian - Pakistani,3,True,1,3,True,36,Male,Black/Black British - African,Kinship,2022-11-29,2023-03-22,113,Child requests end,3.65,True,False,4
9,Male,White - British,4,True,3,4,True,46,Female,Asian/British Asian - Indian,Kinship,2022-02-14,2022-03-18,32,Placement stability concerns,4.54,True,True,5
12,Female,Asian/British Asian - Bangladeshi,4,True,5,2,True,44,Female,White - British,External Fostering,2025-06-11,2027-06-17,736,Carer requests end,19.87,False,True,5
6,Female,White - British,0,False,5,1,False,59,Trans Male,White - British,In-House Fostering,2024-08-11,2028-06-20,1409,Behaviour concerns,7.07,True,True,1
6,Male,Asian/British Asian - Pakistani,1,True,6,3,True,52,Trans Female,White - British,Kinship,2023-05-20,2024-02-16,272,Planned move,3.39,True,False,2
8,Female,White - Eastern European,0,False,2,2,True,53,Male,White - British,External Fostering,2025-06-22,2025-07-09,17,Planned move,5.82,True,False,1
9,Female,Asian/British Asian - Pakistani,1,True,0,2,True,58,Male,Asian/British Asian - Pakistani,In-House Fostering,2022-09-08,2022-10-21,43,Behaviour concerns,13.14,False,False,2
10,Female,White - British,5,True,1,5,True,56,Male,Asian/British Asian - Pakistani,Residential,2024-09-20,2025-04-22,214,Planned move,93.87,True,False,6
6,Trans Male,White - Eastern European,0,False,6,0,False,52,Male,Asian/British Asian - Pakistani,In-House Fostering,2025-03-30,2027-06-05,797,Planned move,10.45,False,False,1
14,Male,Mixed - White/Asian,3,True,7,4,True,59,Trans Female,Asian/British Asian - Pakistani,In-House Fostering,2024-11-22,2025-04-05,134,Allegation,11.17,True,False,4
6,Trans Male,Asian/British Asian - Pakistani,0,False,2,5,True,59,Trans Female,White - British,In-House Fostering,2022-08-19,2022-09-30,42,Child requests end,6.84,True,False,1
16,Trans Female,Traveller - Other,0,False,3,1,False,52,Female,Black/Black British - Caribbean,Kinship,2023-07-20,2024-05-03,288,Child requests end,0.45,True,False,1
10,Female,Asian/British Asian - Pakistani,4,True,2,1,False,38,Female,White - Central European,In-House Fostering,2023-06-30,2023-08-12,43,Carer requests end,10.22,False,False,5
7,Female,Asian/British Asian - Pakistani,4,True,7,2,True,45,Female,Mixed - White/Asian,Kinship,2023-06-06,2025-05-08,702,Child requests end,3.67,True,False,5
7,Male,White - British,4,True,1,3,True,59,Male,White - British,In-House Fostering,2023-06-25,2023-09-30,97,Planned move,10.1,False,False,5
8,Female,White - British,0,False,7,1,False,55,Female,White - British,In-House Fostering,2024-01-28,2024-03-25,57,Planned move,6.68,True,True,1
8,Male,White - Eastern European,0,False,1,0,False,60,Male,Asian/British Asian - Pakistani,In-House Fostering,2024-07-17,2024-10-13,88,Planned move,14.05,True,True,1
5,Male,White - British,0,False,3,4,True,40,Female,Asian/British Asian - Pakistani,External Fostering,2022-05-11,2023-07-05,420,Placement stability concerns,12.32,True,False,1
8,Female,White - British,0,False,2,3,True,48,Male,White - British,Kinship,2025-04-03,2025-07-05,93,Behaviour concerns,0.52,True,True,1
8,Female,White - British,0,False,4,3,True,55,Female,Asian/British Asian - Pakistani,External Fostering,2023-12-07,2024-02-16,71,Planned move,6.85,True,True,1
7,Trans Male,White - British,0,False,3,3,True,52,Trans Male,Asian/British Asian - Pakistani,External Fostering,2024-03-14,2024-10-09,209,Child requests end,16.23,False,False,1
14,Female,Asian/British Asian - Pakistani,5,True,1,5,True,35,Male,White - British,In-House Fostering,2023-04-23,2023-05-23,30,Child requests end,14.65,False,True,6
6,Trans Male,White - British,5,True,2,2,True,56,Female,Asian/British Asian - Pakistani,In-House Fostering,2025-05-19,2025-12-08,203,Carer requests end,10.5,False,True,6
9,Male,White - British,1,True,0,2,True,53,Male,White - British,External Fostering,2023-12-15,2024-05-19,156,Behaviour concerns,10.03,False,False,2
12,Male,White - British,5,True,7,1,False,36,Male,White - British,In-House Fostering,2024-09-02,2025-05-18,258,Child requests end,15.11,False,True,6
5,Trans Female,Asian/British Asian - Pakistani,0,False,1,3,True,59,Female,White - British,External Fostering,2024-11-18,2025-03-26,128,Behaviour concerns,16.1,True,False,1
9,Male,White - British,2,True,7,0,False,58,Trans Male,White - British,In-House Fostering,2025-05-01,2025-06-05,35,Allegation,9.85,True,True,3
15,Female,Asian/British Asian - Pakistani,5,True,4,0,False,58,Male,White - British,External Fostering,2023-04-08,2023-04-16,8,Planned move,3.64,False,False,6
11,Male,White - British,2,True,7,3,True,39,Female,White - British,In-House Fostering,2023-08-23,2023-11-23,92,Child requests end,8.95,True,True,3
9,Female,White - British,0,False,2,1,False,49,Female,White - British,Residential,2022-01-20,2022-05-17,117,Allegation,43.45,False,False,1
5,Male,White - British,3,True,6,2,True,49,Male,White - Other,In-House Fostering,2024-05-31,2025-10-11,498,Placement stability concerns,3.72,False,True,4
11,Male,White - British,0,False,0,5,True,52,Female,White - British,External Fostering,2023-04-18,2024-07-19,458,Child requests end,4.35,False,False,1
7,Female,White - Other,2,True,7,3,True,37,Male,Asian/British Asian - Other,In-House Fostering,2024-08-25,2025-07-02,311,Placement stability concerns,5.6,True,False,3
7,Male,White - British,2,True,5,3,True,53,Female,White - British,External Fostering,2024-07-15,2025-04-17,276,Child requests end,3.01,False,False,3
13,Trans Female,Mixed - White/Asian,0,False,2,0,False,56,Male,Black/Black British - African,In-House Fostering,2022-01-05,2022-02-12,38,Behaviour concerns,8.76,True,False,1
7,Trans Female,Asian/British Asian - Pakistani,0,False,5,3,True,35,Male,Asian/British Asian - Indian,Kinship,2025-03-28,2026-06-07,436,Carer requests end,3.59,True,True,1
10,Male,White - British,2,True,1,3,True,40,Male,Asian/British Asian - Pakistani,In-House Fostering,2023-10-06,2026-01-23,840,Placement stability concerns,18.27,False,False,3
3,Female,Asian/British Asian - Pakistani,0,False,3,4,True,36,Male,Asian/British Asian - Pakistani,External Fostering,2024-02-27,2024-06-30,124,Placement stability concerns,17.41,True,True,1
7,Trans Male,Asian/British Asian - Pakistani,0,False,7,4,True,35,Female,Asian/British Asian - Pakistani,Kinship,2022-01-10,2023-02-06,392,Carer requests end,3.26,True,False,1
7,Trans Male,White - British,3,True,0,5,True,35,Non binary,Asian/British Asian - Pakistani,External Fostering,2023-09-14,2025-04-02,566,Carer requests end,6.82,True,True,4
9,Male,White - British,1,True,3,5,True,56,Female,White - British,External Fostering,2022-12-30,2030-12-01,2893,Carer requests end,6.93,True,False,2
8,Female,Asian/British Asian - Pakistani,2,True,3,2,True,37,Female,White - British,In-House Fostering,2025-03-21,2025-04-16,26,Child requests end,17.75,True,False,3
8,Female,Asian/British Asian - Pakistani,0,False,7,5,True,38,Non binary,White - British,In-House Fostering,2022-08-01,2022-12-06,127,Child requests end,4.13,True,True,1
7,Female,Asian/British Asian - Pakistani,0,False,4,2,True,50,Male,White - British,External Fostering,2022-03-30,2023-05-17,413,Child requests end,8.5,False,True,1
12,Non binary,White - British,0,False,0,3,True,47,Male,White - British,Kinship,2023-06-06,2023-09-07,93,Behaviour concerns,0.73,True,True,1
6,Female,White - British,5,True,7,0,False,42,Male,White - British,Kinship,2022-01-15,2023-06-29,530,Child requests end,3.34,True,True,6
10,Male,White - British,4,True,4,4,True,35,Male,White - Central European,Residential,2024-09-20,2026-04-02,559,Carer requests end,12.0,False,True,5
6,Female,White - British,0,False,7,4,True,51,Male,Asian/British Asian - Pakistani,Residential,2023-02-05,2024-03-02,391,Planned move,56.96,True,True,1
1,Trans Male,White - British,2,True,7,0,False,59,Female,Asian/British Asian - Pakistani,External Fostering,2025-10-28,2026-02-15,110,Child requests end,13.58,False,False,3
13,Male,White - British,5,True,0,4,True,58,Male,White - Eastern European,External Fostering,2023-11-24,2024-01-16,53,Behaviour concerns,11.61,True,False,6
8,Female,White - Other,0,False,4,4,True,47,Trans Female,White - British,External Fostering,2025-06-23,2025-08-11,49,Carer requests end,16.08,True,True,1
8,Trans Female,Asian/British Asian - Pakistani,0,False,2,2,True,38,Trans Female,Asian/British Asian - Pakistani,In-House Fostering,2025-07-17,2025-09-25,70,Allegation,9.5,True,False,1
11,Male,Asian/British Asian - Pakistani,4,True,0,3,True,47,Female,White - British,External Fostering,2023-07-07,2023-11-04,120,Allegation,15.2,False,False,5
12,Trans Male,White - British,1,True,4,0,False,54,Female,White - British,External Fostering,2024-11-17,2025-01-13,57,Carer requests end,14.51,True,False,2
8,Female,White - British,3,True,5,3,True,59,Male,Asian/British Asian - Other,Residential,2024-03-03,2024-04-26,54,Behaviour concerns,24.03,False,False,4
8,Non binary,Asian/British Asian - Pakistani,4,True,6,2,True,40,Trans Female,White - British,Kinship,2022-06-16,2022-06-30,14,Carer requests end,2.44,True,False,5
9,Female,White - British,5,True,2,0,False,54,Trans Female,White - Other,Residential,2022-12-03,2023-07-16,225,Child requests end,39.75,True,True,6
10,Female,Asian/British Asian - Pakistani,2,True,5,0,False,60,Male,Asian/British Asian - Pakistani,In-House Fostering,2025-03-24,2025-08-29,158,Placement stability concerns,11.1,True,False,3
7,Male,White - British,0,False,0,0,False,47,Male,Traveller - Other,In-House Fostering,2023-04-29,2023-07-10,72,Child requests end,15.17,False,True,1
11,Female,White - British,1,True,4,0,False,48,Male,Asian/British Asian - Pakistani,Kinship,2024-04-08,2025-01-02,269,Behaviour concerns,3.48,False,False,2
0,Trans Female,Asian/British Asian - Indian,1,True,0,5,True,44,Female,White - British,In-House Fostering,2022-04-24,2023-07-01,433,Carer requests end,3.51,False,True,2
16,Male,White - British,5,True,3,4,True,47,Male,Asian/British Asian - Pakistani,Kinship,2025-02-22,2026-05-23,455,Planned move,4.01,False,False,6
7,Male,White - British,0,False,5,5,True,44,Male,White - British,External Fostering,2024-06-01,2024-11-05,157,Child requests end,2.01,True,True,1
4,Male,White - British,0,False,0,4,True,45,Trans Female,White - British,External Fostering,2024-06-20,2026-02-05,595,Behaviour concerns,7.81,True,True,1
5,Female,Asian/British Asian - Pakistani,5,True,2,3,True,47,Female,White - British,In-House Fostering,2024-08-07,2026-08-06,729,Child requests end,9.5,False,False,6
4,Trans Male,Asian/British Asian - Pakistani,1,True,0,0,False,57,Male,White - British,In-House Fostering,2024-03-23,2025-01-23,306,Planned move,0.55,False,True,2
9,Male,White - British,0,False,5,3,True,53,Male,White - British,External Fostering,2023-12-25,2024-08-03,222,Placement stability concerns,10.83,False,True,1
9,Male,White - British,0,False,0,1,False,35,Female,White - British,Kinship,2022-06-03,2022-06-16,13,Planned move,1.78,True,False,1
3,Male,Asian/British Asian - Pakistani,0,False,6,4,True,60,Male,White - Eastern European,Kinship,2022-03-24,2022-05-14,51,Placement stability concerns,0.49,False,True,1
8,Trans Female,White - Other,0,False,1,5,True,55,Female,Asian/British Asian - Pakistani,Kinship,2025-08-01,2025-12-14,135,Child requests end,3.81,False,False,1
2,Female,White - Eastern European,3,True,2,4,True,59,Male,White - British,Kinship,2025-05-08,2025-06-01,24,Child requests end,0.55,True,True,4
4,Female,Asian/British Asian - Pakistani,0,False,3,5,True,40,Female,Asian/British Asian - Pakistani,In-House Fostering,2024-01-30,2028-03-02,1493,Placement stability concerns,13.66,False,True,1
9,Non binary,Asian/British Asian - Pakistani,3,True,0,1,False,58,Male,White - British,In-House Fostering,2022-10-21,2023-07-11,263,Planned move,13.51,False,True,4
7,Female,Asian/British Asian - Pakistani,1,True,0,4,True,51,Trans Male,Asian/British Asian - Pakistani,External Fostering,2025-03-18,2025-05-01,44,Behaviour concerns,1.54,True,False,2
5,Trans Male,White - British,2,True,0,5,True,42,Male,White - British,External Fostering,2024-04-21,2024-05-13,22,Carer requests end,11.92,False,False,3
9,Non binary,White - British,0,False,7,3,True,46,Female,White - British,In-House Fostering,2024-02-14,2025-12-09,664,Placement stability concerns,7.59,True,False,1
13,Female,White - British,0,False,6,1,False,40,Male,White - British,In-House Fostering,2025-02-06,2025-02-27,21,Child requests end,12.12,False,True,1
8,Female,Asian/British Asian - Bangladeshi,4,True,1,5,True,35,Male,Asian/British Asian - Pakistani,External Fostering,2023-11-21,2025-02-01,438,Allegation,1.25,False,False,5
4,Male,Asian/British Asian - Pakistani,0,False,6,5,True,56,Male,Asian/British Asian - Pakistani,In-House Fostering,2024-01-27,2025-01-02,341,Child requests end,9.61,False,True,1
6,Male,Dual Heritage - Black/White,2,True,3,4,True,59,Trans Male,White - Other,In-House Fostering,2023-07-14,2023-09-03,51,Allegation,4.81,True,True,3
10,Male,White - British,0,False,3,5,True,36,Non binary,White - British,External Fostering,2025-05-25,2027-03-05,649,Child requests end,4.33,True,True,1
5,Male,White - British,0,False,1,2,True,36,Non binary,White - British,External Fostering,2024-02-25,2024-03-16,20,Child requests end,11.11,False,True,1
9,Female,Asian/British Asian - Pakistani,0,False,2,1,False,49,Trans Male,Asian/British Asian - Pakistani,External Fostering,2024-05-12,2024-10-18,159,Planned move,2.98,True,True,1
10,Female,Asian/British Asian - Pakistani,0,False,2,1,False,43,Male,White - British,Residential,2022-02-27,2022-04-15,47,Carer requests end,97.43,False,True,1
3,Non binary,White - British,5,True,2,3,True,54,Trans Male,White - British,Residential,2022-04-15,2023-01-29,289,Behaviour concerns,18.54,True,True,6
0,Trans Male,White - British,0,False,4,5,True,45,Male,Asian/British Asian - Pakistani,Kinship,2022-04-18,2029-04-20,2559,Behaviour concerns,2.79,False,False,1
6,Male,Mixed - White/Black African,0,False,6,4,True,47,Male,White - British,External Fostering,2023-01-03,2023-07-15,193,Allegation,11.84,False,True,1
2,Female,White - Eastern European,5,True,6,2,True,52,Female,Mixed - White/Asian,In-House Fostering,2022-10-22,2023-10-16,359,Child requests end,3.8,False,True,6
4,Male,Black/Black British - Caribbean,0,False,1,3,True,60,Male,White - British,External Fostering,2024-07-08,2026-06-05,697,Carer requests end,4.51,False,True,1
8,Male,White - British,0,False,6,2,True,58,Non binary,White - British,In-House Fostering,2023-02-10,2023-04-09,58,Behaviour concerns,6.9,False,False,1
8,Male,White - British,0,False,7,1,False,36,Male,Asian/British Asian - Pakistani,External Fostering,2025-02-28,2026-04-13,409,Allegation,13.64,False,False,1
0,Female,White - British,3,True,3,1,False,40,Male,White - Central European,In-House Fostering,2023-06-19,2026-07-14,1121,Placement stability concerns,8.42,False,True,4
12,Male,White - British,0,False,6,0,False,57,Trans Male,White - British,In-House Fostering,2025-07-14,2026-09-15,428,Child requests end,9.72,False,True,1
7,Male,White - British,0,False,7,4,True,57,Female,White - British,Kinship,2022-05-28,2024-09-20,846,Planned move,0.94,False,True,1
14,Female,Dual Heritage - Black/White,0,False,1,5,True,41,Male,White - British,External Fostering,2024-08-19,2024-11-13,86,Behaviour concerns,0.54,True,True,1
5,Trans Male,White - British,3,True,1,2,True,51,Male,White - British,In-House Fostering,2023-03-24,2023-06-26,94,Child requests end,11.43,True,False,4
10,Trans Male,Asian/British Asian - Pakistani,0,False,2,2,True,44,Trans Female,Asian/British Asian - Pakistani,In-House Fostering,2023-04-18,2024-09-05,506,Allegation,9.5,True,False,1
13,Male,White - British,2,True,6,3,True,37,Male,Asian/British Asian - Pakistani,Kinship,2025-01-28,2027-01-13,715,Carer requests end,4.79,False,False,3
2,Male,Asian/British Asian - Other,0,False,7,4,True,41,Female,Mixed - White/Asian,In-House Fostering,2023-06-14,2024-04-22,313,Child requests end,9.12,True,False,1
7,Female,White - British,0,False,7,2,True,39,Male,White - British,In-House Fostering,2023-07-03,2023-07-26,23,Planned move,14.12,True,True,1
3,Female,Asian/British Asian - Pakistani,3,True,5,0,False,45,Trans Female,White - British,In-House Fostering,2022-05-18,2022-07-23,66,Allegation,12.17,True,True,4
9,Male,Asian/British Asian - Pakistani,0,False,1,3,True,43,Trans Male,White - British,In-House Fostering,2025-10-16,2026-03-24,159,Child requests end,1.3,False,True,1
6,Trans Male,Dual Heritage - Black/White,4,True,2,1,False,54,Trans Male,Asian/British Asian - Pakistani,In-House Fostering,2025-08-26,2027-12-14,840,Allegation,10.35,False,False,5
10,Male,White - British,5,True,0,1,False,49,Female,Asian/British Asian - Other,Kinship,2022-11-16,2025-04-08,874,Planned move,4.88,False,False,6
13,Female,Asian/British Asian - Indian,5,True,6,2,True,51,Female,Asian/British Asian - Pakistani,Kinship,2022-03-12,2023-08-27,533,Child requests end,0.19,False,False,6
7,Female,White - British,5,True,3,4,True,37,Female,Dual Heritage - Black/White,In-House Fostering,2022-04-11,2023-05-01,385,Placement stability concerns,7.3,False,False,6
12,Female,Asian/British Asian - Pakistani,4,True,2,3,True,60,Male,White - British,External Fostering,2025-09-16,2025-10-16,30,Child requests end,13.54,True,False,5
8,Trans Male,White - British,0,False,3,4,True,37,Female,Black/Black British - African,Residential,2022-02-20,2025-03-09,1113,Child requests end,41.88,True,True,1
7,Trans Female,White - British,0,False,2,5,True,43,Male,White - British,External Fostering,2025-05-20,2026-04-10,325,Behaviour concerns,0.68,True,True,1
9,Trans Male,Asian/British Asian - Pakistani,3,True,2,5,True,36,Male,White - British,In-House Fostering,2023-10-23,2024-01-29,98,Planned move,18.66,False,True,4
12,Male,White - British,4,True,0,3,True,41,Female,White - British,External Fostering,2025-02-06,2025-04-15,68,Child requests end,7.8,False,True,5
5,Female,White - British,4,True,2,0,False,49,Male,White - British,External Fostering,2025-06-03,2026-10-01,485,Placement stability concerns,3.85,True,True,5
9,Female,White - British,4,True,2,5,True,59,Female,Asian/British Asian - Bangladeshi,Residential,2023-09-03,2023-11-01,59,Allegation,94.47,False,False,5
6,Female,Asian/British Asian - Pakistani,0,False,4,0,False,39,Trans Male,White - Eastern European,In-House Fostering,2025-07-27,2025-08-26,30,Behaviour concerns,18.55,True,True,1
8,Male,Asian/British Asian - Pakistani,0,False,6,1,False,42,Female,White - British,In-House Fostering,2024-10-30,2025-06-21,234,Planned move,9.38,True,True,1
6,Male,Asian/British Asian - Pakistani,5,True,6,2,True,37,Trans Male,Asian/British Asian - Other,In-House Fostering,2023-02-05,2025-05-02,817,Planned move,11.05,True,False,6
11,Female,White - British,0,False,5,0,False,40,Female,White - British,In-House Fostering,2022-06-11,2022-11-12,154,Child requests end,6.47,True,True,1
9,Trans Male,White - British,0,False,6,3,True,57,Non binary,White - British,Kinship,2024-07-17,2024-10-11,86,Carer requests end,2.13,False,True,1
1,Female,Asian/British Asian - Pakistani,0,False,7,2,True,57,Trans Female,White - British,In-House Fostering,2024-07-20,2026-05-25,674,Carer requests end,6.46,True,True,1
4,Male,White - British,3,True,3,1,False,60,Female,Black/Black British - Caribbean,Kinship,2024-08-22,2024-09-28,37,Planned move,1.04,True,False,4
9,Trans Male,White - British,3,True,0,0,False,50,Female,Asian/British Asian - Pakistani,In-House Fostering,2023-04-13,2023-07-29,107,Allegation,7.89,True,True,4
9,Female,Black/Black British - African,0,False,1,2,True,41,Non binary,White - British,In-House Fostering,2023-02-11,2024-05-21,465,Placement stability concerns,15.79,True,True,1
5,Female,White - British,2,True,1,4,True,55,Trans Male,Mixed - Other,External Fostering,2024-06-20,2025-05-04,318,Placement stability concerns,11.76,False,False,3
10,Female,Black/Black British - African,5,True,7,4,True,51,Male,White - British,Kinship,2024-02-15,2024-03-23,37,Behaviour concerns,4.42,True,False,6
5,Trans Male,Asian/British Asian - Pakistani,3,True,4,5,True,51,Male,White - British,External Fostering,2024-07-06,2025-01-22,200,Allegation,3.81,False,False,4
7,Male,White - British,0,False,0,0,False,46,Female,Asian/British Asian - Other,External Fostering,2022-12-14,2027-07-31,1690,Behaviour concerns,1.24,True,False,1
8,Trans Male,White - Eastern European,0,False,4,0,False,38,Female,White - British,In-House Fostering,2024-09-05,2024-12-09,95,Allegation,14.99,True,True,1
9,Non binary,White - British,0,False,7,5,True,37,Trans Female,White - British,In-House Fostering,2024-01-15,2024-01-30,15,Child requests end,0.17,True,True,1
9,Female,Asian/British Asian - Pakistani,0,False,7,2,True,36,Male,Asian/British Asian - Bangladeshi,In-House Fostering,2025-06-06,2033-06-24,2940,Planned move,8.67,False,False,1
7,Trans Male,White - Eastern European,0,False,5,0,False,57,Male,Asian/British Asian - Pakistani,External Fostering,2025-06-03,2026-12-06,551,Carer requests end,11.94,False,False,1
11,Female,White - British,0,False,2,2,True,46,Female,White - British,External Fostering,2024-08-09,2024-08-31,22,Child requests end,9.68,True,False,1
1,Male,White - British,0,False,4,2,True,58,Trans Female,White - British,External Fostering,2025-06-20,2027-11-05,868,Allegation,18.05,True,False,1
10,Male,White - British,0,False,3,1,False,57,Male,White - British,Residential,2025-05-02,2026-09-06,492,Planned move,45.68,True,False,1
8,Male,Asian/British Asian - Pakistani,0,False,7,3,True,50,Female,Asian/British Asian - Pakistani,Kinship,2024-09-26,2024-11-12,47,Planned move,3.49,False,True,1
12,Trans Female,Asian/British Asian - Pakistani,0,False,7,1,False,44,Female,Asian/British Asian - Pakistani,Kinship,2023-05-04,2024-05-07,369,Allegation,2.21,False,False,1
8,Male,White - British,1,True,3,3,True,54,Male,White - British,External Fostering,2023-09-30,2025-10-28,759,Carer requests end,3.76,False,True,2
8,Female,White - Eastern European,4,True,1,0,False,40,Trans Male,Asian/British Asian - Other,In-House Fostering,2022-07-12,2022-12-03,144,Child requests end,9.07,True,False,5
13,Female,Asian/British Asian - Pakistani,0,False,4,1,False,37,Trans Male,Asian/British Asian - Pakistani,Residential,2022-08-31,2022-12-02,93,Behaviour concerns,96.73,False,False,1
7,Male,Mixed - White/Asian,1,True,6,2,True,40,Female,White - British,In-House Fostering,2025-05-26,2025-07-20,55,Allegation,13.86,True,False,2
7,Female,White - British,0,False,0,0,False,39,Female,White - British,In-House Fostering,2025-05-03,2025-12-21,232,Allegation,3.88,True,True,1
8,Male,White - British,0,False,1,5,True,49,Trans Male,White - British,Kinship,2025-09-25,2026-08-09,318,Carer requests end,3.58,True,True,1
10,Trans Female,White - British,2,True,7,4,True,37,Non binary,White - British,External Fostering,2022-03-06,2022-03-07,1,Child requests end,3.72,False,True,3
12,Male,White - British,1,True,2,2,True,48,Female,White - British,In-House Fostering,2024-09-10,2026-05-17,614,Behaviour concerns,10.87,True,True,2
10,Female,White - Eastern European,2,True,3,0,False,52,Trans Male,White - Irish,External Fostering,2022-07-03,2022-07-14,11,Placement stability concerns,0.09,True,False,3
13,Female,White - British,3,True,0,4,True,37,Female,White - Central European,External Fostering,2025-07-04,2026-07-06,367,Planned move,19.08,False,True,4
11,Male,White - British,1,True,3,2,True,46,Trans Female,Asian/British Asian - Pakistani,Residential,2022-01-11,2024-06-05,876,Placement stability concerns,96.89,False,True,2
5,Female,Asian/British Asian - Pakistani,0,False,7,3,True,57,Trans Female,White - Other,In-House Fostering,2022-07-27,2023-11-05,466,Behaviour concerns,18.31,True,True,1
8,Female,Asian/British Asian - Pakistani,0,False,1,2,True,46,Female,Asian/British Asian - Other,In-House Fostering,2024-05-02,2024-10-25,176,Placement stability concerns,0.03,False,False,1
6,Female,White - British,2,True,6,1,False,38,Trans Female,White - British,Kinship,2023-09-17,2024-04-09,205,Carer requests end,4.2,True,False,3
8,Male,Asian/British Asian - Pakistani,0,False,5,2,True,42,Female,White - British,External Fostering,2023-03-16,2024-09-23,557,Planned move,17.04,False,False,1
7,Male,Asian/British Asian - Pakistani,0,False,4,5,True,44,Female,White - British,In-House Fostering,2022-09-04,2022-12-13,100,Placement stability concerns,6.18,False,False,1
5,Male,Mixed - White/Asian,3,True,3,0,False,56,Female,White - British,External Fostering,2022-12-24,2024-02-01,404,Planned move,5.1,False,True,4
8,Male,White - British,1,True,7,5,True,41,Non binary,White - British,External Fostering,2023-01-10,2024-05-04,480,Child requests end,16.61,False,True,2
1,Male,White - British,4,True,4,4,True,46,Non binary,Asian/British Asian - Pakistani,In-House Fostering,2023-12-18,2024-01-16,29,Placement stability concerns,18.42,False,True,5
6,Trans Male,White - British,3,True,0,1,False,54,Female,White - Eastern European,Kinship,2024-04-26,2024-08-19,115,Carer requests end,3.29,False,False,4
1,Female,Asian/British Asian - Pakistani,2,True,0,3,True,60,Male,White - Other,External Fostering,2025-08-24,2026-04-12,231,Child requests end,15.95,True,True,3
15,Female,White - Eastern European,4,True,1,2,True,38,Trans Male,Asian/British Asian - Other,External Fostering,2022-01-05,2022-09-15,253,Planned move,18.1,True,False,5
7,Male,White - Other,2,True,6,3,True,54,Non binary,White - British,External Fostering,2025-01-11,2025-09-01,233,Placement stability concerns,7.56,True,True,3
5,Non binary,White - Eastern European,0,False,4,3,True,35,Male,Traveller - Other,Kinship,2022-11-02,2023-09-14,316,Placement stability concerns,3.43,False,False,1
8,Female,White - British,5,True,2,1,False,54,Male,White - British,In-House Fostering,2025-03-10,2026-04-26,412,Child requests end,12.78,True,False,6
7,Female,Asian/British Asian - Pakistani,1,True,0,3,True,47,Trans Male,White - British,In-House Fostering,2025-03-26,2025-06-01,67,Child requests end,15.11,True,True,2
6,Trans Female,Asian/British Asian - Pakistani,5,True,4,0,False,41,Male,White - British,External Fostering,2025-05-15,2026-01-18,248,Placement stability concerns,6.83,False,True,6
10,Female,White - Other,0,False,7,2,True,51,Non binary,White - British,In-House Fostering,2022-05-03,2025-11-17,1294,Child requests end,18.58,True,True,1
13,Female,White - British,0,False,4,5,True,36,Trans Female,White - British,In-House Fostering,2022-05-08,2024-11-19,926,Placement stability concerns,12.19,False,True,1
10,Male,White - British,4,True,2,1,False,48,Male,White - British,In-House Fostering,2024-11-07,2028-09-23,1416,Behaviour concerns,13.34,True,True,5
7,Male,Mixed - Other,0,False,4,5,True,41,Female,White - British,External Fostering,2024-05-31,2030-09-13,2296,Placement stability concerns,8.87,True,False,1
10,Female,Asian/British Asian - Pakistani,0,False,3,0,False,60,Male,White - British,Kinship,2025-07-05,2025-08-29,55,Carer requests end,1.98,False,False,1
9,Female,Asian/British Asian - Pakistani,1,True,4,2,True,36,Female,White - Other,External Fostering,2025-02-14,2025-06-29,135,Behaviour concerns,11.13,True,True,2
6,Female,White - Eastern European,4,True,1,5,True,55,Male,White - British,In-House Fostering,2022-11-03,2023-02-26,115,Child requests end,17.67,True,True,5
13,Male,White - British,5,True,5,0,False,49,Female,White - British,Kinship,2025-08-27,2025-11-17,82,Allegation,1.51,False,False,6
9,Male,Asian/British Asian - Pakistani,0,False,1,2,True,36,Trans Male,White - British,External Fostering,2022-06-12,2024-09-23,834,Planned move,11.9,False,True,1
2,Non binary,Asian/British Asian - Pakistani,2,True,3,0,False,50,Trans Female,Asian/British Asian - Pakistani,Kinship,2025-01-24,2026-09-16,600,Carer requests end,4.11,True,False,3
6,Trans Female,Asian/British Asian - Chinese,5,True,2,4,True,42,Female,White - British,External Fostering,2022-06-10,2026-02-22,1353,Planned move,13.9,False,True,6
7,Male,White - British,2,True,1,4,True,51,Female,Asian/British Asian - Pakistani,External Fostering,2025-05-16,2028-06-13,1124,Child requests end,12.81,True,True,3
5,Male,White - Other,0,False,2,5,True,38,Female,Asian/British Asian - Pakistani,External Fostering,2022-07-23,2022-10-14,83,Carer requests end,8.72,False,True,1
3,Trans Male,Asian/British Asian - Pakistani,2,True,7,3,True,54,Female,Asian/British Asian - Pakistani,External Fostering,2023-03-20,2023-06-22,94,Placement stability concerns,16.34,False,True,3
5,Female,White - British,0,False,1,0,False,50,Male,White - British,Kinship,2024-02-22,2025-02-22,366,Behaviour concerns,4.26,False,True,1
10,Female,Asian/British Asian - Pakistani,3,True,4,1,False,60,Female,White - British,Kinship,2024-11-18,2026-03-31,498,Carer requests end,1.76,True,False,4
8,Trans Female,Asian/British Asian - Pakistani,0,False,6,5,True,40,Male,Asian/British Asian - Other,Kinship,2022-09-03,2025-06-27,1028,Behaviour concerns,1.83,False,True,1
7,Male,Asian/British Asian - Pakistani,4,True,7,5,True,43,Male,White - British,In-House Fostering,2025-07-26,2028-11-10,1203,Carer requests end,11.24,True,False,5
9,Female,Asian/British Asian - Pakistani,0,False,6,1,False,45,Female,White - British,External Fostering,2025-03-17,2027-09-06,903,Carer requests end,2.43,False,True,1
2,Female,White - British,2,True,0,1,False,54,Male,Asian/British Asian - Pakistani,In-House Fostering,2024-04-23,2031-08-29,2684,Placement stability concerns,7.38,False,False,3
6,Male,Asian/British Asian - Pakistani,1,True,1,3,True,55,Male,Black/Black British - African,Residential,2022-12-17,2023-04-11,115,Behaviour concerns,88.91,False,False,2
4,Trans Female,White - British,4,True,4,3,True,57,Male,Dual Heritage - Black/White,In-House Fostering,2022-09-20,2026-01-11,1209,Child requests end,12.77,True,True,5
10,Male,Asian/British Asian - Pakistani,4,True,6,5,True,49,Male,White - Other,External Fostering,2023-06-18,2023-08-25,68,Carer requests end,17.15,False,False,5
10,Male,White - British,5,True,5,5,True,42,Female,White - British,In-House Fostering,2024-04-07,2027-02-23,1052,Behaviour concerns,17.21,True,True,6
7,Male,Asian/British Asian - Pakistani,3,True,4,3,True,54,Female,White - British,In-House Fostering,2025-06-21,2025-08-20,60,Child requests end,8.11,False,True,4
8,Male,Mixed - White/Black African,0,False,0,1,False,53,Male,Asian/British Asian - Pakistani,Kinship,2022-05-04,2025-07-09,1162,Allegation,3.81,True,False,1
5,Male,White - Eastern European,0,False,3,4,True,59,Female,White - Other,Kinship,2023-06-24,2023-08-17,54,Carer requests end,2.73,False,False,1
13,Male,White - Other,3,True,1,3,True,43,Male,Asian/British Asian - Pakistani,In-House Fostering,2023-12-12,2024-02-23,73,Child requests end,18.52,True,False,4
14,Non binary,White - British,0,False,6,5,True,58,Male,Asian/British Asian - Pakistani,In-House Fostering,2025-10-21,2025-12-22,62,Child requests end,13.1,False,False,1
10,Trans Female,White - Eastern European,0,False,6,3,True,38,Male,White - British,Kinship,2022-05-03,2022-06-13,41,Allegation,0.91,True,False,1
8,Female,White - British,0,False,2,2,True,50,Female,Mixed - Other,External Fostering,2025-04-12,2025-06-21,70,Child requests end,13.25,True,True,1
12,Male,White - British,0,False,5,0,False,60,Female,White - British,External Fostering,2025-08-15,2029-07-30,1445,Placement stability concerns,7.07,True,False,1
1,Male,Asian/British Asian - Pakistani,4,True,5,3,True,40,Female,Asian/British Asian - Pakistani,In-House Fostering,2022-05-20,2023-05-24,369,Carer requests end,6.78,False,True,5
16,Male,White - Central European,5,True,6,1,False,60,Female,White - Eastern European,External Fostering,2024-03-13,2024-05-11,59,Carer requests end,2.68,True,False,6
12,Female,Asian/British Asian - Pakistani,0,False,7,1,False,55,Trans Male,White - British,External Fostering,2022-09-04,2024-01-03,486,Planned move,19.82,True,False,1
10,Female,Asian/British Asian - Pakistani,5,True,4,5,True,45,Male,White - British,In-House Fostering,2022-06-10,2023-05-26,350,Child requests end,5.02,True,False,6
8,Male,White - British,0,False,2,3,True,42,Female,Asian/British Asian - Pakistani,Residential,2025-06-07,2025-06-10,3,Placement stability concerns,32.27,False,False,1
9,Female,White - British,0,False,7,5,True,44,Female,White - British,In-House Fostering,2024-05-19,2027-03-07,1022,Behaviour concerns,7.83,False,False,1
9,Female,White - British,0,False,5,0,False,40,Female,White - Central European,Kinship,2022-06-16,2022-10-26,132,Allegation,0.95,True,True,1
7,Male,White - British,2,True,4,4,True,42,Female,White - Other,External Fostering,2025-07-24,2025-09-14,52,Behaviour concerns,4.56,False,False,3
11,Male,White - British,2,True,2,1,False,47,Female,White - British,Kinship,2025-08-06,2035-10-03,3710,Carer requests end,3.05,True,True,3
8,Trans Female,Asian/British Asian - Indian,1,True,6,3,True,39,Trans Male,White - British,External Fostering,2024-06-29,2024-12-22,176,Planned move,10.31,True,True,2
7,Male,Asian/British Asian - Pakistani,4,True,4,0,False,54,Male,White - British,In-House Fostering,2024-12-20,2029-04-14,1576,Planned move,17.61,False,False,5
8,Female,White - British,3,True,1,0,False,49,Male,White - British,Residential,2022-01-26,2022-10-09,256,Planned move,41.82,False,False,4
10,Female,Asian/British Asian - Pakistani,0,False,6,3,True,39,Male,White - British,In-House Fostering,2022-03-13,2025-08-15,1251,Child requests end,15.67,False,False,1
5,Male,White - British,5,True,4,0,False,44,Male,White - British,In-House Fostering,2025-09-19,2025-12-13,85,Carer requests end,13.26,True,False,6
5,Male,White - British,1,True,6,5,True,58,Female,White - British,External Fostering,2022-07-26,2023-03-24,241,Carer requests end,6.63,True,True,2
8,Female,White - Eastern European,0,False,2,5,True,51,Female,White - British,In-House Fostering,2024-11-20,2025-02-07,79,Placement stability concerns,15.81,False,True,1
9,Trans Female,White - British,0,False,7,5,True,39,Non binary,White - British,External Fostering,2022-02-19,2023-11-26,645,Allegation,7.2,True,False,1
1,Trans Male,White - Central European,0,False,7,0,False,58,Male,White - Eastern European,In-House Fostering,2022-11-05,2024-01-22,443,Carer requests end,18.77,False,False,1
2,Male,White - British,0,False,5,4,True,57,Trans Female,White - British,External Fostering,2024-03-11,2024-05-31,81,Behaviour concerns,11.73,False,False,1
9,Male,Asian/British Asian - Pakistani,2,True,4,5,True,50,Male,White - British,External Fostering,2024-03-24,2026-10-10,930,Behaviour concerns,15.32,True,False,3
5,Trans Female,White - British,5,True,1,4,True,36,Male,Asian/British Asian - Pakistani,In-House Fostering,2024-07-04,2025-12-17,531,Carer requests end,5.55,False,True,6
2,Female,White - British,0,False,7,2,True,52,Female,White - Eastern European,Kinship,2024-08-03,2024-12-20,139,Planned move,3.77,False,True,1
4,Female,Asian/British Asian - Pakistani,0,False,3,3,True,51,Female,White - Other,Kinship,2023-11-21,2024-02-23,94,Child requests end,0.62,False,True,1
7,Non binary,White - British,0,False,0,3,True,48,Non binary,White - British,In-House Fostering,2024-04-01,2024-06-07,67,Placement stability concerns,10.44,True,False,1
5,Female,Traveller - Other,3,True,6,2,True,41,Female,White - British,In-House Fostering,2025-10-15,2036-04-12,3832,Behaviour concerns,9.0,False,False,4
16,Male,White - Central European,4,True,3,2,True,44,Female,Asian/British Asian - Pakistani,In-House Fostering,2025-07-09,2027-03-26,625,Placement stability concerns,0.7,False,False,5
0,Male,White - British,0,False,2,4,True,47,Non binary,Asian/British Asian - Pakistani,In-House Fostering,2022-05-05,2023-08-23,475,Behaviour concerns,16.81,False,False,1
8,Male,White - British,5,True,7,4,True,35,Female,White - British,External Fostering,2024-02-08,2029-01-14,1802,Child requests end,8.5,True,False,6
9,Female,Asian/British Asian - Indian,5,True,6,3,True,48,Female,White - British,Residential,2022-05-08,2022-05-09,1,Planned move,97.23,True,False,6
7,Trans Female,Asian/British Asian - Pakistani,0,False,4,0,False,55,Female,White - British,In-House Fostering,2025-07-28,2026-05-14,290,Carer requests end,8.5,False,False,1
7,Female,Asian/British Asian - Pakistani,2,True,0,5,True,51,Male,Traveller - Other,Residential,2023-10-24,2023-11-02,9,Carer requests end,92.29,True,False,3
10,Male,Mixed - White/Black Caribbean,0,False,5,5,True,47,Female,White - British,In-House Fostering,2024-09-27,2024-11-27,61,Allegation,8.87,False,True,1
8,Male,White - Other,0,False,0,4,True,35,Female,Asian/British Asian - Pakistani,External Fostering,2024-11-11,2024-12-21,40,Child requests end,2.3,False,False,1
9,Male,Asian/British Asian - Bangladeshi,0,False,6,4,True,56,Female,Asian/British Asian - Other,In-House Fostering,2022-05-02,2023-01-20,263,Behaviour concerns,16.58,False,True,1
3,Trans Female,White - British,0,False,2,0,False,49,Male,White - British,Kinship,2023-06-11,2023-09-18,99,Allegation,3.83,True,True,1
7,Male,Asian/British Asian - Pakistani,4,True,2,2,True,54,Female,Asian/British Asian - Indian,External Fostering,2025-01-22,2029-01-08,1447,Behaviour concerns,16.95,True,True,5
7,Female,White - British,0,False,0,1,False,36,Trans Female,White - British,Kinship,2022-06-08,2022-08-24,77,Child requests end,1.11,False,True,1
8,Male,White - British,0,False,0,5,True,58,Female,White - British,In-House Fostering,2023-08-05,2023-08-30,25,Planned move,19.48,False,True,1
6,Male,White - British,2,True,4,0,False,43,Female,White - British,In-House Fostering,2022-05-07,2022-06-30,54,Allegation,4.12,False,False,3
9,Non binary,Asian/British Asian - Pakistani,0,False,5,4,True,39,Female,Asian/British Asian - Pakistani,External Fostering,2024-10-02,2026-08-30,697,Child requests end,18.17,True,True,1
7,Male,White - British,1,True,1,4,True,44,Non binary,White - British,In-House Fostering,2023-12-18,2024-03-15,88,Planned move,5.51,False,False,2
14,Male,Asian/British Asian - Pakistani,1,True,7,3,True,41,Female,White - British,External Fostering,2024-06-21,2026-09-26,827,Child requests end,18.36,True,False,2
8,Female,White - British,0,False,5,3,True,56,Male,White - British,In-House Fostering,2024-12-01,2025-02-18,79,Allegation,18.92,True,False,1
7,Male,Asian/British Asian - Pakistani,0,False,6,4,True,49,Female,White - British,External Fostering,2024-06-12,2024-06-30,18,Placement stability concerns,13.39,True,False,1
7,Trans Female,White - British,0,False,0,3,True,50,Female,White - British,Kinship,2022-10-18,2022-11-25,38,Allegation,3.84,True,False,1
9,Female,White - Irish,5,True,7,0,False,45,Male,White - British,Residential,2025-05-09,2025-05-14,5,Behaviour concerns,13.33,False,False,6
9,Female,Mixed - White/Asian,1,True,4,4,True,56,Female,White - British,External Fostering,2023-05-15,2023-07-11,57,Behaviour concerns,18.75,False,False,2
9,Male,White - British,0,False,7,1,False,38,Male,White - Eastern European,External Fostering,2023-09-22,2024-07-19,301,Behaviour concerns,15.53,False,True,1
5,Male,White - British,0,False,4,1,False,47,Male,White - Other,In-House Fostering,2023-12-30,2024-02-25,57,Child requests end,10.12,True,False,1
9,Male,White - Central European,5,True,1,1,False,60,Female,Asian/British Asian - Pakistani,Kinship,2022-10-02,2023-01-10,100,Child requests end,3.91,True,False,6
5,Male,White - British,0,False,3,1,False,45,Male,Asian/British Asian - Pakistani,In-House Fostering,2023-06-25,2023-09-19,86,Carer requests end,13.75,True,True,1
11,Female,White - British,3,True,0,5,True,52,Male,White - British,Kinship,2023-05-26,2029-09-06,2295,Planned move,0.06,False,True,4
4,Trans Male,White - British,0,False,6,2,True,47,Male,Asian/British Asian - Bangladeshi,External Fostering,2025-03-31,2025-07-03,94,Placement stability concerns,16.64,False,True,1
8,Female,Asian/British Asian - Pakistani,0,False,6,2,True,46,Male,Asian/British Asian - Pakistani,In-House Fostering,2024-05-21,2024-09-23,125,Allegation,3.83,False,False,1
8,Female,Mixed - Other,1,True,5,3,True,55,Trans Female,White - British,In-House Fostering,2022-08-19,2023-04-12,236,Child requests end,2.67,False,False,2
0,Trans Female,White - British,0,False,7,1,False,35,Trans Female,White - British,Residential,2022-10-03,2023-12-02,425,Child requests end,93.02,False,False,1
10,Female,White - Central European,0,False,3,5,True,35,Female,Asian/British Asian - Pakistani,External Fostering,2022-03-29,2022-04-25,27,Carer requests end,16.41,True,False,1
2,Male,White - British,5,True,4,5,True,40,Female,White - Eastern European,In-House Fostering,2022-01-03,2022-02-21,49,Behaviour concerns,14.24,True,False,6
9,Male,Asian/British Asian - Pakistani,0,False,5,3,True,37,Female,Asian/British Asian - Pakistani,In-House Fostering,2025-05-16,2026-02-04,264,Behaviour concerns,1.58,False,False,1
9,Female,White - British,4,True,7,1,False,35,Non binary,White - British,External Fostering,2023-08-06,2028-03-05,1673,Behaviour concerns,7.18,False,True,5
7,Trans Female,Asian/British Asian - Pakistani,4,True,7,4,True,39,Trans Female,White - British,In-House Fostering,2024-10-30,2024-11-29,30,Planned move,3.29,True,True,5
7,Female,Asian/British Asian - Pakistani,2,True,2,3,True,50,Male,Asian/British Asian - Pakistani,External Fostering,2024-01-01,2024-02-09,39,Planned move,14.46,False,True,3
2,Male,Asian/British Asian - Pakistani,5,True,6,4,True,56,Female,Asian/British Asian - Other,External Fostering,2025-06-22,2025-11-20,151,Planned move,15.08,False,True,6
11,Female,White - British,5,True,5,2,True,60,Male,Asian/British Asian - Pakistani,In-House Fostering,2025-03-01,2025-04-13,43,Allegation,6.95,True,False,6
9,Female,White - British,0,False,5,3,True,35,Trans Male,White - British,In-House Fostering,2024-01-13,2026-04-04,812,Child requests end,1.13,False,True,1
6,Female,White - British,1,True,5,4,True,48,Female,Asian/British Asian - Pakistani,External Fostering,2022-07-03,2022-12-19,169,Carer requests end,13.56,False,False,2
9,Male,White - British,0,False,6,1,False,46,Trans Male,Asian/British Asian - Pakistani,In-House Fostering,2025-03-01,2025-11-11,255,Planned move,9.71,False,False,1
6,Male,White - British,0,False,1,0,False,39,Male,Asian/British Asian - Indian,External Fostering,2023-10-24,2024-08-26,307,Planned move,7.73,True,False,1
9,Non binary,White - British,1,True,1,2,True,52,Male,Asian/British Asian - Pakistani,Residential,2024-10-18,2025-07-19,274,Child requests end,56.03,True,True,2
10,Male,Asian/British Asian - Pakistani,0,False,3,3,True,38,Male,White - British,External Fostering,2022-03-15,2022-04-26,42,Carer requests end,13.59,True,False,1
10,Female,White - British,2,True,7,0,False,57,Male,White - British,External Fostering,2024-06-24,2027-07-22,1123,Allegation,15.81,True,True,3
9,Male,White - British,0,False,1,1,False,47,Female,White - British,In-House Fostering,2023-12-19,2024-11-19,336,Placement stability concerns,17.78,True,True,1
8,Female,Asian/British Asian - Pakistani,0,False,1,2,True,55,Female,Asian/British Asian - Pakistani,Kinship,2022-05-06,2022-11-07,185,Carer requests end,0.1,True,True,1
9,Male,Asian/British Asian - Pakistani,4,True,5,1,False,37,Female,White - British,External Fostering,2023-10-07,2024-01-09,94,Allegation,16.73,False,True,5
10,Female,White - British,0,False,3,5,True,51,Male,White - British,Kinship,2022-12-02,2023-03-07,95,Allegation,2.95,False,False,1
8,Non binary,Asian/British Asian - Pakistani,0,False,6,0,False,38,Female,Asian/British Asian - Pakistani,In-House Fostering,2025-08-28,2025-10-15,48,Child requests end,8.56,True,True,1
11,Female,Asian/British Asian - Pakistani,2,True,7,2,True,38,Female,Asian/British Asian - Pakistani,In-House Fostering,2025-09-13,2025-11-23,71,Child requests end,3.98,True,True,3
8,Female,White - Eastern European,0,False,7,3,True,50,Trans Male,Asian/British Asian - Other,Kinship,2024-08-29,2026-07-06,676,Behaviour concerns,1.23,True,True,1
6,Trans Female,Asian/British Asian - Indian,1,True,2,5,True,43,Male,White - British,In-House Fostering,2025-07-08,2025-07-25,17,Child requests end,1.41,False,False,2
9,Trans Female,Asian/British Asian - Pakistani,0,False,3,1,False,36,Female,White - British,Residential,2022-04-20,2023-06-22,428,Child requests end,66.38,False,True,1
7,Male,Asian/British Asian - Pakistani,5,True,1,4,True,59,Male,White - British,Kinship,2024-10-10,2024-12-13,64,Planned move,3.23,True,True,6
7,Female,White - British,2,True,0,1,False,44,Male,Traveller - Other,In-House Fostering,2025-06-28,2031-03-28,2099,Child requests end,0.33,False,True,3
11,Female,White - British,2,True,4,1,False,48,Female,White - British,External Fostering,2022-08-11,2023-10-30,445,Carer requests end,19.77,True,True,3
9,Female,Black/Black British - African,3,True,3,2,True,38,Female,White - British,External Fostering,2023-01-18,2023-10-26,281,Child requests end,6.75,True,True,4
8,Trans Female,Asian/British Asian - Pakistani,0,False,0,0,False,37,Male,Asian/British Asian - Pakistani,External Fostering,2025-02-04,2026-02-23,384,Carer requests end,14.73,True,False,1
8,Trans Male,Asian/British Asian - Pakistani,4,True,5,4,True,48,Female,Asian/British Asian - Pakistani,Kinship,2024-06-17,2028-01-01,1293,Child requests end,4.47,True,True,5
7,Male,White - British,3,True,3,3,True,43,Female,White - British,Kinship,2023-04-20,2023-11-17,211,Carer requests end,1.9,True,True,4
8,Female,White - British,0,False,3,4,True,58,Trans Male,White - Other,In-House Fostering,2024-08-20,2025-09-06,382,Placement stability concerns,7.14,False,False,1
11,Female,White - British,0,False,2,1,False,52,Male,White - British,In-House Fostering,2025-06-19,2025-06-24,5,Allegation,11.09,True,False,1
9,Male,White - British,0,False,2,2,True,47,Male,Asian/British Asian - Pakistani,Kinship,2025-09-23,2025-12-30,98,Carer requests end,4.11,True,True,1
6,Trans Female,White - British,0,False,0,1,False,52,Male,Asian/British Asian - Pakistani,Residential,2022-10-30,2024-04-20,538,Placement stability concerns,95.28,False,True,1
9,Female,White - British,0,False,4,4,True,53,Male,White - British,Kinship,2025-10-18,2025-10-28,10,Allegation,2.22,False,False,1
3,Female,Asian/British Asian - Pakistani,0,False,2,3,True,47,Female,Asian/British Asian - Pakistani,In-House Fostering,2025-06-23,2026-06-16,358,Planned move,2.85,False,False,1
3,Male,White - British,5,True,2,5,True,57,Female,White - British,External Fostering,2023-09-26,2025-06-11,624,Carer requests end,11.64,True,True,6
6,Female,White - British,4,True,2,5,True,45,Male,White - British,Kinship,2025-05-16,2025-06-19,34,Planned move,3.59,True,True,5
10,Non binary,Asian/British Asian - Pakistani,0,False,3,0,False,54,Female,White - British,In-House Fostering,2024-04-26,2024-07-25,90,Allegation,9.36,False,True,1
6,Female,Dual Heritage - Black/White,0,False,6,0,False,51,Female,Traveller - Other,In-House Fostering,2023-05-23,2025-11-08,900,Placement stability concerns,15.61,True,True,1
4,Female,White - British,3,True,4,3,True,38,Female,Asian/British Asian - Pakistani,Kinship,2022-07-26,2022-11-26,123,Allegation,2.26,True,True,4
5,Trans Male,Asian/British Asian - Pakistani,1,True,5,3,True,51,Female,White - British,In-House Fostering,2024-09-30,2024-11-16,47,Planned move,5.99,True,True,2
11,Female,White - Central European,5,True,5,3,True,41,Female,White - Central European,In-House Fostering,2023-12-28,2024-02-26,60,Child requests end,19.35,True,True,6
14,Female,White - British,0,False,0,1,False,43,Male,White - British,External Fostering,2024-07-30,2026-11-02,825,Placement stability concerns,8.64,True,True,1
9,Trans Female,White - Eastern European,0,False,5,2,True,53,Female,Mixed - White/Black Caribbean,External Fostering,2025-04-24,2026-07-23,455,Carer requests end,15.15,False,False,1
12,Female,White - British,0,False,5,4,True,52,Female,Asian/British Asian - Pakistani,In-House Fostering,2022-09-07,2023-02-13,159,Behaviour concerns,19.8,False,False,1
11,Female,White - British,0,False,6,3,True,53,Male,White - British,In-House Fostering,2023-06-28,2023-06-30,2,Allegation,8.76,False,True,1
6,Male,White - British,0,False,6,5,True,36,Female,White - Other,External Fostering,2022-08-11,2022-10-24,74,Allegation,6.16,False,True,1
9,Female,White - British,3,True,4,0,False,38,Trans Female,White - British,In-House Fostering,2023-04-11,2023-08-29,140,Behaviour concerns,12.68,True,True,4
9,Male,White - British,0,False,1,1,False,40,Male,Asian/British Asian - Pakistani,Kinship,2022-11-09,2023-01-09,61,Allegation,0.13,True,True,1
13,Female,Asian/British Asian - Pakistani,0,False,5,2,True,40,Female,White - British,Residential,2025-02-20,2025-03-03,11,Allegation,23.65,False,False,1
8,Male,White - Eastern European,0,False,6,2,True,58,Female,White - British,In-House Fostering,2022-03-02,2022-07-22,142,Allegation,4.83,True,False,1
13,Female,White - British,4,True,2,3,True,59,Female,White - British,External Fostering,2024-11-17,2025-06-17,212,Carer requests end,13.52,False,True,5
7,Female,White - British,0,False,7,0,False,57,Female,White - British,In-House Fostering,2025-03-28,2027-01-12,655,Behaviour concerns,18.99,False,True,1
15,Trans Male,Black/Black British - African,4,True,6,3,True,39,Male,White - British,Kinship,2025-03-14,2027-06-11,819,Allegation,2.16,False,False,5
13,Trans Male,Asian/British Asian - Pakistani,3,True,5,5,True,40,Female,White - British,External Fostering,2025-08-13,2026-03-17,216,Placement stability concerns,16.93,False,True,4
9,Trans Male,White - British,0,False,4,0,False,59,Male,Asian/British Asian - Pakistani,Residential,2022-10-07,2024-01-22,472,Placement stability concerns,76.74,True,True,1
11,Male,Black/Black British - African,5,True,0,1,False,40,Male,White - British,External Fostering,2025-01-12,2025-05-19,127,Child requests end,11.01,True,False,6
9,Female,White - British,5,True,3,2,True,51,Female,White - British,Kinship,2022-07-28,2023-08-15,383,Child requests end,4.26,True,True,6
13,Trans Male,Asian/British Asian - Pakistani,0,False,6,1,False,37,Male,White - British,In-House Fostering,2023-11-05,2024-06-10,218,Allegation,12.57,False,False,1
8,Female,Asian/British Asian - Other,0,False,4,3,True,52,Female,Asian/British Asian - Pakistani,External Fostering,2024-07-03,2025-06-25,357,Behaviour concerns,1.29,False,True,1
9,Male,White - British,0,False,2,2,True,52,Male,Gypsy / Roma,Residential,2024-08-03,2030-01-29,2005,Carer requests end,34.9,True,False,1
6,Male,White - British,0,False,2,1,False,51,Female,Asian/British Asian - Pakistani,External Fostering,2024-02-14,2027-06-04,1206,Behaviour concerns,4.47,False,False,1
10,Female,White - Eastern European,0,False,0,0,False,56,Male,Asian/British Asian - Pakistani,In-House Fostering,2023-04-02,2024-11-04,582,Placement stability concerns,5.21,True,True,1
5,Female,White - British,3,True,3,2,True,60,Male,White - British,In-House Fostering,2025-07-11,2025-10-06,87,Carer requests end,16.14,False,True,4
11,Male,White - British,0,False,1,3,True,41,Female,Dual Heritage - Black/White,External Fostering,2023-05-26,2024-01-12,231,Child requests end,0.12,False,False,1
9,Male,White - British,3,True,2,3,True,43,Trans Male,Traveller of Irish Heritage,In-House Fostering,2023-10-30,2023-12-19,50,Child requests end,10.36,True,False,4
4,Male,White - British,3,True,7,1,False,52,Female,White - British,Kinship,2024-05-09,2025-09-27,506,Placement stability concerns,1.2,False,True,4
9,Female,Asian/British Asian - Pakistani,0,False,3,3,True,40,Female,Asian/British Asian - Indian,External Fostering,2023-08-18,2023-10-13,56,Allegation,4.72,True,True,1
10,Female,Black/Black British - Caribbean,0,False,3,2,True,39,Female,Asian/British Asian - Other,In-House Fostering,2022-11-14,2025-06-06,935,Placement stability concerns,4.4,True,False,1
7,Male,White - British,2,True,5,3,True,60,Male,White - Other,In-House Fostering,2025-06-12,2025-12-24,195,Planned move,18.06,True,False,3
6,Male,White - British,4,True,2,1,False,45,Male,Asian/British Asian - Pakistani,Residential,2024-11-02,2026-04-20,534,Behaviour concerns,81.8,True,True,5
10,Male,Asian/British Asian - Bangladeshi,0,False,3,4,True,51,Female,White - British,External Fostering,2024-01-06,2024-01-08,2,Allegation,9.88,False,False,1
0,Male,White - British,4,True,6,0,False,36,Female,Asian/British Asian - Pakistani,External Fostering,2025-10-03,2026-08-03,304,Child requests end,13.96,True,True,5
9,Female,White - British,0,False,6,4,True,42,Male,White - British,Kinship,2023-09-16,2023-10-11,25,Allegation,0.05,True,False,1
13,Female,White - British,0,False,1,3,True,36,Female,White - British,External Fostering,2025-10-23,2027-12-29,797,Planned move,10.07,True,True,1
2,Trans Female,White - British,0,False,7,2,True,41,Male,Asian/British Asian - Pakistani,In-House Fostering,2025-01-17,2025-02-10,24,Child requests end,2.74,True,True,1
2,Male,White - Eastern European,0,False,7,1,False,40,Trans Female,White - British,In-House Fostering,2025-09-16,2026-01-25,131,Placement stability concerns,5.47,False,False,1
8,Female,White - British,1,True,7,4,True,37,Trans Male,Black/Black British - African,Kinship,2023-12-07,2023-12-10,3,Placement stability concerns,1.05,False,True,2
7,Trans Male,Asian/British Asian - Pakistani,5,True,1,5,True,36,Male,White - British,External Fostering,2025-01-13,2026-06-03,506,Carer requests end,5.52,False,True,6
11,Male,White - British,1,True,0,2,True,60,Male,White - British,External Fostering,2024-09-26,2027-12-28,1188,Behaviour concerns,17.77,True,False,2
10,Male,White - British,0,False,6,2,True,43,Female,White - British,Kinship,2023-10-23,2023-12-05,43,Carer requests end,2.05,False,False,1
7,Trans Male,Asian/British Asian - Pakistani,3,True,6,2,True,44,Male,White - British,In-House Fostering,2025-02-03,2025-05-05,91,Planned move,19.95,False,True,4
9,Male,White - British,0,False,1,1,False,54,Non binary,Asian/British Asian - Pakistani,Kinship,2025-01-01,2030-11-18,2147,Allegation,2.5,False,False,1
7,Male,White - British,3,True,4,4,True,55,Trans Male,White - Other,In-House Fostering,2023-10-14,2024-01-02,80,Allegation,14.38,False,True,4
3,Male,White - British,5,True,2,4,True,48,Male,White - British,In-House Fostering,2023-09-13,2024-08-26,348,Carer requests end,5.66,True,False,6
4,Female,White - British,3,True,4,3,True,52,Male,White - Eastern European,In-House Fostering,2022-09-10,2030-04-14,2773,Planned move,16.13,False,False,4
11,Male,White - British,5,True,4,3,True,51,Non binary,White - British,External Fostering,2022-01-31,2022-02-16,16,Planned move,17.69,True,False,6
9,Trans Female,White - British,3,True,6,0,False,55,Male,White - British,In-House Fostering,2025-06-09,2025-08-11,63,Behaviour concerns,9.15,True,True,4
8,Trans Female,White - Other,0,False,1,0,False,51,Female,Asian/British Asian - Bangladeshi,In-House Fostering,2025-09-11,2025-09-17,6,Planned move,19.25,False,True,1
11,Female,White - British,0,False,7,0,False,40,Male,Asian/British Asian - Indian,Residential,2022-01-12,2022-02-25,44,Allegation,90.42,False,False,1
10,Female,White - British,0,False,0,1,False,38,Female,White - British,External Fostering,2022-04-01,2023-05-21,415,Behaviour concerns,9.22,False,True,1
10,Male,White - British,4,True,1,2,True,43,Male,White - British,Kinship,2022-03-01,2022-04-23,53,Child requests end,3.74,True,True,5
8,Trans Male,Black/Black British - Caribbean,4,True,6,4,True,35,Trans Male,Asian/British Asian - Pakistani,Kinship,2022-08-04,2026-05-14,1379,Child requests end,1.43,False,True,5
7,Female,White - British,3,True,4,2,True,58,Male,White - Other,In-House Fostering,2025-01-16,2025-02-06,21,Placement stability concerns,10.86,False,False,4
4,Trans Female,White - British,1,True,1,3,True,38,Male,White - British,External Fostering,2023-09-12,2023-12-04,83,Carer requests end,8.46,True,False,2
1,Trans Female,White - Central European,1,True,7,2,True,55,Female,White - British,In-House Fostering,2022-11-06,2025-10-15,1074,Behaviour concerns,15.12,False,True,2
9,Trans Male,Asian/British Asian - Pakistani,0,False,4,3,True,45,Male,White - British,External Fostering,2024-11-23,2025-02-09,78,Behaviour concerns,17.39,True,False,1
0,Female,Dual Heritage - Black/White,1,True,3,5,True,53,Trans Female,White - British,Kinship,2023-07-04,2023-11-02,121,Allegation,4.81,True,True,2
7,Male,White - British,0,False,1,1,False,58,Male,White - British,Kinship,2022-02-07,2022-03-10,31,Carer requests end,3.01,True,True,1
3,Male,Asian/British Asian - Pakistani,2,True,6,0,False,55,Male,White - British,External Fostering,2022-06-23,2022-07-08,15,Allegation,5.18,True,True,3
9,Trans Female,White - British,3,True,6,1,False,53,Male,White - Central European,In-House Fostering,2024-06-11,2024-07-30,49,Carer requests end,7.31,False,False,4
4,Male,White - British,0,False,3,3,True,49,Male,White - British,In-House Fostering,2023-09-14,2026-11-14,1157,Allegation,2.64,False,False,1
9,Female,Asian/British Asian - Pakistani,4,True,5,0,False,37,Trans Female,Asian/British Asian - Pakistani,In-House Fostering,2025-06-02,2032-04-21,2515,Placement stability concerns,19.46,False,True,5
1,Female,Asian/British Asian - Pakistani,1,True,3,4,True,56,Female,White - British,In-House Fostering,2022-03-26,2022-06-09,75,Allegation,12.91,True,False,2
9,Non binary,White - British,0,False,5,3,True,48,Trans Male,Asian/British Asian - Pakistani,External Fostering,2023-05-04,2025-04-20,717,Planned move,17.51,True,True,1
5,Female,White - British,5,True,4,0,False,43,Trans Male,White - British,External Fostering,2024-02-15,2025-10-05,598,Placement stability concerns,17.0,False,False,6
12,Male,Asian/British Asian - Pakistani,0,False,7,5,True,40,Trans Male,White - British,Residential,2024-10-23,2025-01-15,84,Behaviour concerns,40.76,False,False,1
8,Trans Male,Mixed - White/Asian,2,True,0,1,False,57,Female,Traveller of Irish Heritage,Residential,2023-09-28,2025-06-24,635,Allegation,30.47,True,False,3
10,Male,Asian/British Asian - Pakistani,1,True,1,2,True,43,Male,Asian/British Asian - Pakistani,In-House Fostering,2022-03-11,2022-04-25,45,Behaviour concerns,14.05,True,True,2
12,Trans Female,White - British,2,True,7,5,True,57,Male,Asian/British Asian - Pakistani,In-House Fostering,2022-10-08,2025-03-02,876,Carer requests end,5.49,True,False,3
2,Male,Asian/British Asian - Pakistani,0,False,6,0,False,43,Male,White - Eastern European,Kinship,2025-07-20,2026-04-26,280,Planned move,1.12,True,False,1
10,Female,Asian/British Asian - Pakistani,2,True,2,1,False,40,Female,White - British,External Fostering,2023-12-15,2024-03-02,78,Behaviour concerns,12.7,False,True,3
6,Male,White - British,0,False,2,2,True,46,Non binary,White - British,External Fostering,2022-12-14,2030-03-17,2650,Placement stability concerns,15.4,True,True,1
9,Female,Asian/British Asian - Pakistani,0,False,7,2,True,44,Male,White - British,External Fostering,2022-04-17,2025-02-12,1032,Allegation,5.56,True,True,1
5,Male,Asian/British Asian - Pakistani,4,True,6,1,False,51,Trans Female,Asian/British Asian - Pakistani,Kinship,2025-03-25,2026-01-27,308,Placement stability concerns,4.14,False,False,5
12,Male,White - Other,0,False,1,3,True,45,Male,White - British,Kinship,2023-07-24,2023-12-21,150,Allegation,3.41,True,False,1
6,Trans Female,Asian/British Asian - Pakistani,2,True,0,3,True,35,Trans Female,Asian/British Asian - Pakistani,In-House Fostering,2025-09-14,2026-01-10,118,Child requests end,13.78,True,True,3
4,Female,Asian/British Asian - Pakistani,0,False,4,0,False,48,Female,Asian/British Asian - Pakistani,In-House Fostering,2023-02-17,2023-05-13,85,Allegation,19.58,False,False,1
10,Female,White - Central European,4,True,7,2,True,38,Male,White - British,In-House Fostering,2022-07-28,2022-09-17,51,Planned move,9.93,False,True,5
12,Male,Asian/British Asian - Pakistani,5,True,5,2,True,59,Female,White - British,In-House Fostering,2023-09-26,2023-12-18,83,Planned move,12.12,False,True,6
10,Female,Asian/British Asian - Other,3,True,2,5,True,56,Female,White - British,Residential,2025-09-11,2025-09-22,11,Child requests end,33.28,True,True,4
12,Trans Male,White - British,1,True,4,5,True,36,Trans Male,Asian/British Asian - Pakistani,In-House Fostering,2023-10-21,2023-12-18,58,Placement stability concerns,17.84,False,False,2
7,Male,Mixed - Other,4,True,7,4,True,54,Male,Asian/British Asian - Pakistani,Residential,2023-04-11,2026-10-21,1289,Carer requests end,19.83,False,True,5
9,Female,White - British,0,False,0,2,True,58,Female,Asian/British Asian - Indian,In-House Fostering,2022-09-04,2025-10-31,1153,Allegation,4.48,True,False,1
3,Male,White - Eastern European,0,False,6,4,True,42,Female,Traveller - Other,In-House Fostering,2024-04-23,2024-05-13,20,Child requests end,15.37,True,False,1
8,Female,White - British,0,False,6,1,False,59,Non binary,White - British,In-House Fostering,2025-05-23,2025-07-31,69,Behaviour concerns,14.58,True,True,1
8,Female,White - Other,2,True,2,0,False,52,Male,White - British,External Fostering,2023-11-12,2024-02-03,83,Planned move,15.96,True,True,3
2,Trans Female,Asian/British Asian - Indian,0,False,7,1,False,42,Trans Female,White - British,Kinship,2022-01-06,2022-02-14,39,Carer requests end,4.01,True,False,1
9,Male,Asian/British Asian - Pakistani,5,True,1,0,False,41,Female,Dual Heritage - Black/White,External Fostering,2025-05-26,2031-11-19,2368,Allegation,2.48,True,False,6
9,Female,White - British,1,True,2,1,False,49,Female,Asian/British Asian - Pakistani,In-House Fostering,2023-11-30,2023-12-31,31,Carer requests end,2.9,True,True,2
0,Male,White - British,0,False,6,4,True,48,Male,Asian/British Asian - Pakistani,Residential,2022-12-24,2024-02-18,421,Placement stability concerns,27.21,True,False,1
3,Male,White - British,1,True,3,4,True,43,Female,White - British,Kinship,2023-06-14,2023-07-14,30,Placement stability concerns,0.58,True,False,2
9,Male,Asian/British Asian - Pakistani,0,False,4,5,True,54,Male,Asian/British Asian - Pakistani,External Fostering,2023-11-02,2024-05-03,183,Allegation,0.68,False,False,1
0,Female,White - British,2,True,4,4,True,35,Female,Asian/British Asian - Pakistani,In-House Fostering,2023-01-30,2023-12-29,333,Child requests end,11.89,False,True,3
5,Male,Asian/British Asian - Pakistani,4,True,6,4,True,52,Female,Asian/British Asian - Pakistani,In-House Fostering,2025-03-23,2025-06-19,88,Allegation,8.8,True,False,5
2,Male,White - British,0,False,5,4,True,54,Male,White - British,Kinship,2023-02-07,2024-02-12,370,Allegation,2.91,True,False,1
7,Male,White - British,4,True,2,5,True,38,Female,Asian/British Asian - Pakistani,Residential,2024-11-13,2025-01-03,51,Carer requests end,73.11,True,True,5
7,Male,Asian/British Asian - Pakistani,5,True,4,3,True,47,Trans Female,Traveller of Irish Heritage,In-House Fostering,2022-07-01,2025-01-20,934,Placement stability concerns,17.97,True,False,6
11,Non binary,White - Other,2,True,0,5,True,43,Male,White - British,Kinship,2025-10-07,2025-10-22,15,Allegation,2.72,False,False,3
7,Non binary,White - British,0,False,6,2,True,54,Male,White - British,In-House Fostering,2024-12-08,2025-06-23,197,Behaviour concerns,6.82,False,True,1
7,Male,White - British,0,False,5,4,True,46,Male,White - British,External Fostering,2023-07-17,2026-06-01,1050,Placement stability concerns,15.47,False,True,1
6,Trans Female,Asian/British Asian - Pakistani,0,False,4,5,True,51,Female,White - British,In-House Fostering,2023-11-22,2023-12-04,12,Allegation,0.11,False,True,1
9,Trans Male,Asian/British Asian - Pakistani,4,True,1,4,True,43,Male,Asian/British Asian - Pakistani,External Fostering,2024-10-15,2024-12-01,47,Carer requests end,0.35,True,False,5
10,Trans Female,White - British,0,False,6,3,True,53,Male,White - British,In-House Fostering,2025-02-26,2025-04-23,56,Planned move,5.76,True,True,1
9,Trans Female,Asian/British Asian - Pakistani,3,True,3,0,False,53,Male,Asian/British Asian - Pakistani,External Fostering,2024-11-15,2025-11-29,379,Carer requests end,8.18,False,False,4
8,Female,Asian/British Asian - Pakistani,0,False,3,0,False,38,Female,White - British,External Fostering,2024-08-27,2025-02-24,181,Carer requests end,3.61,True,False,1
8,Male,White - British,0,False,7,4,True,46,Male,White - British,In-House Fostering,2023-02-04,2023-12-20,319,Placement stability concerns,19.25,False,True,1
9,Male,Asian/British Asian - Pakistani,2,True,3,1,False,55,Female,White - British,In-House Fostering,2024-06-15,2024-09-25,102,Behaviour concerns,13.03,False,True,3
7,Male,White - British,0,False,7,3,True,40,Trans Male,White - British,Kinship,2022-05-14,2022-08-22,100,Allegation,2.8,True,False,1
9,Male,Asian/British Asian - Pakistani,0,False,0,2,True,56,Trans Female,Mixed - White/Black African,External Fostering,2024-12-09,2026-02-27,445,Allegation,11.32,False,True,1
6,Male,White - British,0,False,1,3,True,59,Female,White - British,External Fostering,2023-03-26,2025-05-30,796,Carer requests end,9.13,False,True,1
11,Non binary,Asian/British Asian - Pakistani,0,False,3,1,False,35,Female,Mixed - Other,Kinship,2022-09-24,2022-11-30,67,Placement stability concerns,2.12,False,True,1
4,Female,White - British,0,False,2,1,False,35,Male,White - British,External Fostering,2022-01-07,2022-03-14,66,Allegation,19.29,True,False,1
4,Female,Mixed - Other,0,False,6,1,False,57,Female,Asian/British Asian - Pakistani,Kinship,2025-05-01,2026-02-03,278,Behaviour concerns,0.73,True,True,1
7,Female,White - British,1,True,2,4,True,35,Female,White - British,External Fostering,2024-02-19,2024-03-04,14,Allegation,2.92,False,False,2
11,Trans Female,Black/Black British - African,0,False,3,1,False,36,Female,White - British,External Fostering,2024-01-08,2024-05-24,137,Behaviour concerns,15.98,True,True,1
8,Male,White - British,5,True,6,5,True,36,Male,Black/Black British - African,Residential,2025-05-27,2025-06-29,33,Child requests end,12.11,False,False,6
8,Female,White - British,5,True,3,3,True,37,Male,White - British,Kinship,2024-05-01,2026-01-16,625,Behaviour concerns,2.42,False,True,6
4,Male,White - British,2,True,6,0,False,55,Male,White - British,In-House Fostering,2022-08-20,2022-08-28,8,Allegation,4.51,True,True,3
9,Male,Mixed - Other,3,True,4,2,True,41,Female,White - British,In-House Fostering,2023-04-14,2025-01-24,651,Carer requests end,6.32,True,True,4
1,Male,White - Other,2,True,2,1,False,45,Female,White - British,Kinship,2023-12-21,2024-06-03,165,Allegation,2.05,False,True,3
5,Female,White - British,0,False,1,5,True,49,Male,Mixed - Other,In-House Fostering,2023-08-20,2023-09-10,21,Allegation,0.69,True,True,1
0,Female,Asian/British Asian - Chinese,3,True,1,4,True,51,Male,White - Other,Kinship,2022-01-21,2022-05-01,100,Planned move,2.7,True,True,4
11,Male,Asian/British Asian - Pakistani,1,True,3,2,True,39,Trans Male,White - British,Residential,2023-06-18,2023-08-22,65,Child requests end,94.88,True,True,2
9,Female,Asian/British Asian - Pakistani,0,False,2,3,True,54,Non binary,White - British,In-House Fostering,2023-08-31,2023-11-08,69,Allegation,2.81,True,False,1
11,Female,White - British,1,True,0,0,False,46,Female,White - British,In-House Fostering,2023-10-02,2024-03-27,177,Planned move,6.43,False,False,2
12,Female,White - British,3,True,3,0,False,44,Female,White - British,External Fostering,2024-02-07,2024-07-24,168,Placement stability concerns,4.58,True,False,4
7,Female,White - Central European,0,False,5,5,True,35,Male,White - British,In-House Fostering,2022-10-15,2023-07-17,275,Allegation,16.54,False,True,1
11,Female,Asian/British Asian - Pakistani,4,True,4,1,False,53,Female,Asian/British Asian - Pakistani,In-House Fostering,2022-09-22,2023-01-24,124,Planned move,9.38,False,True,5
7,Female,White - British,0,False,4,5,True,50,Non binary,White - British,Residential,2023-11-07,2026-03-12,856,Placement stability concerns,27.98,False,False,1
8,Male,White - British,0,False,3,3,True,40,Male,White - Central European,External Fostering,2023-11-14,2024-01-22,69,Carer requests end,13.59,False,False,1
8,Male,Asian/British Asian - Pakistani,5,True,5,5,True,48,Female,Dual Heritage - Black/White,External Fostering,2025-06-08,2025-06-30,22,Child requests end,7.34,False,True,6
5,Female,White - British,0,False,4,2,True,58,Female,White - British,External Fostering,2023-12-03,2025-01-21,415,Planned move,8.36,False,False,1
8,Female,Asian/British Asian - Pakistani,0,False,6,2,True,55,Female,White - Other,In-House Fostering,2023-06-09,2024-09-23,472,Allegation,16.06,True,True,1
2,Male,Asian/British Asian - Pakistani,4,True,5,2,True,51,Male,Asian/British Asian - Pakistani,External Fostering,2025-03-14,2027-06-06,814,Child requests end,7.77,False,False,5
13,Female,White - British,1,True,7,5,True,39,Non binary,White - Central European,Kinship,2024-10-27,2025-11-30,399,Behaviour concerns,4.46,True,False,2
5,Male,White - British,0,False,3,0,False,58,Female,White - Central European,External Fostering,2023-08-27,2025-04-07,589,Behaviour concerns,15.22,True,True,1
13,Female,White - British,3,True,0,0,False,37,Male,White - British,Residential,2023-11-22,2024-03-03,102,Allegation,99.65,True,False,4
9,Male,Asian/British Asian - Pakistani,0,False,4,1,False,55,Female,Mixed - White/Asian,External Fostering,2024-10-17,2031-03-05,2330,Planned move,6.34,False,False,1
8,Non binary,White - British,2,True,0,0,False,36,Trans Male,White - British,External Fostering,2025-01-16,2025-03-09,52,Child requests end,9.41,True,False,3
14,Male,White - British,1,True,3,5,True,54,Female,Mixed - White/Asian,Residential,2025-02-08,2026-09-20,589,Carer requests end,50.32,False,True,2
13,Male,Mixed - White/Black Caribbean,0,False,2,2,True,43,Non binary,White - British,In-House Fostering,2024-01-31,2024-04-14,74,Carer requests end,5.12,True,True,1
12,Female,White - British,2,True,4,2,True,50,Male,Asian/British Asian - Pakistani,Kinship,2022-05-08,2024-08-21,836,Carer requests end,0.73,True,True,3
6,Female,Asian/British Asian - Pakistani,0,False,0,5,True,52,Female,White - British,External Fostering,2023-06-12,2024-01-04,206,Behaviour concerns,8.01,False,True,1
9,Male,White - British,3,True,1,0,False,59,Female,White - British,In-House Fostering,2023-05-08,2023-07-15,68,Child requests end,15.92,True,True,4
6,Trans Female,White - British,0,False,7,2,True,53,Trans Male,White - British,External Fostering,2023-05-08,2023-05-15,7,Carer requests end,5.43,False,False,1
5,Trans Male,White - British,2,True,1,1,False,43,Trans Male,Asian/British Asian - Pakistani,External Fostering,2024-11-18,2026-10-13,694,Behaviour concerns,18.7,False,True,3
3,Trans Female,Asian/British Asian - Pakistani,0,False,0,1,False,55,Male,Asian/British Asian - Pakistani,In-House Fostering,2024-12-02,2026-06-20,565,Allegation,15.71,True,False,1
7,Female,White - Eastern European,0,False,1,4,True,40,Female,Traveller of Irish Heritage,Kinship,2023-11-27,2024-02-25,90,Carer requests end,3.65,True,True,1
7,Trans Male,Mixed - White/Black Caribbean,0,False,2,2,True,53,Male,White - British,In-House Fostering,2024-06-08,2024-09-09,93,Planned move,10.81,False,False,1
12,Male,White - British,1,True,1,2,True,42,Trans Male,White - British,Kinship,2023-09-16,2023-11-04,49,Child requests end,0.37,False,True,2
7,Female,White - British,0,False,3,3,True,41,Female,White - British,Kinship,2025-01-24,2025-10-11,260,Behaviour concerns,3.86,False,False,1
5,Trans Male,White - Central European,3,True,4,2,True,42,Male,Asian/British Asian - Pakistani,Kinship,2022-09-28,2022-12-21,84,Child requests end,0.34,True,True,4
11,Female,White - British,0,False,1,0,False,35,Female,White - British,In-House Fostering,2023-04-26,2026-06-17,1148,Child requests end,5.58,False,False,1
8,Male,White - British,5,True,6,4,True,54,Male,Asian/British Asian - Bangladeshi,External Fostering,2023-06-26,2023-09-07,73,Planned move,12.44,False,False,6
8,Male,Asian/British Asian - Pakistani,4,True,5,2,True,39,Male,Asian/British Asian - Pakistani,Kinship,2022-12-26,2026-08-14,1327,Child requests end,2.33,True,False,5
9,Female,White - British,5,True,2,4,True,48,Male,White - Eastern European,External Fostering,2025-04-21,2025-09-26,158,Placement stability concerns,7.19,False,False,6
7,Male,White - British,4,True,5,1,False,47,Female,White - British,In-House Fostering,2023-10-13,2025-05-25,590,Carer requests end,16.84,False,True,5
5,Non binary,White - British,3,True,7,2,True,58,Female,Asian/British Asian - Other,Kinship,2022-12-02,2024-04-27,512,Behaviour concerns,1.01,False,False,4
6,Female,Asian/British Asian - Pakistani,5,True,4,0,False,45,Female,White - British,In-House Fostering,2025-01-26,2025-03-20,53,Behaviour concerns,17.23,True,False,6
2,Trans Female,White - British,0,False,6,5,True,55,Female,White - Central European,In-House Fostering,2025-04-05,2025-05-11,36,Planned move,10.09,True,False,1
8,Trans Female,White - Eastern European,1,True,6,0,False,35,Trans Male,Gypsy / Roma,In-House Fostering,2025-05-06,2025-05-30,24,Placement stability concerns,19.46,False,True,2
11,Female,Asian/British Asian - Bangladeshi,1,True,6,0,False,42,Trans Female,Asian/British Asian - Pakistani,External Fostering,2024-11-29,2025-01-26,58,Placement stability concerns,18.8,True,True,2
5,Male,White - British,0,False,5,1,False,50,Female,White - British,External Fostering,2025-10-10,2026-11-01,387,Placement stability concerns,16.29,False,True,1
1,Female,Asian/British Asian - Other,4,True,6,1,False,35,Trans Male,White - British,Kinship,2023-10-03,2023-11-14,42,Behaviour concerns,0.3,False,True,5
11,Male,Dual Heritage - Black/White,1,True,6,1,False,49,Non binary,White - British,In-House Fostering,2025-05-13,2026-04-29,351,Planned move,14.21,True,False,2
13,Male,Asian/British Asian - Pakistani,1,True,3,4,True,35,Female,Asian/British Asian - Indian,In-House Fostering,2022-02-05,2022-04-01,55,Allegation,4.91,False,False,2
8,Trans Female,White - British,0,False,1,5,True,48,Female,Asian/British Asian - Pakistani,External Fostering,2024-03-11,2025-07-08,484,Carer requests end,18.5,False,True,1
10,Female,Asian/British Asian - Pakistani,5,True,6,5,True,47,Non binary,White - British,External Fostering,2023-06-09,2025-06-24,746,Allegation,6.3,False,True,6
9,Female,White - British,0,False,4,0,False,49,Trans Male,Asian/British Asian - Pakistani,Kinship,2024-11-14,2025-01-29,76,Carer requests end,1.94,False,False,1
3,Male,White - Central European,0,False,4,4,True,43,Male,White - British,Residential,2025-03-04,2025-05-13,70,Child requests end,69.38,True,True,1
4,Female,Asian/British Asian - Pakistani,0,False,1,1,False,49,Trans Female,White - British,Kinship,2022-12-31,2023-03-03,62,Placement stability concerns,2.52,True,True,1
5,Female,Asian/British Asian - Pakistani,1,True,1,0,False,49,Male,White - British,External Fostering,2022-04-11,2023-12-04,602,Allegation,17.91,False,False,2
6,Female,White - Other,4,True,6,2,True,42,Female,White - British,External Fostering,2025-02-21,2025-03-20,27,Placement stability concerns,8.13,False,False,5
8,Male,White - British,3,True,3,5,True,45,Trans Male,White - British,In-House Fostering,2024-04-04,2024-07-02,89,Placement stability concerns,19.44,True,True,4
7,Male,White - British,3,True,0,2,True,41,Female,White - British,In-House Fostering,2023-04-07,2023-11-27,234,Carer requests end,9.83,True,False,4
6,Male,White - British,2,True,3,0,False,54,Male,Asian/British Asian - Pakistani,External Fostering,2025-09-03,2025-10-22,49,Planned move,17.7,False,False,3
8,Male,White - British,2,True,7,1,False,55,Male,Asian/British Asian - Indian,Residential,2024-02-19,2024-05-28,99,Child requests end,50.31,True,False,3
4,Non binary,Asian/British Asian - Pakistani,3,True,5,4,True,59,Trans Female,White - British,In-House Fostering,2022-05-09,2023-04-03,329,Planned move,19.09,True,False,4
1,Male,White - Other,1,True,1,2,True,47,Female,White - British,External Fostering,2025-06-04,2027-07-06,762,Allegation,15.29,True,True,2
6,Female,White - British,0,False,5,5,True,48,Male,White - British,In-House Fostering,2022-01-13,2022-10-05,265,Planned move,1.35,False,False,1
10,Female,Dual Heritage - Black/White,2,True,0,1,False,52,Female,White - British,Residential,2022-12-04,2024-04-11,494,Allegation,42.15,True,False,3
11,Female,White - British,0,False,0,0,False,53,Male,White - British,Kinship,2024-12-07,2025-11-29,357,Allegation,3.85,False,False,1
12,Female,White - British,3,True,2,4,True,59,Trans Male,White - British,Residential,2022-02-15,2024-06-19,855,Child requests end,67.4,True,False,4
6,Male,Asian/British Asian - Other,0,False,3,0,False,57,Female,Asian/British Asian - Bangladeshi,In-House Fostering,2022-07-12,2022-09-14,64,Allegation,1.13,True,False,1
9,Male,White - British,0,False,2,0,False,60,Trans Female,Asian/British Asian - Pakistani,In-House Fostering,2025-09-07,2025-11-20,74,Allegation,19.93,False,True,1
9,Trans Female,Gypsy / Roma,1,True,5,0,False,60,Female,White - British,In-House Fostering,2024-04-14,2024-04-17,3,Behaviour concerns,1.23,False,False,2
7,Female,White - British,0,False,4,2,True,53,Female,White - British,Kinship,2022-10-21,2023-11-02,377,Allegation,0.55,True,False,1
8,Trans Male,White - British,2,True,5,5,True,57,Female,White - British,External Fostering,2022-04-29,2022-12-19,234,Allegation,16.98,True,False,3
7,Female,White - British,0,False,1,4,True,37,Female,White - Central European,In-House Fostering,2025-09-28,2025-11-20,53,Planned move,2.61,True,False,1
10,Male,White - British,0,False,1,5,True,44,Male,White - British,External Fostering,2022-04-15,2022-12-06,235,Planned move,5.43,False,False,1
8,Female,White - British,0,False,6,1,False,50,Male,White - British,In-House Fostering,2025-10-06,2025-11-01,26,Carer requests end,0.82,True,True,1
5,Trans Male,White - British,2,True,7,5,True,53,Female,White - British,Kinship,2022-03-07,2022-07-19,134,Behaviour concerns,1.01,True,False,3
12,Female,Black/Black British - African,0,False,5,4,True,54,Female,Black/Black British - African,In-House Fostering,2023-10-16,2024-07-02,260,Carer requests end,1.43,True,True,1
9,Trans Male,Asian/British Asian - Pakistani,0,False,0,3,True,48,Male,Asian/British Asian - Pakistani,External Fostering,2025-06-28,2025-09-15,79,Carer requests end,16.76,False,True,1
9,Trans Male,Asian/British Asian - Pakistani,0,False,7,4,True,46,Female,White - British,In-House Fostering,2025-10-02,2026-01-04,94,Behaviour concerns,14.11,True,False,1
7,Male,Gypsy / Roma,1,True,5,3,True,48,Male,White - British,External Fostering,2023-08-17,2024-03-10,206,Behaviour concerns,6.05,False,False,2
10,Trans Male,Mixed - White/Black Caribbean,3,True,0,2,True,48,Non binary,White - British,In-House Fostering,2023-12-13,2025-08-17,613,Behaviour concerns,17.38,False,False,4
11,Female,White - British,0,False,2,5,True,51,Male,White - British,External Fostering,2025-07-07,2025-08-05,29,Allegation,2.3,True,True,1
6,Female,Asian/British Asian - Pakistani,0,False,4,3,True,55,Female,White - British,In-House Fostering,2024-09-05,2024-10-05,30,Carer requests end,13.84,False,False,1
8,Female,White - British,1,True,2,0,False,43,Male,White - British,External Fostering,2022-11-25,2025-03-14,840,Child requests end,14.34,False,False,2
8,Female,Asian/British Asian - Pakistani,0,False,2,3,True,35,Female,White - Other,Kinship,2025-09-26,2026-11-25,425,Carer requests end,0.88,False,False,1
4,Male,White - British,0,False,5,3,True,50,Female,Asian/British Asian - Pakistani,Kinship,2022-04-09,2022-11-07,212,Planned move,3.3,True,False,1
14,Female,Asian/British Asian - Pakistani,5,True,1,3,True,43,Non binary,White - British,External Fostering,2025-05-29,2025-07-13,45,Carer requests end,13.56,True,True,6
5,Female,Asian/British Asian - Pakistani,0,False,6,4,True,49,Male,Asian/British Asian - Indian,External Fostering,2025-07-13,2028-03-06,967,Placement stability concerns,7.09,True,True,1
6,Female,White - British,0,False,2,3,True,51,Male,Asian/British Asian - Pakistani,External Fostering,2023-01-03,2024-03-15,437,Planned move,9.43,True,True,1
8,Female,Asian/British Asian - Pakistani,1,True,4,1,False,52,Male,Asian/British Asian - Bangladeshi,In-House Fostering,2022-08-14,2023-12-09,482,Placement stability concerns,8.49,True,False,2
10,Male,White - British,0,False,0,0,False,38,Trans Female,White - British,External Fostering,2022-09-05,2022-10-16,41,Child requests end,2.2,True,False,1
8,Female,Asian/British Asian - Pakistani,3,True,6,4,True,54,Trans Male,White - British,In-House Fostering,2024-08-25,2032-01-14,2698,Allegation,17.52,False,True,4
7,Male,White - British,1,True,5,1,False,58,Female,White - Central European,Kinship,2023-07-10,2023-08-17,38,Placement stability concerns,1.16,True,False,2
8,Trans Male,Asian/British Asian - Pakistani,0,False,1,0,False,60,Male,Asian/British Asian - Pakistani,External Fostering,2024-09-30,2024-10-08,8,Planned move,2.88,True,False,1
5,Male,Asian/British Asian - Pakistani,0,False,2,2,True,55,Female,Asian/British Asian - Indian,In-House Fostering,2024-03-19,2024-06-19,92,Child requests end,8.12,True,True,1
3,Female,White - Eastern European,5,True,3,2,True,44,Female,White - British,External Fostering,2022-11-09,2024-07-09,608,Placement stability concerns,13.66,False,False,6
3,Non binary,White - British,0,False,7,2,True,40,Male,Asian/British Asian - Bangladeshi,In-House Fostering,2022-06-06,2022-07-15,39,Allegation,16.65,True,False,1
7,Male,White - Other,0,False,6,3,True,35,Female,Asian/British Asian - Pakistani,External Fostering,2022-01-22,2022-01-25,3,Behaviour concerns,6.28,True,False,1
12,Trans Male,White - British,4,True,6,4,True,42,Female,Asian/British Asian - Pakistani,Residential,2024-09-12,2025-02-02,143,Behaviour concerns,36.03,False,False,5
11,Male,Asian/British Asian - Pakistani,0,False,2,2,True,41,Female,Asian/British Asian - Pakistani,In-House Fostering,2023-12-31,2024-01-05,5,Child requests end,2.24,False,True,1
6,Male,White - Central European,0,False,2,3,True,41,Female,Mixed - White/Black Caribbean,In-House Fostering,2023-01-08,2023-04-18,100,Carer requests end,11.44,False,True,1
11,Trans Male,Mixed - White/Black African,5,True,5,3,True,39,Non binary,White - British,Kinship,2024-06-12,2025-09-19,464,Allegation,1.75,False,True,6
1,Female,White - Central European,0,False,1,0,False,49,Female,Asian/British Asian - Pakistani,Kinship,2023-12-05,2024-07-17,225,Allegation,0.54,True,True,1
9,Male,White - British,0,False,4,2,True,41,Female,Asian/British Asian - Other,Residential,2024-09-14,2035-04-13,3863,Allegation,69.58,False,True,1
3,Trans Male,White - British,0,False,5,2,True,40,Trans Male,Asian/British Asian - Pakistani,External Fostering,2024-11-08,2025-01-27,80,Carer requests end,6.56,True,False,1
11,Male,White - British,0,False,3,0,False,44,Trans Female,Asian/British Asian - Pakistani,Kinship,2024-07-19,2024-12-23,157,Allegation,0.92,False,False,1
8,Non binary,White - British,4,True,2,0,False,54,Trans Female,White - British,Kinship,2023-04-09,2023-07-17,99,Carer requests end,0.48,False,False,5
7,Trans Male,Asian/British Asian - Pakistani,2,True,0,5,True,40,Non binary,Asian/British Asian - Pakistani,Kinship,2023-03-08,2024-09-15,557,Carer requests end,3.97,True,False,3
8,Trans Female,White - British,5,True,7,1,False,46,Trans Female,White - British,External Fostering,2023-06-26,2023-08-13,48,Behaviour concerns,13.25,True,True,6
11,Female,White - British,0,False,3,4,True,43,Male,Asian/British Asian - Pakistani,External Fostering,2025-08-28,2025-08-29,1,Carer requests end,12.11,False,False,1
9,Female,White - Other,0,False,3,5,True,54,Male,Asian/British Asian - Pakistani,External Fostering,2023-01-08,2025-06-25,899,Carer requests end,19.71,False,False,1
11,Female,White - British,0,False,0,1,False,45,Female,White - British,In-House Fostering,2025-09-16,2026-11-10,420,Planned move,12.41,True,False,1
3,Female,Asian/British Asian - Pakistani,0,False,4,3,True,58,Female,White - British,Kinship,2024-05-06,2024-08-13,99,Child requests end,3.45,False,False,1
7,Female,White - Other,0,False,2,1,False,37,Trans Male,Gypsy / Roma,In-House Fostering,2024-01-21,2024-09-07,230,Planned move,0.83,False,True,1
13,Non binary,Asian/British Asian - Pakistani,5,True,3,1,False,36,Trans Female,Black/Black British - African,In-House Fostering,2022-12-13,2029-05-09,2339,Behaviour concerns,9.77,False,False,6
11,Trans Female,White - Eastern European,0,False,1,5,True,56,Trans Male,Asian/British Asian - Indian,External Fostering,2023-04-08,2025-07-03,817,Child requests end,12.68,True,False,1
5,Trans Female,White - British,4,True,0,1,False,41,Female,White - British,In-House Fostering,2024-08-08,2024-10-01,54,Child requests end,15.94,True,False,5
14,Female,White - British,1,True,3,3,True,35,Male,Asian/British Asian - Bangladeshi,Kinship,2025-03-07,2025-09-20,197,Planned move,4.06,True,True,2
7,Male,Mixed - White/Asian,2,True,5,5,True,45,Trans Male,Asian/British Asian - Pakistani,In-House Fostering,2025-01-06,2025-12-21,349,Planned move,7.26,False,True,3
8,Female,White - British,0,False,3,2,True,36,Male,White - British,External Fostering,2022-01-15,2022-04-13,88,Behaviour concerns,0.31,True,True,1
12,Male,Asian/British Asian - Pakistani,2,True,3,3,True,48,Male,Asian/British Asian - Other,External Fostering,2022-12-12,2024-06-08,544,Planned move,6.76,True,False,3
7,Female,White - British,0,False,4,5,True,49,Male,White - British,External Fostering,2025-08-09,2026-10-04,421,Carer requests end,18.52,False,False,1
9,Female,Asian/British Asian - Pakistani,0,False,3,0,False,43,Male,White - Other,External Fostering,2024-05-06,2024-07-10,65,Child requests end,15.08,False,True,1
6,Female,Asian/British Asian - Pakistani,4,True,1,3,True,47,Trans Male,White - British,In-House Fostering,2023-07-08,2023-08-28,51,Planned move,0.31,True,True,5
3,Female,Asian/British Asian - Pakistani,0,False,6,1,False,37,Female,White - British,In-House Fostering,2024-08-23,2025-09-28,401,Allegation,7.44,True,True,1
4,Trans Female,Mixed - White/Asian,0,False,0,5,True,39,Female,Asian/British Asian - Pakistani,Kinship,2024-12-11,2025-05-28,168,Allegation,2.86,False,False,1
9,Male,White - British,0,False,7,4,True,55,Male,White - British,External Fostering,2024-11-12,2025-02-15,95,Behaviour concerns,16.03,True,True,1
9,Female,Asian/British Asian - Pakistani,1,True,0,1,False,47,Female,White - Eastern European,External Fostering,2023-07-01,2027-08-02,1493,Behaviour concerns,8.52,False,False,2
7,Female,Gypsy / Roma,5,True,7,1,False,46,Female,White - British,Kinship,2025-09-20,2025-11-19,60,Allegation,3.95,False,False,6
4,Trans Male,White - Central European,0,False,7,3,True,46,Female,White - British,In-House Fostering,2022-06-05,2023-03-27,295,Child requests end,7.5,False,True,1
5,Female,White - Eastern European,2,True,3,4,True,37,Female,White - British,In-House Fostering,2024-03-16,2026-08-21,888,Behaviour concerns,19.86,True,True,3
9,Trans Female,White - British,0,False,6,3,True,51,Female,White - British,External Fostering,2022-12-16,2023-01-19,34,Allegation,5.15,False,True,1
11,Female,White - Other,0,False,5,0,False,53,Male,White - British,External Fostering,2025-08-11,2029-07-08,1427,Placement stability concerns,19.38,False,True,1
9,Male,White - British,0,False,4,3,True,55,Male,White - British,External Fostering,2023-01-27,2023-06-06,130,Behaviour concerns,6.7,True,False,1
11,Female,White - British,1,True,3,2,True,51,Trans Male,White - Central European,External Fostering,2023-12-13,2027-07-29,1324,Allegation,5.3,True,True,2
1,Female,White - British,2,True,1,3,True,44,Male,White - British,In-House Fostering,2022-05-09,2022-05-13,4,Planned move,10.5,False,False,3
5,Female,Mixed - White/Asian,5,True,1,4,True,59,Male,White - British,Residential,2024-02-09,2024-03-13,33,Placement stability concerns,69.12,True,True,6
11,Female,Asian/British Asian - Pakistani,5,True,5,2,True,49,Trans Female,Asian/British Asian - Pakistani,Kinship,2025-08-30,2027-01-07,495,Allegation,2.59,False,True,6
8,Female,Asian/British Asian - Pakistani,0,False,1,1,False,53,Female,Mixed - White/Asian,External Fostering,2024-10-30,2025-12-14,410,Behaviour concerns,8.31,True,True,1
6,Male,Asian/British Asian - Pakistani,4,True,3,1,False,49,Male,Asian/British Asian - Pakistani,In-House Fostering,2024-04-27,2024-06-24,58,Allegation,19.12,True,False,5
4,Male,White - British,3,True,5,3,True,59,Male,Mixed - White/Asian,In-House Fostering,2023-10-25,2024-07-11,260,Behaviour concerns,4.2,False,False,4
10,Female,White - Other,0,False,2,5,True,41,Female,White - British,In-House Fostering,2022-09-16,2023-11-29,439,Carer requests end,14.74,False,False,1
8,Female,White - Central European,2,True,6,2,True,56,Male,Asian/British Asian - Pakistani,In-House Fostering,2024-05-03,2024-08-08,97,Behaviour concerns,16.88,False,False,3
7,Male,White - British,5,True,1,4,True,48,Male,White - British,In-House Fostering,2023-04-23,2023-06-15,53,Planned move,17.58,False,False,6
12,Female,Asian/British Asian - Pakistani,0,False,5,5,True,59,Male,White - British,External Fostering,2025-08-23,2026-09-21,394,Planned move,9.36,False,True,1
11,Trans Male,White - British,0,False,0,1,False,54,Female,White - British,External Fostering,2023-11-13,2024-09-19,311,Behaviour concerns,19.44,True,True,1
11,Trans Female,White - British,0,False,4,4,True,44,Male,White - British,In-House Fostering,2022-04-26,2024-08-30,857,Placement stability concerns,11.71,False,False,1
6,Non binary,Asian/British Asian - Pakistani,0,False,3,4,True,36,Male,White - British,In-House Fostering,2025-01-24,2026-03-03,403,Behaviour concerns,13.05,False,True,1
7,Male,Asian/British Asian - Pakistani,1,True,4,5,True,35,Male,White - British,In-House Fostering,2025-06-23,2027-08-16,784,Behaviour concerns,12.4,True,False,2
8,Male,White - Other,3,True,7,4,True,47,Male,Asian/British Asian - Chinese,Kinship,2024-04-13,2027-09-16,1251,Carer requests end,5.0,False,False,4
17,Male,White - British,0,False,1,0,False,37,Female,White - British,Kinship,2025-06-05,2025-08-21,77,Allegation,2.09,False,True,1
13,Trans Male,White - British,2,True,5,0,False,39,Female,Asian/British Asian - Pakistani,External Fostering,2024-10-03,2024-11-01,29,Planned move,4.37,False,True,3
1,Trans Male,White - British,1,True,5,1,False,54,Female,White - British,External Fostering,2022-04-26,2024-03-22,696,Carer requests end,10.97,False,False,2
10,Female,White - British,2,True,1,0,False,57,Female,White - British,In-House Fostering,2025-01-27,2025-02-18,22,Child requests end,11.36,False,True,3
11,Male,White - Central European,4,True,7,3,True,41,Female,White - British,External Fostering,2023-10-24,2025-09-07,684,Placement stability concerns,2.2,False,True,5
8,Female,Asian/British Asian - Pakistani,0,False,2,3,True,59,Female,Traveller - Other,Kinship,2024-02-22,2024-03-09,16,Behaviour concerns,4.06,False,True,1
4,Trans Female,White - British,0,False,2,5,True,46,Trans Female,Asian/British Asian - Pakistani,Kinship,2025-01-10,2025-01-15,5,Carer requests end,0.64,True,True,1
9,Male,Asian/British Asian - Pakistani,0,False,1,2,True,46,Non binary,White - British,External Fostering,2022-12-01,2023-02-12,73,Behaviour concerns,18.11,True,True,1
7,Male,White - British,3,True,4,1,False,60,Trans Female,Mixed - White/Black African,Kinship,2024-10-06,2024-11-13,38,Behaviour concerns,2.42,False,False,4
9,Male,White - British,3,True,0,4,True,53,Female,White - British,Residential,2023-10-09,2024-08-16,312,Allegation,74.46,False,True,4
10,Trans Male,White - British,3,True,5,4,True,56,Female,White - British,External Fostering,2025-10-13,2029-03-07,1241,Placement stability concerns,18.35,True,False,4
4,Trans Male,White - British,5,True,1,4,True,53,Female,White - British,External Fostering,2023-06-19,2025-02-09,601,Allegation,6.53,False,False,6
5,Male,White - British,0,False,6,4,True,57,Female,Asian/British Asian - Pakistani,In-House Fostering,2022-02-10,2022-02-11,1,Carer requests end,6.03,False,False,1
12,Male,White - Central European,0,False,0,5,True,51,Trans Male,Asian/British Asian - Pakistani,In-House Fostering,2024-02-28,2025-05-03,430,Child requests end,12.25,True,True,1
9,Male,White - British,0,False,3,2,True,43,Female,White - British,In-House Fostering,2024-10-25,2024-12-22,58,Behaviour concerns,6.98,False,True,1
17,Female,White - British,0,False,0,2,True,56,Trans Male,Dual Heritage - Black/White,Residential,2023-10-12,2023-11-13,32,Allegation,61.12,False,False,1
5,Male,White - British,1,True,7,2,True,35,Male,White - Central European,External Fostering,2025-06-19,2025-07-30,41,Allegation,2.32,False,False,2
9,Female,White - British,4,True,6,1,False,55,Male,White - British,In-House Fostering,2024-11-06,2026-10-28,721,Placement stability concerns,8.35,True,True,5
8,Male,White - British,1,True,7,4,True,46,Female,Asian/British Asian - Pakistani,In-House Fostering,2022-07-11,2026-08-14,1495,Allegation,2.86,True,True,2
11,Male,White - Central European,2,True,7,0,False,53,Non binary,White - Other,In-House Fostering,2023-09-20,2023-10-24,34,Placement stability concerns,4.48,False,False,3
8,Female,Asian/British Asian - Pakistani,0,False,7,4,True,56,Trans Female,White - British,In-House Fostering,2024-09-18,2024-11-16,59,Child requests end,13.76,True,True,1
8,Female,Asian/British Asian - Pakistani,2,True,2,3,True,41,Male,White - British,External Fostering,2023-04-19,2024-06-06,414,Planned move,17.84,True,False,3
8,Male,White - Central European,0,False,6,5,True,43,Male,White - British,In-House Fostering,2022-01-28,2024-01-06,708,Behaviour concerns,1.46,False,True,1
14,Trans Female,White - Central European,0,False,4,0,False,52,Female,Asian/British Asian - Pakistani,In-House Fostering,2024-09-29,2025-01-14,107,Behaviour concerns,11.29,False,True,1
16,Female,White - Eastern European,0,False,0,2,True,35,Male,White - Central European,Kinship,2022-04-05,2023-08-12,494,Carer requests end,1.92,False,False,1
0,Non binary,Asian/British Asian - Pakistani,0,False,3,2,True,39,Trans Female,White - British,In-House Fostering,2024-11-21,2025-06-10,201,Placement stability concerns,5.26,False,False,1
8,Female,White - British,5,True,6,0,False,60,Male,Asian/British Asian - Bangladeshi,In-House Fostering,2025-06-14,2026-09-10,453,Child requests end,6.55,True,False,6
8,Male,White - Other,4,True,0,4,True,57,Trans Male,White - British,Kinship,2022-09-08,2024-01-10,489,Allegation,4.58,False,True,5
6,Non binary,White - Eastern European,5,True,1,5,True,58,Non binary,Asian/British Asian - Pakistani,Residential,2025-07-18,2027-09-03,777,Child requests end,48.09,True,False,6
15,Male,Asian/British Asian - Pakistani,0,False,3,3,True,49,Female,White - Central European,External Fostering,2025-02-16,2025-04-24,67,Behaviour concerns,18.04,False,False,1
5,Non binary,Asian/British Asian - Pakistani,4,True,5,2,True,46,Female,White - British,In-House Fostering,2025-06-01,2026-06-04,368,Allegation,16.22,False,False,5
7,Female,White - British,4,True,2,3,True,47,Male,Asian/British Asian - Pakistani,External Fostering,2023-02-25,2024-07-26,517,Placement stability concerns,7.51,False,False,5
11,Female,White - British,5,True,1,4,True,35,Male,Asian/British Asian - Bangladeshi,In-House Fostering,2022-06-20,2023-10-07,474,Carer requests end,12.8,False,True,6
8,Female,White - British,0,False,4,4,True,59,Female,White - British,Kinship,2025-03-19,2026-01-26,313,Behaviour concerns,0.17,False,False,1
7,Female,White - British,4,True,5,1,False,42,Trans Female,White - British,External Fostering,2022-06-13,2023-08-04,417,Behaviour concerns,2.41,False,True,5
9,Trans Female,White - British,2,True,0,4,True,42,Trans Male,White - British,In-House Fostering,2022-09-21,2022-12-26,96,Behaviour concerns,13.92,False,True,3
9,Male,White - Central European,5,True,5,2,True,45,Trans Male,White - British,In-House Fostering,2024-04-03,2024-04-15,12,Carer requests end,10.08,False,False,6
12,Male,Asian/British Asian - Pakistani,0,False,3,4,True,38,Female,Asian/British Asian - Pakistani,In-House Fostering,2022-10-20,2023-09-11,326,Placement stability concerns,2.05,True,True,1
6,Trans Male,White - Central European,4,True,1,2,True,55,Female,White - British,External Fostering,2022-01-07,2022-04-26,109,Behaviour concerns,17.99,False,True,5
9,Male,Asian/British Asian - Pakistani,2,True,0,2,True,37,Male,White - Irish,In-House Fostering,2024-01-10,2025-07-04,541,Allegation,12.9,True,False,3
2,Male,Asian/British Asian - Pakistani,3,True,2,1,False,56,Trans Female,Asian/British Asian - Pakistani,External Fostering,2024-01-27,2024-11-26,304,Allegation,6.94,False,True,4
9,Trans Female,White - British,4,True,1,5,True,44,Female,White - British,In-House Fostering,2023-07-11,2024-10-18,465,Planned move,0.33,True,True,5
10,Male,Asian/British Asian - Pakistani,0,False,1,1,False,48,Male,Asian/British Asian - Pakistani,In-House Fostering,2025-01-17,2026-10-19,640,Carer requests end,16.64,False,True,1
2,Trans Male,Asian/British Asian - Bangladeshi,5,True,0,1,False,47,Non binary,White - British,External Fostering,2023-06-21,2024-08-02,408,Child requests end,1.59,False,False,6
5,Male,White - British,0,False,1,3,True,52,Female,White - British,External Fostering,2022-04-10,2022-06-19,70,Placement stability concerns,5.56,False,False,1
9,Trans Female,Black/Black British - African,5,True,2,1,False,45,Female,White - British,In-House Fostering,2022-02-17,2023-02-04,352,Placement stability concerns,15.1,False,False,6
3,Female,Asian/British Asian - Pakistani,4,True,5,0,False,43,Male,White - British,External Fostering,2023-07-20,2025-11-10,844,Carer requests end,18.93,False,True,5
6,Male,Dual Heritage - Black/White,4,True,5,0,False,53,Female,Asian/British Asian - Pakistani,Kinship,2025-09-16,2027-05-29,620,Child requests end,1.21,True,True,5
9,Trans Male,White - British,1,True,6,3,True,37,Male,White - British,In-House Fostering,2022-01-03,2024-04-24,842,Child requests end,14.82,False,True,2
8,Male,Mixed - Other,5,True,4,3,True,41,Male,White - British,In-House Fostering,2022-03-15,2022-07-19,126,Child requests end,0.54,False,False,6
7,Female,Asian/British Asian - Pakistani,0,False,4,0,False,46,Female,Asian/British Asian - Pakistani,In-House Fostering,2024-10-18,2024-12-07,50,Allegation,11.86,True,False,1
7,Female,White - British,0,False,2,1,False,60,Male,White - British,In-House Fostering,2023-01-08,2023-03-18,69,Carer requests end,3.8,True,False,1
4,Male,Asian/British Asian - Pakistani,2,True,1,2,True,37,Female,White - British,External Fostering,2022-05-20,2022-06-01,12,Behaviour concerns,10.87,False,True,3
6,Male,White - British,0,False,2,2,True,39,Non binary,White - British,External Fostering,2025-08-27,2027-12-05,830,Carer requests end,5.08,False,True,1
13,Trans Male,White - British,0,False,5,1,False,56,Female,White - British,In-House Fostering,2022-04-29,2027-08-07,1926,Carer requests end,3.55,False,False,1
4,Male,White - British,2,True,3,3,True,53,Trans Male,White - British,In-House Fostering,2025-01-17,2025-01-26,9,Placement stability concerns,3.25,False,True,3
7,Female,White - Eastern European,0,False,1,1,False,60,Male,White - British,External Fostering,2022-04-25,2022-07-10,76,Child requests end,13.41,True,False,1
10,Female,White - British,0,False,7,0,False,41,Male,White - Other,Kinship,2025-10-31,2026-01-27,88,Child requests end,0.12,True,False,1
6,Non binary,White - Central European,0,False,7,0,False,53,Male,White - British,Kinship,2024-07-07,2024-08-02,26,Child requests end,2.15,True,True,1
5,Female,Asian/British Asian - Pakistani,1,True,5,3,True,39,Non binary,White - British,External Fostering,2025-01-03,2025-06-16,164,Child requests end,4.59,False,True,2
10,Male,White - British,0,False,1,2,True,39,Female,White - British,External Fostering,2023-08-16,2030-03-15,2403,Carer requests end,0.1,False,True,1
12,Female,White - British,0,False,0,4,True,39,Trans Female,White - Irish,In-House Fostering,2024-11-18,2025-02-21,95,Allegation,19.62,False,False,1
7,Female,Dual Heritage - Black/White,0,False,7,1,False,56,Male,Asian/British Asian - Pakistani,External Fostering,2024-07-24,2025-02-10,201,Allegation,9.54,True,False,1
4,Trans Male,White - British,3,True,7,4,True,49,Female,Asian/British Asian - Pakistani,External Fostering,2022-05-23,2022-05-30,7,Carer requests end,0.72,False,False,4
8,Female,Mixed - White/Asian,4,True,5,4,True,55,Male,White - British,External Fostering,2024-06-01,2024-09-08,99,Child requests end,19.71,False,False,5
2,Male,White - British,1,True,6,2,True,39,Male,White - Central European,External Fostering,2023-01-22,2023-11-07,289,Behaviour concerns,19.34,True,False,2
9,Male,Dual Heritage - Black/White,0,False,6,4,True,43,Male,White - Central European,External Fostering,2024-10-10,2025-01-08,90,Placement stability concerns,10.92,False,True,1
6,Female,White - British,0,False,1,5,True,39,Female,Asian/British Asian - Pakistani,In-House Fostering,2022-05-01,2023-04-10,344,Behaviour concerns,10.39,False,True,1
9,Male,White - Other,0,False,3,1,False,38,Male,Asian/British Asian - Pakistani,In-House Fostering,2023-09-15,2023-11-07,53,Carer requests end,3.42,True,False,1
11,Male,White - British,3,True,2,1,False,51,Female,Asian/British Asian - Pakistani,In-House Fostering,2024-06-13,2025-03-07,267,Child requests end,1.47,True,True,4
13,Female,White - British,0,False,7,0,False,38,Female,White - Other,Kinship,2023-08-02,2023-10-07,66,Child requests end,4.84,True,True,1
2,Female,White - Other,0,False,1,1,False,59,Male,White - Eastern European,In-House Fostering,2022-07-25,2024-11-08,837,Behaviour concerns,17.25,False,False,1
1,Male,White - British,0,False,1,5,True,42,Male,White - Other,In-House Fostering,2024-10-07,2024-12-27,81,Carer requests end,19.56,False,False,1
13,Male,Asian/British Asian - Pakistani,0,False,5,0,False,43,Male,Asian/British Asian - Pakistani,In-House Fostering,2025-04-30,2033-03-02,2863,Carer requests end,18.15,False,False,1
10,Female,White - British,0,False,1,5,True,56,Male,Asian/British Asian - Bangladeshi,External Fostering,2023-08-23,2024-01-18,148,Allegation,4.05,True,False,1
4,Male,White - British,4,True,1,0,False,46,Trans Male,White - British,In-House Fostering,2024-07-04,2024-09-16,74,Placement stability concerns,5.72,False,True,5
6,Female,White - British,0,False,4,5,True,36,Male,White - British,In-House Fostering,2025-10-06,2025-12-21,76,Carer requests end,6.89,True,False,1
10,Trans Male,White - British,4,True,5,4,True,52,Male,White - British,External Fostering,2022-12-05,2024-12-14,740,Carer requests end,8.61,False,False,5
7,Trans Male,White - British,4,True,2,4,True,46,Male,White - British,In-House Fostering,2025-10-01,2026-01-13,104,Behaviour concerns,7.44,True,True,5
4,Female,Mixed - White/Asian,3,True,7,5,True,48,Trans Female,White - British,External Fostering,2024-06-22,2025-04-02,284,Placement stability concerns,17.5,False,False,4
12,Female,White - British,2,True,1,2,True,49,Non binary,Asian/British Asian - Pakistani,External Fostering,2024-09-13,2025-12-11,454,Planned move,12.67,True,True,3
12,Female,White - British,2,True,7,1,False,35,Non binary,Asian/British Asian - Pakistani,In-House Fostering,2022-01-11,2022-05-01,110,Child requests end,5.4,True,True,3
6,Male,Asian/British Asian - Pakistani,2,True,2,4,True,45,Female,White - British,Kinship,2022-10-07,2023-02-25,141,Child requests end,4.13,True,False,3
1,Male,White - British,0,False,1,4,True,56,Female,White - Other,Kinship,2024-03-02,2035-02-04,3991,Placement stability concerns,4.76,False,True,1
5,Female,Asian/British Asian - Pakistani,4,True,6,5,True,35,Female,White - British,In-House Fostering,2023-06-27,2023-12-26,182,Allegation,6.26,True,False,5
4,Female,White - British,2,True,4,5,True,38,Female,White - British,Kinship,2024-02-28,2024-06-26,119,Planned move,3.67,True,True,3
9,Male,White - British,3,True,6,3,True,54,Trans Female,White - British,In-House Fostering,2023-04-29,2023-06-04,36,Placement stability concerns,3.59,True,True,4
8,Non binary,White - Central European,0,False,4,4,True,50,Male,White - Central European,External Fostering,2023-05-11,2023-06-26,46,Behaviour concerns,1.95,False,True,1
2,Male,White - Other,0,False,6,2,True,55,Male,Asian/British Asian - Pakistani,Kinship,2022-11-07,2022-11-21,14,Placement stability concerns,1.54,False,True,1
8,Female,Mixed - White/Black Caribbean,0,False,2,3,True,57,Trans Female,White - British,Residential,2025-08-28,2025-11-28,92,Carer requests end,22.49,True,True,1
13,Female,Asian/British Asian - Pakistani,0,False,5,4,True,51,Non binary,White - British,Kinship,2024-07-17,2028-02-04,1297,Carer requests end,2.19,True,False,1
8,Male,White - British,3,True,5,3,True,46,Male,Asian/British Asian - Pakistani,In-House Fostering,2025-01-07,2025-04-05,88,Child requests end,11.99,False,True,4
12,Female,Asian/British Asian - Indian,5,True,7,4,True,44,Male,Asian/British Asian - Pakistani,Residential,2022-12-24,2023-03-11,77,Planned move,24.57,False,False,6
16,Male,Asian/British Asian - Pakistani,5,True,5,1,False,38,Male,White - British,External Fostering,2022-10-05,2023-04-24,201,Placement stability concerns,19.81,False,True,6
11,Trans Male,Asian/British Asian - Pakistani,0,False,5,3,True,41,Female,White - British,External Fostering,2022-05-11,2022-08-17,98,Placement stability concerns,8.26,True,True,1
14,Male,White - Eastern European,0,False,2,4,True,49,Trans Male,White - British,External Fostering,2022-09-26,2028-10-29,2225,Allegation,7.42,True,True,1
11,Female,White - British,0,False,6,1,False,39,Female,White - Other,External Fostering,2023-04-12,2023-05-13,31,Placement stability concerns,6.45,True,True,1
8,Female,White - British,0,False,7,1,False,47,Trans Female,Asian/British Asian - Indian,In-House Fostering,2024-11-29,2027-12-08,1104,Allegation,18.26,True,True,1
8,Male,Asian/British Asian - Pakistani,0,False,7,4,True,55,Male,White - British,In-House Fostering,2022-01-10,2022-03-16,65,Carer requests end,1.11,False,True,1
8,Female,White - British,0,False,3,2,True,55,Male,White - Eastern European,In-House Fostering,2022-12-05,2024-07-27,600,Carer requests end,8.33,False,True,1
7,Trans Female,White - British,1,True,2,1,False,35,Male,White - British,External Fostering,2023-11-30,2023-12-26,26,Placement stability concerns,8.76,True,False,2
8,Female,White - British,5,True,2,2,True,59,Female,White - British,Kinship,2025-03-22,2032-03-12,2547,Planned move,4.96,True,True,6
8,Female,Asian/British Asian - Indian,0,False,4,3,True,41,Male,Asian/British Asian - Pakistani,Kinship,2024-02-18,2024-12-23,309,Allegation,4.38,True,True,1
9,Male,White - British,5,True,2,3,True,58,Non binary,White - British,In-House Fostering,2024-04-01,2024-04-04,3,Placement stability concerns,1.86,True,True,6
11,Female,Asian/British Asian - Pakistani,4,True,7,0,False,51,Female,Black/Black British - Caribbean,External Fostering,2023-01-04,2023-03-04,59,Allegation,1.23,False,True,5
10,Male,Asian/British Asian - Pakistani,3,True,3,0,False,50,Male,Black/Black British - African,External Fostering,2023-10-28,2024-07-11,257,Child requests end,5.82,True,True,4
8,Female,Gypsy / Roma,5,True,0,4,True,53,Trans Male,White - British,In-House Fostering,2022-03-18,2023-12-10,632,Carer requests end,8.91,False,True,6
5,Trans Male,White - British,0,False,3,3,True,42,Trans Male,Asian/British Asian - Pakistani,Residential,2023-01-13,2023-02-06,24,Placement stability concerns,53.0,True,True,1
14,Female,White - British,4,True,2,5,True,38,Male,White - British,Residential,2024-11-12,2031-02-21,2292,Carer requests end,24.96,True,True,5
8,Female,White - British,3,True,4,5,True,55,Trans Female,White - British,External Fostering,2025-09-05,2026-06-09,277,Placement stability concerns,19.63,False,False,4
0,Female,White - British,0,False,0,0,False,52,Female,Asian/British Asian - Indian,In-House Fostering,2023-10-08,2030-05-29,2425,Allegation,9.7,True,True,1
2,Female,White - British,0,False,6,1,False,48,Male,White - British,Kinship,2025-08-09,2025-08-21,12,Child requests end,3.09,False,True,1
7,Female,Asian/British Asian - Pakistani,0,False,1,0,False,60,Non binary,White - Irish,External Fostering,2024-08-13,2027-01-20,890,Planned move,1.58,True,True,1
9,Trans Male,Asian/British Asian - Pakistani,0,False,5,2,True,46,Male,White - British,External Fostering,2023-06-24,2024-01-05,195,Child requests end,10.85,True,False,1
11,Trans Female,White - Other,0,False,1,3,True,59,Male,White - British,Kinship,2023-03-16,2023-05-27,72,Carer requests end,2.14,True,False,1
0,Male,White - British,1,True,3,3,True,60,Female,White - British,Kinship,2024-01-10,2024-03-16,66,Allegation,0.79,True,False,2
8,Non binary,Asian/British Asian - Pakistani,1,True,5,5,True,35,Male,White - Eastern European,External Fostering,2025-01-12,2025-02-27,46,Child requests end,6.31,False,True,2
5,Trans Female,White - British,4,True,6,4,True,44,Male,Asian/British Asian - Other,In-House Fostering,2023-01-05,2023-06-29,175,Child requests end,8.4,True,True,5
10,Female,White - British,5,True,7,4,True,58,Female,White - British,External Fostering,2025-04-09,2025-07-02,84,Behaviour concerns,8.66,True,False,6
16,Trans Male,White - British,2,True,1,3,True,54,Female,Asian/British Asian - Other,In-House Fostering,2024-06-17,2027-08-25,1164,Placement stability concerns,0.16,True,True,3
13,Trans Male,White - British,1,True,1,1,False,46,Male,Asian/British Asian - Pakistani,External Fostering,2024-11-21,2024-12-15,24,Child requests end,6.33,False,False,2
8,Female,White - British,0,False,7,2,True,52,Trans Male,Black/Black British - African,External Fostering,2022-11-19,2025-12-03,1110,Allegation,1.05,True,False,1
7,Male,Asian/British Asian - Pakistani,4,True,3,3,True,44,Trans Female,White - British,External Fostering,2023-05-19,2023-08-30,103,Placement stability concerns,4.48,False,False,5
9,Female,White - British,5,True,0,3,True,48,Non binary,Asian/British Asian - Pakistani,In-House Fostering,2024-04-19,2024-09-15,149,Carer requests end,6.88,False,False,6
7,Male,Asian/British Asian - Pakistani,1,True,2,2,True,59,Trans Male,Asian/British Asian - Bangladeshi,In-House Fostering,2022-12-08,2022-12-20,12,Carer requests end,14.1,False,True,2
6,Male,White - British,2,True,5,4,True,59,Female,Asian/British Asian - Pakistani,In-House Fostering,2022-03-04,2022-05-29,86,Allegation,4.38,True,True,3
6,Female,White - British,0,False,1,5,True,39,Female,White - British,In-House Fostering,2024-05-11,2024-11-24,197,Behaviour concerns,17.03,False,False,1
8,Trans Female,White - British,1,True,5,2,True,44,Male,White - British,In-House Fostering,2025-04-02,2026-10-06,552,Planned move,1.32,False,True,2
7,Female,Asian/British Asian - Indian,3,True,5,3,True,38,Female,White - British,External Fostering,2023-11-23,2025-01-04,408,Allegation,13.69,False,False,4
8,Trans Male,Black/Black British - African,4,True,3,5,True,48,Male,White - British,Kinship,2025-10-03,2026-08-04,305,Placement stability concerns,3.22,False,False,5
10,Female,Asian/British Asian - Bangladeshi,1,True,4,3,True,40,Trans Male,White - British,Kinship,2022-07-14,2023-04-29,289,Child requests end,3.1,True,True,2
10,Male,White - British,4,True,3,2,True,54,Trans Male,White - British,Kinship,2025-10-15,2025-11-08,24,Behaviour concerns,1.71,True,False,5
6,Female,Asian/British Asian - Pakistani,3,True,3,3,True,52,Female,White - British,External Fostering,2022-12-13,2023-08-19,249,Placement stability concerns,15.06,True,False,4
4,Female,White - British,3,True,2,0,False,42,Female,Asian/British Asian - Pakistani,External Fostering,2025-02-09,2025-04-22,72,Carer requests end,2.17,False,True,4
17,Trans Male,White - British,0,False,2,0,False,50,Trans Female,White - British,In-House Fostering,2022-09-30,2022-12-11,72,Planned move,5.04,True,False,1
8,Female,White - British,3,True,4,0,False,59,Trans Male,White - British,Kinship,2025-05-13,2025-11-26,197,Behaviour concerns,3.87,False,False,4
6,Male,Asian/British Asian - Pakistani,0,False,4,2,True,50,Male,White - Central European,In-House Fostering,2022-06-16,2023-05-07,325,Behaviour concerns,4.53,False,True,1
13,Female,Asian/British Asian - Pakistani,1,True,3,3,True,60,Non binary,Asian/British Asian - Pakistani,In-House Fostering,2023-07-08,2023-07-23,15,Allegation,12.8,True,False,2
4,Male,White - British,1,True,1,4,True,50,Female,White - British,External Fostering,2025-02-13,2027-05-08,814,Placement stability concerns,9.03,True,False,2
4,Male,Asian/British Asian - Pakistani,1,True,0,4,True,35,Non binary,White - British,In-House Fostering,2025-05-23,2025-08-12,81,Child requests end,5.33,True,False,2
8,Female,White - British,5,True,5,1,False,49,Trans Male,Mixed - White/Asian,External Fostering,2025-09-22,2026-04-13,203,Placement stability concerns,19.85,False,False,6
5,Trans Male,Asian/British Asian - Pakistani,0,False,1,3,True,51,Female,White - British,In-House Fostering,2022-03-29,2023-05-25,422,Carer requests end,2.97,True,True,1
3,Male,White - British,4,True,5,2,True,46,Female,White - British,Residential,2025-10-14,2026-06-04,233,Carer requests end,17.28,False,False,5
8,Trans Male,Asian/British Asian - Pakistani,0,False,3,0,False,48,Male,White - British,In-House Fostering,2022-07-18,2023-04-02,258,Behaviour concerns,0.54,False,False,1
7,Male,Asian/British Asian - Pakistani,4,True,6,1,False,57,Male,White - British,External Fostering,2025-04-24,2025-05-09,15,Allegation,7.62,True,False,5
7,Non binary,Asian/British Asian - Pakistani,0,False,4,5,True,51,Female,Asian/British Asian - Indian,Residential,2024-11-27,2025-03-06,99,Carer requests end,54.84,True,True,1
14,Female,Dual Heritage - Black/White,0,False,7,1,False,50,Female,Asian/British Asian - Pakistani,External Fostering,2023-03-24,2024-06-12,446,Child requests end,3.08,True,False,1
11,Male,Asian/British Asian - Pakistani,5,True,2,4,True,59,Female,White - British,External Fostering,2023-07-15,2024-03-22,251,Planned move,8.41,True,False,6
9,Female,White - British,5,True,0,2,True,60,Male,Asian/British Asian - Indian,In-House Fostering,2022-09-02,2022-09-23,21,Behaviour concerns,12.41,True,False,6
8,Male,White - British,1,True,2,0,False,39,Male,Dual Heritage - Black/White,External Fostering,2024-04-17,2025-06-12,421,Child requests end,14.41,False,False,2
11,Female,White - British,2,True,7,5,True,36,Male,Asian/British Asian - Pakistani,Residential,2025-10-15,2025-12-13,59,Allegation,82.54,False,False,3
3,Trans Female,White - Other,4,True,6,3,True,53,Female,Asian/British Asian - Pakistani,Residential,2024-11-06,2025-01-29,84,Child requests end,36.97,True,True,5
7,Female,Black/Black British - African,2,True,6,5,True,36,Trans Female,Asian/British Asian - Pakistani,In-House Fostering,2023-01-27,2023-08-15,200,Planned move,6.82,True,True,3
8,Female,White - British,0,False,3,1,False,56,Male,White - British,Residential,2022-05-02,2023-11-01,548,Placement stability concerns,66.36,True,True,1
4,Female,White - British,3,True,4,0,False,48,Trans Female,White - Central European,In-House Fostering,2025-07-08,2028-02-18,955,Behaviour concerns,16.99,True,False,4
2,Male,White - British,3,True,6,3,True,60,Trans Female,White - British,External Fostering,2025-10-05,2026-09-17,347,Placement stability concerns,9.09,True,False,4
3,Male,White - British,0,False,0,5,True,50,Male,White - British,External Fostering,2022-07-18,2026-02-15,1308,Child requests end,15.9,True,False,1
6,Female,White - British,4,True,4,5,True,41,Male,Asian/British Asian - Pakistani,In-House Fostering,2023-12-06,2026-01-20,776,Child requests end,11.97,False,False,5
7,Female,White - Central European,5,True,2,5,True,44,Female,Asian/British Asian - Pakistani,External Fostering,2025-06-14,2027-07-19,765,Planned move,15.66,True,False,6
7,Male,White - British,4,True,5,1,False,45,Trans Male,White - British,Kinship,2024-10-25,2026-01-28,460,Planned move,1.92,True,False,5
9,Male,White - British,3,True,6,1,False,52,Female,White - British,External Fostering,2024-08-27,2025-02-17,174,Planned move,7.0,True,False,4
11,Female,Asian/British Asian - Pakistani,0,False,7,0,False,41,Male,Asian/British Asian - Pakistani,In-House Fostering,2022-06-14,2022-11-29,168,Child requests end,12.12,False,False,1
8,Female,White - British,2,True,1,0,False,50,Female,Asian/British Asian - Pakistani,External Fostering,2024-04-05,2024-08-01,118,Allegation,12.53,True,False,3
10,Female,White - British,2,True,3,4,True,36,Male,White - British,External Fostering,2025-05-05,2029-07-05,1522,Child requests end,12.39,True,True,3
8,Male,Asian/British Asian - Pakistani,0,False,2,2,True,58,Male,White - British,In-House Fostering,2024-02-28,2025-06-17,475,Behaviour concerns,10.83,False,False,1
7,Trans Female,Mixed - White/Black Caribbean,0,False,3,4,True,60,Female,White - British,In-House Fostering,2022-02-27,2022-03-18,19,Child requests end,10.65,False,True,1
8,Female,White - British,0,False,4,0,False,51,Non binary,White - British,Kinship,2022-01-15,2022-02-26,42,Carer requests end,4.05,False,False,1
6,Trans Female,White - British,0,False,3,5,True,56,Male,White - British,In-House Fostering,2024-05-21,2025-07-23,428,Allegation,1.74,True,True,1
15,Male,White - British,0,False,2,0,False,39,Female,White - British,In-House Fostering,2025-08-09,2025-09-18,40,Allegation,18.62,True,True,1
5,Female,White - British,0,False,7,5,True,51,Male,Asian/British Asian - Pakistani,Residential,2022-03-06,2022-03-11,5,Carer requests end,28.12,False,True,1
6,Male,White - British,0,False,5,3,True,59,Male,White - British,External Fostering,2023-02-22,2024-11-16,633,Allegation,6.4,True,True,1
9,Male,Black/Black British - Caribbean,0,False,3,5,True,60,Male,White - British,Kinship,2025-07-11,2025-11-15,127,Planned move,4.73,False,True,1
7,Female,White - British,2,True,3,4,True,57,Trans Male,Asian/British Asian - Pakistani,In-House Fostering,2022-08-08,2025-09-19,1138,Child requests end,0.66,True,True,3
9,Female,Asian/British Asian - Pakistani,1,True,1,2,True,35,Trans Female,White - British,External Fostering,2023-10-27,2024-01-19,84,Behaviour concerns,8.12,True,False,2
8,Trans Female,Asian/British Asian - Indian,0,False,2,5,True,54,Trans Male,White - British,In-House Fostering,2024-06-14,2024-06-25,11,Allegation,0.72,True,False,1
9,Male,White - Central European,2,True,5,5,True,35,Female,Black/Black British - African,External Fostering,2022-05-01,2024-05-06,736,Behaviour concerns,6.29,True,True,3
5,Female,White - Other,5,True,5,2,True,46,Male,White - British,External Fostering,2024-03-28,2024-12-31,278,Planned move,5.86,False,False,6
4,Male,Asian/British Asian - Indian,0,False,1,5,True,53,Female,White - British,Residential,2022-09-08,2025-04-28,963,Child requests end,46.76,True,True,1
6,Non binary,Asian/British Asian - Pakistani,1,True,3,5,True,43,Female,White - British,In-House Fostering,2024-11-30,2025-10-15,319,Placement stability concerns,17.29,False,True,2
12,Female,Asian/British Asian - Pakistani,5,True,7,0,False,56,Male,Mixed - White/Black Caribbean,Kinship,2025-02-27,2025-04-14,46,Planned move,3.18,False,False,6
10,Male,White - British,1,True,4,0,False,36,Female,Asian/British Asian - Pakistani,External Fostering,2024-04-04,2024-12-30,270,Child requests end,3.03,True,False,2
9,Male,Asian/British Asian - Pakistani,4,True,5,3,True,55,Male,Asian/British Asian - Pakistani,Residential,2024-04-29,2025-11-27,577,Placement stability concerns,52.02,True,False,5
7,Trans Male,White - British,0,False,6,2,True,42,Male,White - British,In-House Fostering,2024-01-25,2024-02-08,14,Allegation,5.01,True,False,1
8,Trans Female,White - British,0,False,5,3,True,53,Female,Black/Black British - African,Kinship,2024-03-04,2026-01-30,697,Carer requests end,4.98,True,False,1
10,Male,White - British,0,False,4,3,True,50,Female,White - British,Residential,2025-05-04,2026-04-14,345,Planned move,71.28,True,True,1
9,Male,White - British,0,False,5,5,True,52,Female,White - Other,In-House Fostering,2024-10-03,2025-02-24,144,Planned move,1.79,True,False,1
8,Female,Asian/British Asian - Pakistani,5,True,0,0,False,38,Trans Female,Mixed - Other,In-House Fostering,2023-07-27,2025-02-28,582,Placement stability concerns,1.22,False,False,6
11,Male,White - British,0,False,3,5,True,59,Male,White - British,Residential,2023-03-19,2024-02-15,333,Allegation,40.79,True,True,1
12,Female,White - British,5,True,7,5,True,60,Female,White - British,External Fostering,2023-04-13,2023-06-09,57,Planned move,14.0,False,True,6
7,Female,White - British,3,True,2,0,False,50,Trans Male,White - Other,In-House Fostering,2023-09-22,2023-12-01,70,Allegation,12.12,False,True,4
9,Trans Female,Asian/British Asian - Bangladeshi,2,True,1,2,True,49,Male,Asian/British Asian - Pakistani,In-House Fostering,2022-12-15,2023-02-15,62,Carer requests end,14.54,True,True,3
7,Trans Female,White - British,0,False,0,1,False,39,Female,White - British,In-House Fostering,2023-05-20,2023-05-27,7,Placement stability concerns,2.53,True,True,1
16,Trans Male,White - British,0,False,7,1,False,49,Male,Black/Black British - African,In-House Fostering,2022-08-19,2024-04-25,615,Carer requests end,7.7,False,True,1
4,Non binary,Mixed - White/Asian,4,True,3,1,False,37,Trans Male,Asian/British Asian - Pakistani,In-House Fostering,2022-08-04,2022-09-16,43,Child requests end,18.97,True,False,5
13,Female,White - British,3,True,0,2,True,52,Male,White - British,Kinship,2023-07-22,2023-10-25,95,Planned move,2.65,False,False,4
5,Male,Asian/British Asian - Other,3,True,6,4,True,36,Trans Male,White - British,Kinship,2025-08-28,2026-06-26,302,Planned move,3.64,True,True,4
6,Female,White - British,0,False,6,4,True,40,Non binary,White - British,In-House Fostering,2025-04-28,2025-07-08,71,Planned move,10.35,True,False,1
6,Female,White - British,0,False,0,5,True,38,Trans Female,Asian/British Asian - Pakistani,Kinship,2023-07-04,2023-07-21,17,Allegation,1.0,False,True,1
12,Non binary,White - British,0,False,2,3,True,48,Trans Male,Asian/British Asian - Pakistani,In-House Fostering,2025-04-10,2025-04-20,10,Planned move,16.48,False,False,1
9,Trans Female,White - British,0,False,7,0,False,50,Female,White - British,Residential,2022-01-23,2022-07-19,177,Carer requests end,13.6,True,False,1
8,Female,White - Eastern European,2,True,7,4,True,36,Trans Male,White - British,In-House Fostering,2025-01-30,2025-10-30,273,Carer requests end,2.71,False,False,3
7,Trans Female,White - British,1,True,0,5,True,45,Female,White - British,In-House Fostering,2022-08-04,2023-10-22,444,Behaviour concerns,15.88,False,False,2
7,Female,Asian/British Asian - Pakistani,0,False,6,1,False,38,Female,White - British,In-House Fostering,2025-07-05,2025-11-21,139,Placement stability concerns,15.99,True,False,1
8,Female,White - Eastern European,5,True,4,5,True,54,Trans Female,White - British,External Fostering,2024-02-12,2025-10-30,626,Planned move,17.11,False,False,6
7,Female,White - British,3,True,1,5,True,40,Male,White - British,In-House Fostering,2023-06-16,2023-06-20,4,Placement stability concerns,11.27,True,True,4
7,Female,White - British,0,False,1,0,False,41,Trans Male,White - British,Residential,2023-04-07,2023-06-28,82,Allegation,60.45,True,False,1
5,Female,Asian/British Asian - Pakistani,5,True,6,1,False,41,Male,Asian/British Asian - Pakistani,Kinship,2022-11-18,2023-04-29,162,Allegation,2.74,False,True,6
2,Female,White - British,2,True,6,0,False,53,Female,White - British,Residential,2024-03-01,2025-03-21,385,Child requests end,11.25,False,False,3
12,Male,White - British,2,True,5,5,True,38,Male,Asian/British Asian - Other,External Fostering,2025-03-10,2025-03-16,6,Behaviour concerns,13.53,False,False,3
6,Female,Asian/British Asian - Pakistani,4,True,1,3,True,47,Male,White - Irish,In-House Fostering,2025-09-26,2027-02-05,497,Planned move,0.96,False,False,5
9,Trans Male,White - British,0,False,2,3,True,58,Female,White - British,In-House Fostering,2025-05-17,2025-10-03,139,Placement stability concerns,16.61,False,True,1
6,Female,White - British,0,False,1,1,False,54,Female,Asian/British Asian - Pakistani,External Fostering,2024-01-30,2024-04-20,81,Planned move,18.54,True,True,1
11,Male,Asian/British Asian - Pakistani,0,False,4,3,True,48,Female,White - British,External Fostering,2024-11-28,2026-03-22,479,Behaviour concerns,1.33,True,False,1
8,Male,White - Central European,0,False,5,0,False,48,Female,White - British,Kinship,2023-01-16,2023-11-19,307,Carer requests end,4.01,True,True,1
9,Female,White - British,0,False,7,1,False,41,Female,Asian/British Asian - Pakistani,Kinship,2025-03-24,2026-02-26,339,Placement stability concerns,4.24,True,True,1
10,Trans Male,White - British,0,False,2,3,True,57,Non binary,Asian/British Asian - Pakistani,Residential,2025-07-30,2025-08-09,10,Carer requests end,91.98,True,True,1
7,Female,Mixed - White/Asian,5,True,0,5,True,60,Female,White - British,External Fostering,2023-02-21,2023-11-15,267,Allegation,18.26,True,False,6
7,Male,White - British,4,True,0,4,True,46,Non binary,Mixed - White/Black Caribbean,External Fostering,2023-02-01,2023-03-25,52,Behaviour concerns,2.09,True,False,5
12,Male,White - Eastern European,3,True,6,2,True,35,Trans Female,Asian/British Asian - Pakistani,In-House Fostering,2025-06-14,2025-07-29,45,Allegation,12.36,False,False,4
12,Trans Male,Mixed - White/Asian,0,False,2,4,True,56,Trans Female,Asian/British Asian - Bangladeshi,External Fostering,2025-05-15,2025-06-30,46,Behaviour concerns,6.48,False,True,1
2,Female,Asian/British Asian - Pakistani,3,True,3,5,True,45,Male,White - Eastern European,In-House Fostering,2023-02-23,2024-01-05,316,Allegation,16.57,True,True,4
10,Female,White - British,5,True,7,2,True,42,Female,Asian/British Asian - Other,In-House Fostering,2022-05-16,2023-01-25,254,Carer requests end,13.86,True,False,6
9,Female,White - Eastern European,4,True,6,1,False,48,Male,Asian/British Asian - Pakistani,External Fostering,2025-05-12,2026-07-03,417,Planned move,4.26,True,False,5
10,Female,White - British,5,True,7,3,True,57,Female,White - British,In-House Fostering,2023-04-01,2023-10-22,204,Carer requests end,1.48,True,True,6
7,Male,White - British,1,True,5,2,True,40,Trans Female,White - British,Kinship,2024-06-28,2031-05-17,2514,Carer requests end,3.52,True,False,2
10,Non binary,White - British,0,False,0,4,True,39,Female,White - British,In-House Fostering,2024-09-02,2024-11-04,63,Child requests end,12.77,False,False,1
14,Female,White - British,5,True,2,0,False,49,Female,Asian/British Asian - Pakistani,External Fostering,2025-03-03,2025-06-07,96,Carer requests end,12.17,False,True,6
2,Female,White - British,0,False,3,0,False,42,Female,White - British,In-House Fostering,2023-09-22,2023-11-25,64,Placement stability concerns,5.35,False,True,1
11,Trans Female,Asian/British Asian - Pakistani,3,True,7,1,False,60,Male,White - British,Residential,2022-10-16,2023-04-10,176,Allegation,71.7,False,False,4
8,Female,White - British,0,False,7,5,True,45,Male,Asian/British Asian - Pakistani,In-House Fostering,2024-02-07,2034-03-11,3685,Child requests end,1.66,True,True,1
8,Male,White - British,0,False,0,4,True,36,Male,Asian/British Asian - Pakistani,In-House Fostering,2023-10-13,2032-04-04,3096,Child requests end,8.56,False,False,1
12,Trans Female,White - British,0,False,3,3,True,47,Female,White - British,In-House Fostering,2024-12-29,2025-03-09,70,Behaviour concerns,6.78,False,True,1
8,Male,White - British,0,False,5,2,True,41,Non binary,Asian/British Asian - Indian,In-House Fostering,2023-02-28,2024-10-08,588,Child requests end,11.14,True,True,1
16,Trans Female,White - British,2,True,0,1,False,48,Non binary,White - British,External Fostering,2024-06-25,2024-09-16,83,Behaviour concerns,4.33,False,True,3
6,Male,White - British,0,False,2,1,False,41,Female,White - British,In-House Fostering,2023-10-26,2024-01-13,79,Allegation,17.28,True,False,1
11,Non binary,White - British,1,True,7,2,True,60,Trans Male,White - British,External Fostering,2023-03-09,2029-01-10,2134,Behaviour concerns,5.82,True,False,2
9,Male,White - British,0,False,1,2,True,58,Female,White - British,Kinship,2022-10-29,2023-06-19,233,Planned move,0.92,True,True,1
8,Trans Male,White - British,0,False,3,2,True,58,Male,White - British,In-House Fostering,2025-07-07,2025-07-19,12,Placement stability concerns,10.97,True,False,1
6,Male,White - British,4,True,3,3,True,35,Male,White - Central European,External Fostering,2025-01-13,2034-03-06,3339,Child requests end,10.48,True,False,5
8,Female,White - Eastern European,3,True,4,2,True,53,Female,White - British,External Fostering,2024-03-20,2024-04-05,16,Carer requests end,18.46,True,True,4
7,Female,White - British,3,True,3,0,False,42,Female,White - British,In-House Fostering,2024-12-20,2025-02-18,60,Placement stability concerns,9.46,False,False,4
1,Male,White - British,0,False,4,1,False,40,Female,White - British,External Fostering,2024-04-19,2024-06-20,62,Child requests end,15.61,False,True,1
5,Female,Asian/British Asian - Pakistani,4,True,5,1,False,53,Trans Male,Asian/British Asian - Pakistani,Kinship,2025-01-14,2025-02-01,18,Carer requests end,0.95,False,False,5
10,Male,White - British,1,True,6,1,False,48,Female,White - British,Kinship,2022-03-27,2023-03-03,341,Child requests end,0.19,False,False,2
9,Trans Female,Asian/British Asian - Pakistani,1,True,2,3,True,38,Female,White - British,Kinship,2024-08-19,2025-09-16,393,Carer requests end,2.81,False,False,2
9,Male,White - British,3,True,2,2,True,52,Female,Asian/British Asian - Pakistani,In-House Fostering,2025-04-23,2026-05-25,397,Planned move,11.39,False,False,4
12,Trans Male,Asian/British Asian - Pakistani,0,False,5,5,True,51,Male,White - British,Kinship,2023-09-23,2024-02-15,145,Placement stability concerns,2.46,True,False,1
14,Non binary,White - Eastern European,5,True,1,5,True,41,Trans Female,White - British,In-House Fostering,2024-04-10,2024-04-25,15,Carer requests end,1.05,True,False,6
10,Non binary,White - British,0,False,5,0,False,37,Female,Asian/British Asian - Chinese,External Fostering,2024-04-30,2026-12-13,957,Behaviour concerns,17.97,True,True,1
8,Male,Black/Black British - African,4,True,2,4,True,47,Male,White - British,External Fostering,2022-09-28,2026-09-08,1441,Carer requests end,4.85,True,True,5
7,Female,Asian/British Asian - Chinese,4,True,2,4,True,52,Female,White - British,In-House Fostering,2024-11-03,2025-07-25,264,Carer requests end,18.65,False,True,5
12,Male,Asian/British Asian - Pakistani,5,True,7,5,True,49,Trans Male,White - British,External Fostering,2022-04-27,2022-07-05,69,Carer requests end,3.03,False,False,6
10,Male,Asian/British Asian - Pakistani,0,False,1,4,True,44,Male,White - Irish,Residential,2022-09-03,2024-07-10,676,Placement stability concerns,78.48,False,False,1
11,Non binary,White - British,4,True,5,0,False,49,Male,Mixed - White/Black Caribbean,In-House Fostering,2024-10-04,2025-07-13,282,Placement stability concerns,17.64,True,True,5
5,Male,White - Other,5,True,3,4,True,50,Male,White - British,In-House Fostering,2023-12-04,2024-06-01,180,Allegation,12.21,True,False,6
10,Male,White - British,0,False,4,3,True,55,Female,Asian/British Asian - Bangladeshi,Kinship,2024-01-25,2024-10-01,250,Behaviour concerns,4.36,True,False,1
7,Female,White - British,0,False,7,1,False,35,Trans Male,White - Central European,Residential,2023-09-28,2023-12-08,71,Carer requests end,24.0,False,False,1
5,Male,White - British,0,False,2,0,False,53,Female,White - British,In-House Fostering,2025-08-29,2026-05-04,248,Placement stability concerns,17.94,False,False,1
6,Male,White - Eastern European,3,True,6,0,False,46,Female,Asian/British Asian - Pakistani,In-House Fostering,2025-01-05,2026-04-12,462,Carer requests end,15.39,False,True,4
7,Non binary,Asian/British Asian - Pakistani,0,False,4,5,True,48,Female,White - British,In-House Fostering,2025-03-06,2027-11-18,987,Child requests end,1.44,False,False,1
9,Male,Gypsy / Roma,3,True,3,0,False,39,Female,White - Other,In-House Fostering,2024-05-15,2024-05-23,8,Placement stability concerns,18.32,True,True,4
9,Female,Asian/British Asian - Pakistani,0,False,2,0,False,45,Female,White - British,Kinship,2025-04-12,2027-05-11,759,Carer requests end,2.02,True,True,1
0,Female,White - Central European,4,True,2,4,True,53,Female,White - British,Kinship,2025-05-08,2026-10-17,527,Allegation,3.17,True,False,5
9,Trans Male,Asian/British Asian - Pakistani,0,False,0,4,True,55,Trans Male,Asian/British Asian - Pakistani,Kinship,2022-02-02,2022-10-19,259,Placement stability concerns,0.21,False,False,1
8,Female,White - British,0,False,4,0,False,40,Female,White - British,In-House Fostering,2022-09-23,2022-11-25,63,Placement stability concerns,19.54,True,True,1
7,Female,Asian/British Asian - Indian,2,True,3,5,True,48,Trans Male,White - British,In-House Fostering,2023-03-30,2023-11-25,240,Planned move,2.41,True,True,3
8,Trans Female,Asian/British Asian - Indian,1,True,4,5,True,37,Female,White - British,Kinship,2025-10-23,2025-11-19,27,Child requests end,1.62,True,False,2
1,Trans Male,White - British,3,True,5,5,True,60,Trans Female,White - British,Kinship,2023-11-19,2024-01-26,68,Child requests end,1.54,False,True,4
11,Trans Male,White - British,0,False,1,0,False,40,Male,Asian/British Asian - Pakistani,In-House Fostering,2024-05-02,2025-05-02,365,Behaviour concerns,4.99,False,False,1
10,Female,Asian/British Asian - Pakistani,5,True,1,2,True,45,Female,Asian/British Asian - Chinese,External Fostering,2024-02-05,2024-02-20,15,Carer requests end,10.09,False,False,6
10,Female,Asian/British Asian - Pakistani,0,False,4,5,True,57,Female,White - British,Kinship,2024-10-05,2024-10-29,24,Child requests end,3.25,True,False,1
2,Female,Asian/British Asian - Pakistani,0,False,5,5,True,59,Female,White - British,External Fostering,2023-11-03,2027-02-28,1213,Allegation,15.6,True,False,1
10,Male,White - British,0,False,1,3,True,48,Male,White - British,External Fostering,2023-05-18,2023-06-01,14,Behaviour concerns,12.5,False,False,1
6,Female,White - British,5,True,1,3,True,57,Male,Asian/British Asian - Pakistani,Residential,2025-10-19,2025-10-21,2,Child requests end,31.51,True,True,6
14,Non binary,White - Central European,0,False,5,2,True,42,Male,White - British,In-House Fostering,2024-05-05,2024-12-26,235,Carer requests end,4.11,False,False,1
8,Male,White - British,1,True,4,3,True,57,Female,Dual Heritage - Black/White,Residential,2022-08-28,2025-02-09,896,Child requests end,16.82,False,False,2
8,Female,White - Eastern European,0,False,2,1,False,45,Trans Female,White - British,In-House Fostering,2024-05-20,2025-08-23,460,Child requests end,8.71,True,False,1
9,Female,White - British,0,False,5,5,True,59,Trans Male,Asian/British Asian - Indian,External Fostering,2024-02-02,2024-02-27,25,Child requests end,5.6,True,True,1
10,Male,White - Central European,0,False,7,3,True,40,Female,White - British,In-House Fostering,2023-05-11,2025-04-18,708,Planned move,9.65,True,False,1
11,Trans Female,Asian/British Asian - Pakistani,0,False,3,4,True,38,Male,White - Eastern European,External Fostering,2022-07-01,2022-10-03,94,Carer requests end,6.3,False,True,1
2,Female,White - British,0,False,1,4,True,44,Trans Male,White - Central European,In-House Fostering,2022-11-29,2023-06-10,193,Allegation,12.0,True,False,1
10,Female,Asian/British Asian - Pakistani,0,False,5,0,False,45,Female,White - British,External Fostering,2024-11-24,2024-12-21,27,Child requests end,11.92,False,False,1
5,Non binary,White - British,4,True,4,5,True,35,Female,Asian/British Asian - Indian,In-House Fostering,2022-07-25,2024-10-29,827,Placement stability concerns,12.12,False,True,5
1,Female,Asian/British Asian - Pakistani,0,False,6,2,True,47,Female,White - British,Kinship,2022-11-16,2022-12-13,27,Child requests end,1.93,True,True,1
11,Trans Male,Mixed - White/Asian,0,False,1,4,True,39,Female,White - British,Kinship,2025-03-01,2026-12-28,667,Placement stability concerns,1.89,True,False,1
11,Female,Asian/British Asian - Indian,4,True,0,0,False,42,Trans Male,Asian/British Asian - Pakistani,External Fostering,2023-10-01,2023-12-27,87,Carer requests end,9.39,False,False,5
6,Female,White - British,5,True,0,4,True,36,Trans Male,Asian/British Asian - Pakistani,External Fostering,2025-04-25,2025-05-30,35,Carer requests end,2.46,False,False,6
7,Female,Asian/British Asian - Pakistani,2,True,0,2,True,58,Male,White - British,External Fostering,2023-06-01,2024-08-12,438,Planned move,2.46,False,False,3
1,Trans Female,White - British,0,False,4,3,True,35,Trans Male,White - British,Kinship,2022-11-04,2023-12-06,397,Carer requests end,0.39,False,False,1
4,Female,Asian/British Asian - Pakistani,0,False,3,1,False,60,Male,Asian/British Asian - Pakistani,External Fostering,2024-03-12,2024-03-21,9,Placement stability concerns,1.1,True,False,1
7,Male,White - British,0,False,4,4,True,50,Trans Female,White - British,External Fostering,2024-06-05,2024-11-08,156,Child requests end,9.83,True,False,1
7,Female,Asian/British Asian - Indian,0,False,3,1,False,54,Male,White - British,External Fostering,2025-10-02,2026-05-15,225,Carer requests end,17.94,False,False,1
5,Trans Female,Asian/British Asian - Pakistani,0,False,1,1,False,59,Male,Dual Heritage - Black/White,In-House Fostering,2024-01-19,2024-03-20,61,Behaviour concerns,14.42,True,True,1
10,Female,White - Other,0,False,7,5,True,36,Male,Asian/British Asian - Pakistani,External Fostering,2022-02-20,2022-05-30,99,Placement stability concerns,12.49,False,True,1
12,Male,White - British,4,True,3,2,True,57,Female,White - British,In-House Fostering,2022-09-15,2023-05-05,232,Carer requests end,17.23,True,True,5
8,Female,White - British,4,True,7,0,False,58,Male,Asian/British Asian - Pakistani,External Fostering,2024-04-16,2024-05-15,29,Behaviour concerns,19.46,False,True,5
6,Male,Asian/British Asian - Indian,3,True,0,1,False,56,Female,Asian/British Asian - Bangladeshi,External Fostering,2023-10-22,2024-09-27,341,Child requests end,6.86,False,True,4
11,Male,White - British,1,True,7,1,False,43,Female,Asian/British Asian - Pakistani,In-House Fostering,2025-10-01,2026-12-27,452,Placement stability concerns,7.06,False,True,2
8,Female,White - British,0,False,1,3,True,45,Male,White - British,External Fostering,2025-10-31,2031-02-09,1927,Carer requests end,3.17,True,True,1
10,Female,White - Central European,5,True,1,2,True,42,Female,Mixed - Other,Kinship,2022-07-12,2024-05-20,678,Carer requests end,0.55,False,True,6
4,Female,White - British,1,True,0,0,False,43,Male,Asian/British Asian - Pakistani,In-House Fostering,2023-05-31,2034-01-02,3869,Placement stability concerns,17.65,True,True,2
1,Female,White - British,3,True,4,0,False,60,Male,White - British,External Fostering,2024-05-25,2024-08-27,94,Planned move,7.93,False,False,4
2,Female,White - British,4,True,1,3,True,43,Female,White - British,In-House Fostering,2023-05-25,2025-05-05,711,Carer requests end,14.54,False,True,5
8,Male,Asian/British Asian - Pakistani,3,True,4,4,True,38,Female,Asian/British Asian - Bangladeshi,In-House Fostering,2025-04-03,2025-09-15,165,Placement stability concerns,0.72,True,False,4
9,Male,White - British,0,False,5,5,True,42,Male,White - British,In-House Fostering,2025-05-26,2026-01-18,237,Planned move,12.77,False,False,1
13,Male,White - British,0,False,6,4,True,53,Female,White - British,External Fostering,2024-01-18,2024-06-20,154,Planned move,18.99,False,False,1
7,Female,White - British,0,False,3,5,True,44,Male,Asian/British Asian - Pakistani,In-House Fostering,2024-07-26,2025-05-16,294,Child requests end,10.46,False,False,1
12,Female,White - British,5,True,5,1,False,53,Male,Asian/British Asian - Bangladeshi,In-House Fostering,2022-03-05,2023-03-22,382,Child requests end,6.74,True,True,6
8,Female,White - British,4,True,5,1,False,57,Female,White - Other,Kinship,2022-04-10,2023-02-02,298,Child requests end,2.85,False,True,5
2,Female,White - British,2,True,3,2,True,58,Female,Asian/British Asian - Pakistani,External Fostering,2024-09-25,2025-06-20,268,Allegation,2.63,True,True,3
9,Male,White - Other,2,True,1,4,True,53,Female,White - Other,Kinship,2024-05-09,2025-02-25,292,Behaviour concerns,3.46,False,True,3
10,Male,White - British,4,True,2,3,True,52,Non binary,White - British,Kinship,2025-03-27,2025-10-08,195,Carer requests end,3.14,True,False,5
2,Male,White - British,0,False,7,1,False,39,Trans Male,Dual Heritage - Black/White,External Fostering,2024-04-03,2024-04-29,26,Placement stability concerns,15.56,False,False,1
6,Female,White - British,5,True,5,2,True,48,Female,Asian/British Asian - Pakistani,Kinship,2025-10-13,2026-08-03,294,Carer requests end,1.67,False,True,6
9,Trans Female,Asian/British Asian - Pakistani,1,True,0,3,True,51,Female,White - Eastern European,In-House Fostering,2024-09-28,2026-03-21,539,Placement stability concerns,2.42,True,False,2
11,Female,Black/Black British - Caribbean,0,False,5,1,False,44,Female,Asian/British Asian - Indian,In-House Fostering,2023-11-11,2024-11-04,359,Behaviour concerns,13.1,True,False,1
1,Trans Male,White - British,0,False,3,1,False,40,Non binary,White - British,Kinship,2025-01-09,2025-12-30,355,Child requests end,4.11,False,True,1
5,Female,White - Eastern European,4,True,4,0,False,49,Female,White - British,External Fostering,2025-02-07,2025-04-27,79,Placement stability concerns,5.78,True,False,5
6,Female,Asian/British Asian - Pakistani,0,False,4,3,True,48,Male,Traveller of Irish Heritage,External Fostering,2024-04-09,2027-07-18,1195,Placement stability concerns,15.48,True,True,1
7,Non binary,White - British,3,True,1,5,True,47,Male,White - British,In-House Fostering,2022-05-28,2023-02-04,252,Placement stability concerns,15.84,True,False,4
8,Male,Asian/British Asian - Indian,0,False,5,4,True,51,Female,White - British,In-House Fostering,2022-09-01,2022-11-09,69,Placement stability concerns,8.76,True,True,1
8,Female,White - British,0,False,7,0,False,60,Female,White - British,In-House Fostering,2022-02-15,2024-03-01,745,Behaviour concerns,13.01,False,False,1
5,Trans Female,Asian/British Asian - Pakistani,0,False,1,3,True,57,Trans Female,White - British,External Fostering,2025-09-12,2028-01-30,870,Allegation,10.91,False,True,1
1,Female,Traveller - Other,0,False,6,2,True,53,Female,Mixed - Other,In-House Fostering,2025-10-21,2025-11-23,33,Behaviour concerns,14.9,True,True,1
9,Male,White - British,0,False,5,3,True,53,Female,Asian/British Asian - Pakistani,In-House Fostering,2023-09-14,2023-09-24,10,Child requests end,16.94,True,False,1
8,Female,White - British,0,False,4,5,True,38,Trans Female,White - British,External Fostering,2023-05-30,2023-09-12,105,Child requests end,13.53,False,False,1
7,Trans Male,Asian/British Asian - Indian,0,False,3,1,False,44,Trans Male,Asian/British Asian - Pakistani,In-House Fostering,2024-03-08,2024-11-09,246,Carer requests end,0.21,True,True,1
5,Male,White - British,4,True,4,3,True,39,Non binary,White - Central European,External Fostering,2023-10-05,2025-07-16,650,Allegation,6.35,True,False,5
9,Trans Male,White - British,0,False,1,2,True,43,Male,Gypsy / Roma,External Fostering,2025-04-15,2026-05-28,408,Carer requests end,1.43,False,False,1
8,Trans Female,White - British,0,False,3,0,False,46,Male,Dual Heritage - Black/White,Kinship,2025-08-30,2025-09-24,25,Planned move,3.95,True,False,1
0,Trans Female,White - British,0,False,7,5,True,54,Male,Asian/British Asian - Bangladeshi,Kinship,2023-08-13,2023-11-03,82,Placement stability concerns,0.06,False,True,1
11,Male,White - British,0,False,3,5,True,50,Trans Male,White - British,Kinship,2023-12-19,2027-12-01,1443,Allegation,3.15,False,True,1
11,Male,Asian/British Asian - Other,0,False,7,1,False,46,Male,White - British,Kinship,2022-03-06,2022-06-11,97,Child requests end,3.96,False,False,1
1,Female,White - British,0,False,3,3,True,57,Trans Female,White - British,External Fostering,2024-11-02,2026-01-31,455,Behaviour concerns,8.47,False,True,1
3,Female,Asian/British Asian - Pakistani,4,True,7,1,False,47,Trans Female,White - British,In-House Fostering,2024-12-17,2025-04-24,128,Allegation,6.05,False,False,5
16,Trans Female,White - British,2,True,2,0,False,55,Trans Female,White - Eastern European,External Fostering,2024-05-24,2024-12-25,215,Allegation,11.53,True,True,3
12,Trans Male,White - British,2,True,2,0,False,51,Trans Male,Asian/British Asian - Pakistani,External Fostering,2025-07-27,2025-08-06,10,Placement stability concerns,0.04,False,False,3
11,Female,Mixed - Other,3,True,2,1,False,41,Male,Gypsy / Roma,Kinship,2025-05-02,2025-07-06,65,Child requests end,0.67,True,True,4
11,Trans Male,Asian/British Asian - Pakistani,4,True,1,1,False,60,Female,White - British,In-House Fostering,2024-09-23,2026-03-14,537,Planned move,11.7,True,True,5
5,Trans Male,Asian/British Asian - Pakistani,0,False,7,3,True,42,Trans Female,Asian/British Asian - Bangladeshi,External Fostering,2023-01-09,2023-02-05,27,Planned move,8.77,True,False,1
2,Female,Asian/British Asian - Bangladeshi,0,False,5,4,True,58,Male,White - British,Kinship,2023-11-07,2025-09-21,684,Planned move,4.55,True,True,1
9,Trans Female,White - British,2,True,1,2,True,46,Female,Mixed - Other,Residential,2023-12-02,2025-01-10,405,Allegation,81.42,True,False,3
12,Male,White - British,0,False,3,2,True,42,Female,White - British,Kinship,2025-09-10,2026-08-30,354,Child requests end,2.32,False,True,1
11,Female,White - Other,0,False,3,1,False,40,Male,White - British,In-House Fostering,2025-03-12,2025-05-12,61,Planned move,15.27,True,False,1
8,Male,Asian/British Asian - Pakistani,0,False,5,2,True,49,Female,White - Eastern European,External Fostering,2022-08-11,2025-04-22,985,Carer requests end,10.59,True,False,1
2,Male,Asian/British Asian - Pakistani,0,False,0,3,True,51,Male,White - British,In-House Fostering,2025-10-29,2025-11-19,21,Planned move,4.77,False,True,1
11,Female,White - British,0,False,4,1,False,60,Male,White - British,In-House Fostering,2024-10-16,2024-11-02,17,Carer requests end,4.13,True,True,1
11,Trans Female,White - Other,4,True,3,1,False,40,Male,White - British,External Fostering,2025-08-12,2032-03-13,2405,Child requests end,14.54,True,True,5
7,Female,White - British,0,False,3,0,False,45,Trans Male,White - British,In-House Fostering,2024-04-18,2024-10-04,169,Planned move,9.43,False,False,1
8,Trans Female,White - British,0,False,3,2,True,44,Male,White - British,In-House Fostering,2024-04-29,2026-08-24,847,Planned move,17.7,False,False,1
12,Male,White - British,1,True,7,1,False,52,Trans Female,White - British,External Fostering,2024-02-03,2027-01-24,1086,Placement stability concerns,8.06,True,False,2
9,Male,White - British,0,False,0,0,False,43,Male,White - Eastern European,In-House Fostering,2024-12-04,2026-03-06,457,Placement stability concerns,2.98,True,False,1
0,Trans Male,White - British,0,False,3,4,True,46,Non binary,Mixed - White/Asian,In-House Fostering,2025-03-13,2025-05-22,70,Child requests end,9.12,True,True,1
10,Female,White - British,4,True,1,0,False,37,Male,White - Central European,External Fostering,2022-07-08,2026-04-20,1382,Child requests end,5.13,True,True,5
11,Male,White - Eastern European,3,True,5,4,True,57,Female,Asian/British Asian - Pakistani,In-House Fostering,2024-02-11,2024-05-16,95,Planned move,12.05,True,True,4
10,Male,White - Eastern European,0,False,0,3,True,58,Female,White - British,Kinship,2024-07-27,2034-02-16,3491,Planned move,4.93,True,True,1
3,Female,White - British,0,False,3,5,True,56,Trans Female,Asian/British Asian - Pakistani,Kinship,2025-01-29,2025-03-14,44,Carer requests end,1.74,True,True,1
6,Male,Asian/British Asian - Bangladeshi,0,False,6,4,True,45,Trans Female,White - British,External Fostering,2022-04-20,2022-11-04,198,Child requests end,1.53,False,False,1
8,Female,White - British,0,False,7,3,True,43,Female,White - British,Kinship,2025-07-15,2025-07-24,9,Child requests end,3.58,True,True,1
8,Female,White - British,0,False,0,5,True,40,Male,White - Central European,In-House Fostering,2024-01-21,2025-12-23,702,Planned move,19.93,False,True,1
11,Male,Asian/British Asian - Pakistani,5,True,4,3,True,60,Trans Male,White - British,External Fostering,2025-04-02,2025-06-05,64,Behaviour concerns,10.09,False,True,6
4,Trans Female,White - British,4,True,6,2,True,45,Male,Asian/British Asian - Pakistani,Kinship,2024-07-20,2027-08-27,1133,Behaviour concerns,4.88,True,False,5
8,Female,White - British,0,False,3,3,True,56,Female,White - Eastern European,Kinship,2022-06-17,2024-05-28,711,Child requests end,4.62,True,False,1
8,Non binary,Asian/British Asian - Pakistani,2,True,5,1,False,54,Non binary,White - Central European,Kinship,2024-01-12,2024-04-13,92,Child requests end,4.09,True,True,3
7,Male,White - British,0,False,5,3,True,43,Female,Asian/British Asian - Pakistani,In-House Fostering,2023-09-15,2024-03-25,192,Child requests end,7.36,True,False,1
8,Female,White - British,0,False,7,4,True,39,Trans Male,White - British,In-House Fostering,2024-01-25,2024-03-10,45,Child requests end,5.42,True,False,1
9,Non binary,White - British,0,False,3,0,False,49,Male,White - British,Kinship,2025-08-24,2025-10-13,50,Placement stability concerns,1.19,False,False,1
9,Female,Asian/British Asian - Indian,0,False,7,1,False,39,Trans Female,Asian/British Asian - Pakistani,External Fostering,2023-09-13,2024-05-13,243,Child requests end,9.71,False,True,1
11,Male,White - British,5,True,5,2,True,58,Trans Male,Asian/British Asian - Bangladeshi,External Fostering,2024-04-04,2025-12-08,613,Allegation,17.12,False,False,6
13,Male,White - British,0,False,4,1,False,45,Male,Asian/British Asian - Pakistani,In-House Fostering,2023-02-11,2023-04-24,72,Planned move,11.86,True,False,1
11,Female,White - Eastern European,2,True,5,4,True,38,Female,Mixed - White/Asian,Kinship,2023-02-20,2023-03-17,25,Planned move,4.29,True,True,3
9,Female,White - British,0,False,2,3,True,38,Female,Asian/British Asian - Pakistani,External Fostering,2023-07-09,2023-09-16,69,Behaviour concerns,19.76,False,False,1
5,Male,White - Eastern European,5,True,7,4,True,46,Trans Male,White - British,External Fostering,2024-11-26,2025-05-09,164,Planned move,3.65,True,True,6
11,Trans Female,White - British,0,False,2,0,False,39,Male,Asian/British Asian - Pakistani,In-House Fostering,2023-08-23,2023-10-25,63,Carer requests end,1.66,True,True,1
2,Trans Male,White - British,0,False,2,4,True,51,Trans Female,White - British,In-House Fostering,2023-07-27,2023-08-29,33,Child requests end,7.95,False,False,1
7,Female,White - British,5,True,2,0,False,55,Female,White - British,Kinship,2022-04-30,2024-01-15,625,Behaviour concerns,2.26,False,True,6
6,Female,White - British,1,True,4,1,False,50,Male,White - British,Residential,2024-09-29,2025-12-03,430,Allegation,53.85,True,False,2
5,Female,White - British,3,True,1,0,False,40,Female,White - British,In-House Fostering,2022-01-15,2022-04-15,90,Carer requests end,15.68,False,False,4
10,Female,White - British,0,False,1,5,True,51,Female,White - British,Kinship,2025-07-15,2025-09-05,52,Allegation,1.64,False,False,1
9,Male,White - British,0,False,6,3,True,44,Male,White - British,In-House Fostering,2022-09-01,2029-10-18,2604,Allegation,7.21,False,True,1
6,Non binary,White - British,0,False,4,5,True,48,Trans Male,White - Eastern European,In-House Fostering,2023-01-12,2023-02-14,33,Allegation,1.02,False,True,1
8,Trans Female,White - British,0,False,1,0,False,57,Non binary,Mixed - White/Black African,Kinship,2022-11-10,2022-12-22,42,Planned move,2.16,False,True,1
7,Male,White - British,0,False,7,3,True,51,Male,Asian/British Asian - Pakistani,In-House Fostering,2022-01-16,2023-12-15,698,Behaviour concerns,7.15,False,False,1
11,Trans Female,Asian/British Asian - Pakistani,2,True,3,5,True,48,Female,White - British,In-House Fostering,2025-09-24,2028-02-01,860,Planned move,14.5,False,True,3
7,Female,White - Eastern European,3,True,5,0,False,41,Trans Female,White - British,In-House Fostering,2025-06-05,2025-08-22,78,Placement stability concerns,10.82,True,False,4
15,Male,Asian/British Asian - Indian,5,True,1,5,True,39,Male,White - British,External Fostering,2023-08-14,2025-04-07,602,Carer requests end,1.42,False,False,6
7,Male,White - Eastern European,0,False,0,2,True,58,Male,Asian/British Asian - Pakistani,In-House Fostering,2024-05-18,2024-11-19,185,Planned move,8.54,False,False,1
6,Female,Asian/British Asian - Pakistani,5,True,6,0,False,56,Trans Male,Asian/British Asian - Pakistani,External Fostering,2025-05-24,2026-12-25,580,Placement stability concerns,19.97,True,True,6
13,Male,Asian/British Asian - Pakistani,0,False,2,2,True,40,Male,Asian/British Asian - Indian,In-House Fostering,2023-01-10,2023-05-25,135,Placement stability concerns,8.88,True,True,1
10,Male,Asian/British Asian - Pakistani,4,True,1,3,True,57,Male,White - British,External Fostering,2022-11-20,2023-04-13,144,Behaviour concerns,15.44,True,False,5
8,Trans Female,White - British,3,True,5,1,False,50,Male,Asian/British Asian - Pakistani,In-House Fostering,2025-01-17,2027-04-19,822,Carer requests end,4.0,True,True,4
8,Female,Mixed - White/Black Caribbean,0,False,6,0,False,56,Male,White - Eastern European,External Fostering,2023-04-01,2024-01-29,303,Allegation,14.47,False,False,1
12,Female,White - British,0,False,1,5,True,40,Non binary,White - British,Kinship,2024-03-05,2024-05-11,67,Allegation,0.96,True,True,1
3,Male,Asian/British Asian - Pakistani,5,True,5,1,False,37,Female,Black/Black British - African,Kinship,2022-09-12,2022-10-02,20,Behaviour concerns,1.27,True,False,6
15,Trans Female,White - British,0,False,4,2,True,58,Female,White - British,External Fostering,2022-12-17,2025-07-05,931,Behaviour concerns,11.05,True,True,1
11,Trans Female,White - British,0,False,7,5,True,43,Female,White - British,Kinship,2024-01-16,2024-02-23,38,Carer requests end,1.27,False,False,1
4,Non binary,White - British,3,True,5,5,True,44,Female,White - British,In-House Fostering,2023-05-21,2025-07-08,779,Behaviour concerns,1.56,True,False,4
1,Trans Male,Asian/British Asian - Pakistani,2,True,3,1,False,46,Female,Asian/British Asian - Other,In-House Fostering,2023-03-12,2025-02-11,702,Allegation,8.36,True,False,3
10,Female,White - British,2,True,4,1,False,52,Female,Asian/British Asian - Pakistani,In-House Fostering,2023-08-11,2024-12-07,484,Placement stability concerns,16.97,False,True,3
8,Female,White - British,5,True,7,5,True,42,Male,Asian/British Asian - Pakistani,External Fostering,2025-05-06,2025-07-28,83,Placement stability concerns,6.6,False,False,6
13,Female,White - British,0,False,7,1,False,58,Non binary,White - Central European,In-House Fostering,2025-01-07,2025-02-09,33,Planned move,3.3,True,False,1
8,Female,White - British,1,True,6,5,True,38,Female,Asian/British Asian - Pakistani,In-House Fostering,2025-02-05,2026-10-02,604,Behaviour concerns,5.04,False,False,2
9,Female,Dual Heritage - Black/White,5,True,4,2,True,50,Male,White - British,External Fostering,2023-03-14,2023-04-12,29,Child requests end,19.52,True,False,6
10,Female,Asian/British Asian - Pakistani,3,True,1,3,True,40,Male,Dual Heritage - Black/White,External Fostering,2023-09-23,2024-08-17,329,Planned move,13.98,True,True,4
13,Male,White - Other,4,True,1,2,True,52,Female,Asian/British Asian - Pakistani,External Fostering,2022-09-02,2022-10-13,41,Child requests end,6.94,True,False,5
6,Male,White - British,2,True,2,1,False,39,Female,White - British,In-House Fostering,2022-08-30,2023-06-03,277,Child requests end,16.59,False,True,3
5,Female,White - Eastern European,0,False,4,4,True,37,Female,White - British,External Fostering,2023-02-28,2032-06-13,3393,Child requests end,0.95,False,True,1
13,Female,White - British,1,True,5,4,True,38,Male,Asian/British Asian - Pakistani,Residential,2025-03-16,2025-12-25,284,Planned move,51.47,False,False,2
11,Trans Male,White - British,0,False,0,2,True,43,Male,Asian/British Asian - Indian,Kinship,2024-08-25,2030-09-16,2213,Behaviour concerns,1.37,True,False,1
11,Female,White - British,0,False,1,5,True,51,Trans Male,Traveller of Irish Heritage,In-House Fostering,2023-09-30,2023-10-26,26,Behaviour concerns,18.32,True,False,1
6,Male,White - British,0,False,6,4,True,40,Trans Female,White - British,External Fostering,2022-03-11,2022-06-12,93,Placement stability concerns,16.23,False,False,1
15,Male,White - Eastern European,5,True,6,2,True,49,Non binary,White - British,In-House Fostering,2022-07-01,2022-11-06,128,Planned move,10.48,False,False,6
2,Female,White - British,0,False,2,5,True,45,Male,White - British,In-House Fostering,2023-04-17,2023-04-25,8,Placement stability concerns,14.47,False,True,1
4,Female,White - British,2,True,1,3,True,45,Male,Asian/British Asian - Pakistani,In-House Fostering,2023-07-22,2024-06-28,342,Planned move,4.4,True,True,3
7,Trans Male,Asian/British Asian - Pakistani,4,True,0,5,True,56,Female,White - Other,In-House Fostering,2024-09-01,2024-11-22,82,Carer requests end,13.84,True,False,5
12,Female,White - British,0,False,5,5,True,51,Male,White - British,External Fostering,2024-06-14,2025-08-28,440,Allegation,15.1,True,False,1
4,Male,White - British,0,False,0,3,True,48,Male,White - British,In-House Fostering,2024-02-01,2024-04-04,63,Carer requests end,2.16,True,False,1
1,Trans Male,White - British,0,False,5,2,True,55,Female,White - Other,External Fostering,2023-07-31,2024-09-24,421,Child requests end,10.78,False,True,1
9,Female,Asian/British Asian - Pakistani,1,True,7,5,True,53,Female,White - Eastern European,In-House Fostering,2024-06-10,2024-06-17,7,Allegation,16.56,True,False,2
10,Female,Asian/British Asian - Pakistani,0,False,1,1,False,39,Female,White - British,In-House Fostering,2022-10-30,2024-01-27,454,Behaviour concerns,8.88,False,False,1
11,Male,Asian/British Asian - Pakistani,5,True,6,3,True,48,Trans Female,White - Eastern European,In-House Fostering,2025-08-02,2027-12-06,856,Allegation,9.7,True,True,6
10,Trans Female,Asian/British Asian - Pakistani,0,False,5,1,False,47,Male,White - Eastern European,External Fostering,2024-12-27,2026-09-11,623,Planned move,15.97,True,False,1
9,Male,Asian/British Asian - Pakistani,0,False,7,0,False,50,Male,Asian/British Asian - Other,Kinship,2025-06-03,2027-09-20,839,Child requests end,0.75,True,True,1
14,Female,Traveller - Other,2,True,3,3,True,43,Female,White - British,Residential,2025-05-01,2025-06-25,55,Placement stability concerns,81.66,True,True,3
8,Male,White - British,0,False,6,1,False,44,Trans Male,White - Eastern European,Kinship,2025-06-26,2025-07-14,18,Carer requests end,1.6,False,False,1
3,Female,Asian/British Asian - Pakistani,0,False,1,2,True,37,Trans Female,White - British,In-House Fostering,2023-01-31,2023-08-16,197,Behaviour concerns,8.78,True,True,1
7,Female,Asian/British Asian - Pakistani,1,True,0,1,False,52,Male,Asian/British Asian - Pakistani,In-House Fostering,2024-02-14,2024-11-15,275,Planned move,3.71,True,True,2
0,Trans Male,White - British,0,False,3,2,True,53,Male,Asian/British Asian - Other,In-House Fostering,2025-03-04,2025-05-02,59,Carer requests end,16.08,True,True,1
13,Male,White - Eastern European,3,True,5,0,False,58,Trans Female,White - British,External Fostering,2022-04-11,2022-04-18,7,Child requests end,18.98,False,False,4
10,Female,White - British,1,True,7,2,True,36,Male,White - British,Residential,2024-10-06,2024-11-08,33,Behaviour concerns,63.83,False,False,2
12,Male,White - Central European,0,False,4,0,False,40,Male,White - Eastern European,External Fostering,2023-12-09,2024-03-09,91,Placement stability concerns,4.02,True,True,1
8,Male,White - British,0,False,6,5,True,53,Female,White - Other,Kinship,2025-03-14,2026-05-25,437,Carer requests end,4.47,True,True,1
8,Male,White - British,0,False,0,3,True,58,Non binary,White - British,Kinship,2024-08-12,2024-10-12,61,Allegation,0.16,True,True,1
7,Trans Female,Asian/British Asian - Indian,0,False,0,5,True,39,Female,White - Central European,In-House Fostering,2022-12-14,2023-03-11,87,Behaviour concerns,17.34,False,False,1
11,Female,White - British,0,False,4,3,True,52,Trans Male,White - British,External Fostering,2024-06-30,2024-09-01,63,Carer requests end,16.08,False,False,1
6,Male,White - British,1,True,0,3,True,58,Male,Mixed - White/Black Caribbean,In-House Fostering,2022-03-14,2023-12-14,640,Planned move,4.14,True,True,2
12,Female,White - British,2,True,2,4,True,48,Male,White - Eastern European,External Fostering,2024-05-06,2024-09-04,121,Planned move,15.81,True,False,3
9,Female,White - British,0,False,4,3,True,52,Male,White - Eastern European,Residential,2022-02-08,2022-04-03,54,Behaviour concerns,11.0,True,True,1
2,Male,White - British,2,True,3,1,False,48,Female,White - British,In-House Fostering,2025-05-08,2026-01-22,259,Allegation,6.83,True,True,3
7,Male,White - Central European,1,True,7,3,True,38,Female,Asian/British Asian - Pakistani,Kinship,2022-05-21,2022-07-06,46,Placement stability concerns,2.68,False,True,2
4,Female,White - British,3,True,0,0,False,53,Non binary,Asian/British Asian - Pakistani,Kinship,2022-08-18,2023-09-21,399,Allegation,0.58,True,True,4
5,Male,Asian/British Asian - Bangladeshi,5,True,5,2,True,54,Female,White - British,Kinship,2024-02-18,2024-06-01,104,Carer requests end,2.8,True,True,6
11,Trans Female,Asian/British Asian - Pakistani,0,False,3,2,True,41,Male,Traveller - Other,In-House Fostering,2025-08-27,2025-11-15,80,Allegation,19.39,True,False,1
11,Trans Female,Asian/British Asian - Pakistani,1,True,6,5,True,54,Male,White - British,Kinship,2025-07-12,2026-07-15,368,Placement stability concerns,2.04,True,False,2
9,Trans Female,White - British,0,False,2,5,True,55,Male,Asian/British Asian - Pakistani,Kinship,2024-07-21,2024-08-26,36,Allegation,1.05,True,False,1
4,Female,Asian/British Asian - Other,3,True,2,2,True,57,Trans Male,Asian/British Asian - Pakistani,In-House Fostering,2022-04-16,2022-07-10,85,Carer requests end,3.4,False,False,4
6,Trans Female,White - British,3,True,0,3,True,51,Male,Asian/British Asian - Pakistani,In-House Fostering,2025-09-01,2025-11-21,81,Carer requests end,0.32,True,False,4
12,Male,White - British,2,True,7,1,False,53,Male,White - British,External Fostering,2024-02-26,2026-06-26,851,Planned move,6.4,True,False,3
5,Trans Male,White - British,0,False,5,5,True,43,Male,Asian/British Asian - Pakistani,In-House Fostering,2024-04-10,2025-07-04,450,Allegation,17.4,False,False,1
9,Male,White - British,0,False,6,0,False,54,Non binary,Mixed - White/Asian,External Fostering,2023-11-17,2024-01-07,51,Behaviour concerns,19.04,True,False,1
5,Female,Black/Black British - African,4,True,5,1,False,40,Female,White - British,Kinship,2022-05-12,2022-07-02,51,Child requests end,2.28,False,True,5
11,Non binary,White - British,0,False,5,2,True,58,Female,White - British,Kinship,2024-01-20,2025-01-09,355,Carer requests end,0.74,True,False,1
14,Female,White - Central European,0,False,2,3,True,57,Male,Dual Heritage - Black/White,External Fostering,2022-12-21,2024-07-30,587,Child requests end,10.28,False,True,1
0,Female,White - British,4,True,1,0,False,49,Male,White - British,External Fostering,2023-10-31,2024-10-18,353,Carer requests end,2.18,True,True,5
17,Female,White - British,0,False,5,5,True,42,Trans Male,White - British,In-House Fostering,2022-03-19,2022-05-19,61,Placement stability concerns,7.69,False,True,1
6,Male,White - Other,2,True,6,5,True,44,Trans Male,White - British,Residential,2024-01-07,2025-08-20,591,Behaviour concerns,31.89,False,False,3
6,Trans Female,White - Central European,0,False,6,1,False,59,Non binary,Asian/British Asian - Pakistani,In-House Fostering,2023-01-19,2024-03-14,420,Allegation,13.6,False,True,1
13,Female,Asian/British Asian - Pakistani,3,True,6,5,True,51,Female,Asian/British Asian - Bangladeshi,Kinship,2025-04-30,2025-05-20,20,Placement stability concerns,4.58,True,True,4
9,Male,Asian/British Asian - Pakistani,0,False,2,3,True,55,Trans Female,Asian/British Asian - Pakistani,Kinship,2023-04-13,2023-05-21,38,Planned move,1.55,True,True,1
2,Male,White - British,4,True,3,1,False,40,Non binary,White - British,In-House Fostering,2022-02-03,2022-02-28,25,Child requests end,14.08,False,False,5
9,Female,White - British,0,False,7,4,True,57,Male,White - British,In-House Fostering,2023-01-13,2029-07-05,2365,Planned move,1.45,True,True,1
6,Trans Female,White - British,0,False,1,3,True,41,Trans Male,White - British,External Fostering,2022-03-28,2022-06-15,79,Carer requests end,14.6,True,False,1
2,Male,Asian/British Asian - Bangladeshi,0,False,4,1,False,55,Trans Male,White - Eastern European,External Fostering,2024-12-10,2025-09-06,270,Child requests end,10.0,False,False,1
8,Male,White - British,2,True,4,0,False,59,Trans Male,Asian/British Asian - Pakistani,Kinship,2024-07-21,2025-05-02,285,Placement stability concerns,4.19,True,False,3
10,Female,White - British,0,False,1,2,True,41,Female,Asian/British Asian - Pakistani,In-House Fostering,2022-03-08,2022-08-26,171,Behaviour concerns,8.86,False,True,1
9,Male,White - British,5,True,7,3,True,47,Female,White - Central European,External Fostering,2024-01-19,2024-11-18,304,Behaviour concerns,17.75,True,True,6
13,Male,Asian/British Asian - Pakistani,5,True,4,3,True,45,Male,Asian/British Asian - Indian,In-House Fostering,2024-11-12,2025-04-12,151,Allegation,5.38,False,True,6
15,Male,White - British,0,False,2,4,True,37,Female,White - British,External Fostering,2023-07-05,2024-08-17,409,Placement stability concerns,17.83,False,True,1
16,Male,Asian/British Asian - Pakistani,2,True,6,1,False,35,Female,White - British,External Fostering,2023-02-06,2024-05-03,452,Child requests end,15.73,True,True,3
8,Female,White - British,0,False,7,0,False,39,Male,White - British,In-House Fostering,2024-11-03,2026-02-09,463,Allegation,18.1,True,True,1
10,Male,Asian/British Asian - Pakistani,0,False,0,1,False,40,Trans Female,Dual Heritage - Black/White,Residential,2024-06-15,2025-10-31,503,Child requests end,69.08,True,True,1
13,Trans Female,Mixed - White/Black Caribbean,0,False,4,5,True,53,Female,White - Other,Kinship,2023-11-05,2023-12-18,43,Allegation,4.97,True,False,1
8,Trans Female,White - British,3,True,2,0,False,39,Female,White - British,In-House Fostering,2025-03-10,2025-05-19,70,Carer requests end,6.35,True,True,4
0,Male,White - British,0,False,6,2,True,54,Trans Male,Asian/British Asian - Other,External Fostering,2025-10-16,2026-06-10,237,Allegation,6.85,False,True,1
1,Trans Male,Asian/British Asian - Pakistani,3,True,2,4,True,38,Female,Asian/British Asian - Pakistani,Residential,2022-04-21,2022-05-12,21,Placement stability concerns,13.01,True,False,4
5,Female,Asian/British Asian - Pakistani,0,False,7,3,True,59,Trans Male,Asian/British Asian - Pakistani,In-House Fostering,2024-06-05,2024-08-31,87,Child requests end,17.96,True,False,1
4,Male,Asian/British Asian - Indian,3,True,1,3,True,49,Trans Female,White - British,External Fostering,2022-06-13,2022-08-26,74,Behaviour concerns,7.05,True,False,4
0,Trans Female,Asian/British Asian - Pakistani,0,False,0,2,True,45,Female,White - British,External Fostering,2024-01-02,2024-01-30,28,Planned move,15.05,True,False,1
9,Female,White - British,1,True,5,0,False,38,Trans Male,Asian/British Asian - Pakistani,Kinship,2024-11-14,2026-03-24,495,Placement stability concerns,2.83,True,True,2
11,Female,White - British,0,False,2,5,True,42,Male,White - British,In-House Fostering,2024-03-27,2026-02-03,678,Placement stability concerns,19.2,False,False,1
4,Female,White - British,0,False,4,1,False,51,Male,White - British,In-House Fostering,2024-10-21,2025-01-21,92,Planned move,9.87,False,False,1
2,Female,White - British,0,False,2,5,True,57,Female,Asian/British Asian - Pakistani,Kinship,2024-11-15,2026-01-10,421,Placement stability concerns,4.82,False,True,1
8,Trans Male,White - Other,0,False,3,5,True,60,Male,White - British,External Fostering,2024-04-09,2024-05-24,45,Behaviour concerns,19.5,True,False,1
3,Female,White - British,0,False,6,3,True,49,Male,Black/Black British - African,External Fostering,2024-12-01,2025-01-26,56,Planned move,6.18,False,True,1
0,Male,Mixed - White/Asian,0,False,0,0,False,41,Male,Mixed - White/Black Caribbean,Kinship,2022-04-15,2022-07-20,96,Placement stability concerns,0.24,True,True,1
17,Female,Asian/British Asian - Pakistani,0,False,7,1,False,45,Female,White - British,Kinship,2024-12-09,2024-12-18,9,Planned move,3.78,False,False,1
5,Male,White - British,3,True,7,4,True,41,Female,Asian/British Asian - Pakistani,Kinship,2025-08-17,2025-12-03,108,Planned move,3.47,False,True,4
11,Male,White - British,1,True,3,2,True,57,Trans Female,White - British,In-House Fostering,2025-03-06,2027-08-13,890,Child requests end,9.21,True,False,2
6,Trans Male,White - British,0,False,1,5,True,54,Trans Female,White - British,External Fostering,2022-11-20,2023-01-18,59,Child requests end,13.93,False,True,1
13,Female,Asian/British Asian - Pakistani,3,True,7,1,False,48,Male,Asian/British Asian - Pakistani,Residential,2025-03-09,2025-03-19,10,Carer requests end,79.84,False,True,4
10,Male,White - Other,2,True,2,4,True,57,Non binary,White - British,Kinship,2023-03-14,2023-04-18,35,Carer requests end,2.06,True,True,3
10,Trans Male,White - British,0,False,4,2,True,40,Female,Asian/British Asian - Pakistani,External Fostering,2022-04-22,2022-06-22,61,Allegation,2.27,True,False,1
11,Trans Female,Traveller of Irish Heritage,0,False,0,5,True,52,Male,Asian/British Asian - Pakistani,Kinship,2023-04-07,2024-02-03,302,Behaviour concerns,2.89,True,False,1
8,Female,Asian/British Asian - Bangladeshi,1,True,5,3,True,48,Female,White - British,In-House Fostering,2025-03-30,2025-06-29,91,Allegation,3.94,False,False,2
11,Female,White - British,4,True,2,4,True,52,Non binary,White - British,In-House Fostering,2024-02-22,2026-04-24,792,Placement stability concerns,7.18,True,True,5
10,Trans Female,Asian/British Asian - Pakistani,4,True,0,4,True,57,Male,Asian/British Asian - Pakistani,In-House Fostering,2022-09-26,2022-10-09,13,Carer requests end,4.98,False,True,5
8,Female,Asian/British Asian - Bangladeshi,0,False,4,2,True,42,Trans Female,White - Eastern European,Residential,2024-03-11,2025-08-05,512,Placement stability concerns,54.35,False,True,1
16,Female,White - British,0,False,7,0,False,60,Female,White - Other,Kinship,2022-03-28,2022-04-26,29,Carer requests end,2.71,True,False,1
2,Trans Female,White - British,0,False,0,0,False,36,Male,White - British,Residential,2022-10-29,2022-11-23,25,Child requests end,68.76,True,True,1
9,Trans Male,White - British,0,False,5,1,False,55,Trans Female,White - British,Kinship,2024-08-21,2026-09-20,760,Planned move,1.75,True,False,1
1,Male,Asian/British Asian - Pakistani,0,False,2,4,True,42,Trans Male,Mixed - White/Asian,In-House Fostering,2022-06-25,2022-08-20,56,Carer requests end,14.31,False,True,1
9,Female,White - British,1,True,7,3,True,59,Non binary,White - Central European,In-House Fostering,2025-04-06,2028-03-07,1066,Planned move,16.07,False,True,2
13,Male,Asian/British Asian - Pakistani,0,False,6,0,False,52,Female,White - British,Kinship,2025-08-29,2027-04-25,604,Carer requests end,3.76,False,True,1
6,Male,White - British,0,False,7,4,True,60,Male,White - British,In-House Fostering,2023-09-30,2024-07-30,304,Child requests end,7.81,False,True,1
3,Male,White - British,2,True,0,4,True,60,Trans Female,Asian/British Asian - Pakistani,In-House Fostering,2025-10-09,2028-11-09,1127,Child requests end,5.46,False,False,3
7,Trans Male,White - British,1,True,7,3,True,45,Trans Male,White - British,External Fostering,2024-12-10,2025-01-11,32,Behaviour concerns,19.7,False,False,2
6,Trans Male,Asian/British Asian - Pakistani,1,True,7,4,True,56,Male,White - British,Kinship,2024-07-11,2024-08-15,35,Placement stability concerns,4.77,False,False,2
7,Trans Male,White - Eastern European,4,True,2,5,True,45,Trans Female,White - British,In-House Fostering,2024-08-02,2025-06-22,324,Placement stability concerns,5.39,True,True,5
6,Male,White - British,3,True,2,1,False,45,Female,Dual Heritage - Black/White,In-House Fostering,2023-05-12,2028-11-16,2015,Allegation,1.91,False,True,4
9,Female,Asian/British Asian - Pakistani,5,True,7,5,True,39,Male,Asian/British Asian - Pakistani,In-House Fostering,2022-02-16,2022-10-17,243,Child requests end,5.99,True,False,6
7,Female,White - British,0,False,2,5,True,44,Trans Male,White - British,Kinship,2023-03-21,2024-04-08,384,Child requests end,3.86,False,False,1
3,Non binary,Asian/British Asian - Pakistani,2,True,7,5,True,48,Male,White - British,External Fostering,2023-03-04,2025-01-08,676,Allegation,10.76,False,True,3
10,Male,White - British,0,False,6,5,True,36,Trans Male,White - British,External Fostering,2023-06-23,2024-01-31,222,Behaviour concerns,7.73,False,False,1
5,Trans Male,White - British,0,False,1,4,True,48,Female,White - British,In-House Fostering,2022-03-03,2024-10-10,952,Behaviour concerns,17.57,True,True,1
4,Female,White - British,2,True,7,2,True,59,Trans Female,White - British,External Fostering,2025-04-28,2026-05-17,384,Placement stability concerns,15.88,True,False,3
10,Trans Female,White - British,1,True,5,5,True,35,Trans Female,White - Central European,In-House Fostering,2024-02-23,2024-08-29,188,Planned move,9.23,True,True,2
10,Female,White - British,5,True,5,3,True,53,Trans Male,White - British,External Fostering,2022-12-26,2023-01-01,6,Planned move,15.78,True,True,6
9,Male,White - British,0,False,7,0,False,36,Trans Female,Asian/British Asian - Pakistani,In-House Fostering,2025-10-08,2026-04-19,193,Child requests end,18.13,True,True,1
16,Trans Male,White - Other,2,True,6,2,True,55,Trans Male,White - Eastern European,Kinship,2022-12-22,2023-12-26,369,Behaviour concerns,4.05,True,True,3
6,Female,Asian/British Asian - Indian,0,False,6,4,True,57,Male,Asian/British Asian - Pakistani,External Fostering,2022-06-14,2022-07-30,46,Placement stability concerns,12.29,True,True,1
8,Trans Female,Asian/British Asian - Pakistani,0,False,6,5,True,49,Female,White - British,Kinship,2023-04-19,2023-06-24,66,Allegation,2.0,False,True,1
13,Trans Female,White - British,0,False,0,5,True,35,Trans Male,Black/Black British - African,External Fostering,2022-05-06,2022-07-10,65,Child requests end,12.46,True,True,1
10,Female,White - Other,0,False,6,2,True,45,Male,Mixed - Other,In-House Fostering,2022-01-16,2024-07-12,908,Placement stability concerns,11.51,False,False,1
1,Male,White - British,4,True,5,2,True,51,Trans Female,White - British,Residential,2025-06-24,2028-05-17,1058,Carer requests end,23.21,True,True,5
6,Female,White - British,0,False,1,1,False,48,Male,White - British,External Fostering,2025-03-29,2026-06-10,438,Carer requests end,13.32,True,False,1
12,Female,White - Eastern European,2,True,3,2,True,40,Female,White - Eastern European,Kinship,2024-11-09,2025-10-06,331,Carer requests end,2.44,True,False,3
10,Non binary,White - British,0,False,2,2,True,43,Female,White - Other,In-House Fostering,2022-11-12,2023-02-15,95,Child requests end,10.01,True,True,1
10,Male,Asian/British Asian - Pakistani,1,True,5,2,True,60,Female,White - British,External Fostering,2025-04-10,2025-12-11,245,Behaviour concerns,11.82,False,False,2
10,Male,Asian/British Asian - Pakistani,0,False,2,1,False,39,Trans Female,White - British,In-House Fostering,2022-06-19,2024-03-19,639,Carer requests end,3.95,True,False,1
9,Female,Asian/British Asian - Pakistani,0,False,1,3,True,38,Female,Asian/British Asian - Pakistani,In-House Fostering,2025-10-05,2026-05-09,216,Planned move,16.56,True,False,1
8,Male,White - Eastern European,0,False,5,2,True,53,Female,White - Central European,In-House Fostering,2024-10-02,2025-06-21,262,Planned move,18.58,True,False,1
9,Female,White - British,0,False,3,4,True,59,Non binary,Traveller - Other,In-House Fostering,2024-06-01,2024-07-08,37,Allegation,19.39,True,True,1
8,Female,White - British,5,True,3,1,False,41,Female,White - British,Residential,2023-07-06,2023-08-04,29,Allegation,60.99,False,True,6
10,Trans Female,White - British,0,False,7,0,False,55,Non binary,White - British,External Fostering,2024-06-20,2024-07-03,13,Allegation,6.56,True,True,1
3,Trans Female,Asian/British Asian - Indian,0,False,0,5,True,35,Trans Female,White - British,In-House Fostering,2022-07-24,2024-04-11,627,Behaviour concerns,14.33,False,True,1
6,Male,Dual Heritage - Black/White,0,False,4,2,True,59,Trans Male,White - British,Residential,2023-07-12,2023-09-02,52,Allegation,62.6,False,True,1
13,Male,White - British,1,True,3,5,True,49,Trans Male,White - British,In-House Fostering,2023-03-12,2024-07-24,500,Carer requests end,2.17,False,False,2
9,Female,White - British,0,False,4,5,True,39,Female,White - British,Kinship,2023-01-02,2023-02-10,39,Child requests end,2.97,True,True,1
9,Male,Asian/British Asian - Pakistani,1,True,4,2,True,37,Male,White - British,In-House Fostering,2025-03-25,2025-05-18,54,Child requests end,5.7,False,False,2
10,Trans Male,Dual Heritage - Black/White,0,False,4,4,True,55,Non binary,White - British,Residential,2025-05-16,2026-03-19,307,Allegation,64.08,True,False,1
6,Male,White - British,0,False,3,1,False,58,Male,Asian/British Asian - Indian,Kinship,2022-10-23,2023-01-14,83,Carer requests end,0.47,True,True,1
10,Male,White - British,0,False,2,2,True,37,Male,White - British,External Fostering,2023-06-16,2025-05-31,715,Child requests end,13.32,False,False,1
8,Male,Asian/British Asian - Bangladeshi,0,False,2,1,False,49,Male,White - British,In-House Fostering,2024-07-13,2025-02-22,224,Child requests end,14.64,False,True,1
6,Trans Female,White - British,0,False,3,4,True,35,Trans Female,White - British,Kinship,2023-05-09,2025-12-28,964,Child requests end,0.6,False,False,1
4,Trans Female,Asian/British Asian - Pakistani,5,True,1,2,True,60,Non binary,Asian/British Asian - Bangladeshi,Kinship,2023-05-27,2023-08-08,73,Placement stability concerns,2.79,True,True,6
12,Female,Asian/British Asian - Bangladeshi,5,True,4,2,True,53,Female,White - British,In-House Fostering,2025-02-19,2025-04-02,42,Allegation,11.26,True,False,6
11,Female,Asian/British Asian - Pakistani,0,False,2,2,True,41,Female,White - British,In-House Fostering,2023-10-28,2024-06-01,217,Child requests end,8.34,True,False,1
6,Trans Male,White - British,0,False,6,2,True,55,Trans Female,Black/Black British - Caribbean,In-House Fostering,2025-05-21,2026-02-19,274,Carer requests end,1.28,False,False,1
8,Trans Female,Asian/British Asian - Pakistani,3,True,1,4,True,51,Male,White - British,In-House Fostering,2024-03-08,2024-05-28,81,Placement stability concerns,6.29,True,True,4
6,Male,White - Central European,4,True,3,2,True,36,Male,Asian/British Asian - Pakistani,In-House Fostering,2025-03-16,2025-05-28,73,Behaviour concerns,11.18,True,False,5
9,Female,White - British,3,True,5,0,False,54,Trans Female,White - British,In-House Fostering,2024-07-01,2024-07-31,30,Carer requests end,2.48,True,False,4
12,Male,White - British,0,False,3,0,False,53,Trans Female,White - British,In-House Fostering,2023-08-20,2023-09-23,34,Carer requests end,10.88,True,True,1
6,Male,White - British,0,False,0,5,True,43,Female,White - British,In-House Fostering,2024-04-16,2031-01-14,2464,Behaviour concerns,0.99,True,True,1
9,Female,Asian/British Asian - Pakistani,1,True,1,0,False,46,Female,White - British,In-House Fostering,2022-04-20,2022-12-15,239,Behaviour concerns,13.33,False,True,2
11,Male,White - British,0,False,3,4,True,54,Female,White - British,External Fostering,2025-05-25,2025-06-29,35,Planned move,12.67,False,False,1
9,Male,White - Eastern European,0,False,0,0,False,45,Female,Asian/British Asian - Pakistani,In-House Fostering,2025-08-18,2026-09-11,389,Allegation,18.4,True,True,1
6,Male,White - British,0,False,2,4,True,48,Male,Asian/British Asian - Pakistani,In-House Fostering,2024-09-12,2024-10-30,48,Placement stability concerns,2.02,True,False,1
5,Male,Asian/British Asian - Pakistani,0,False,1,3,True,39,Trans Male,White - British,In-House Fostering,2022-02-05,2022-12-29,327,Placement stability concerns,19.02,True,False,1
17,Male,Asian/British Asian - Pakistani,2,True,2,5,True,45,Trans Female,White - British,External Fostering,2022-03-02,2022-05-16,75,Placement stability concerns,6.09,True,True,3
11,Trans Female,White - British,0,False,3,5,True,43,Trans Male,Gypsy / Roma,In-House Fostering,2022-08-31,2024-10-12,773,Child requests end,3.43,True,False,1
13,Trans Male,White - Eastern European,5,True,3,5,True,54,Female,White - Other,In-House Fostering,2022-09-11,2022-10-02,21,Child requests end,12.33,True,True,6
7,Male,White - British,0,False,1,3,True,46,Male,White - British,External Fostering,2023-02-03,2023-07-24,171,Behaviour concerns,15.29,True,False,1
8,Male,White - British,2,True,7,0,False,43,Trans Female,White - British,In-House Fostering,2022-03-21,2022-04-18,28,Allegation,1.07,True,False,3
1,Male,Asian/British Asian - Other,5,True,1,0,False,53,Trans Male,White - British,In-House Fostering,2023-08-21,2024-06-29,313,Child requests end,11.92,True,True,6
0,Male,White - British,0,False,2,3,True,59,Female,Black/Black British - African,In-House Fostering,2022-08-19,2023-04-24,248,Placement stability concerns,13.71,False,True,1
5,Male,Asian/British Asian - Indian,5,True,3,4,True,39,Female,Asian/British Asian - Other,In-House Fostering,2024-11-23,2025-02-11,80,Behaviour concerns,1.88,False,True,6
12,Male,Asian/British Asian - Indian,0,False,2,1,False,57,Male,Asian/British Asian - Pakistani,In-House Fostering,2023-04-10,2025-02-26,688,Placement stability concerns,15.47,False,False,1
9,Male,White - British,4,True,0,0,False,46,Trans Female,White - British,In-House Fostering,2025-09-17,2025-10-18,31,Allegation,12.31,False,False,5
8,Male,White - Central European,2,True,0,5,True,36,Female,Asian/British Asian - Pakistani,In-House Fostering,2023-02-01,2023-03-14,41,Planned move,18.09,True,True,3
13,Male,Asian/British Asian - Indian,0,False,2,1,False,42,Trans Female,White - British,External Fostering,2023-09-24,2025-08-15,691,Placement stability concerns,0.3,False,False,1
4,Male,White - British,0,False,6,3,True,36,Non binary,Asian/British Asian - Pakistani,External Fostering,2022-10-08,2023-11-26,414,Carer requests end,13.88,True,False,1
9,Male,Black/Black British - African,2,True,1,3,True,42,Male,Asian/British Asian - Pakistani,External Fostering,2022-07-16,2023-03-16,243,Planned move,3.77,True,True,3
3,Male,Asian/British Asian - Indian,0,False,4,1,False,54,Male,White - British,External Fostering,2023-02-06,2024-01-08,336,Allegation,18.06,True,False,1
12,Male,Asian/British Asian - Bangladeshi,1,True,3,3,True,48,Male,White - British,In-House Fostering,2025-03-14,2025-05-12,59,Allegation,15.68,True,False,2
7,Trans Female,White - British,0,False,7,5,True,50,Female,White - British,In-House Fostering,2025-06-17,2025-06-28,11,Allegation,3.56,False,False,1
8,Male,White - British,2,True,0,0,False,40,Non binary,White - British,Kinship,2025-06-26,2027-11-02,859,Carer requests end,0.19,False,False,3
9,Non binary,Asian/British Asian - Pakistani,0,False,7,0,False,58,Non binary,Traveller - Other,In-House Fostering,2023-04-22,2023-07-13,82,Allegation,6.16,True,False,1
6,Female,White - British,4,True,6,2,True,56,Male,Asian/British Asian - Pakistani,In-House Fostering,2025-03-29,2025-07-05,98,Child requests end,12.31,False,False,5
8,Trans Male,White - Central European,2,True,7,5,True,52,Trans Female,White - British,In-House Fostering,2023-08-22,2023-11-11,81,Placement stability concerns,4.38,False,False,3
8,Trans Female,White - British,4,True,3,5,True,49,Female,Asian/British Asian - Pakistani,External Fostering,2023-08-08,2023-11-04,88,Child requests end,3.99,False,False,5
15,Female,White - British,0,False,4,3,True,47,Trans Female,White - British,External Fostering,2022-04-15,2023-02-22,313,Placement stability concerns,19.44,True,True,1
12,Trans Female,Gypsy / Roma,0,False,4,1,False,40,Male,Asian/British Asian - Pakistani,Residential,2023-02-25,2023-05-10,74,Placement stability concerns,38.72,False,False,1
6,Female,Asian/British Asian - Pakistani,0,False,5,0,False,38,Female,White - British,In-House Fostering,2023-02-09,2023-05-15,95,Placement stability concerns,14.81,True,True,1
13,Trans Male,White - British,2,True,2,1,False,57,Male,White - Irish,In-House Fostering,2023-09-29,2023-12-09,71,Behaviour concerns,10.4,True,True,3
8,Female,White - British,5,True,6,5,True,39,Trans Female,White - Central European,In-House Fostering,2025-07-28,2025-08-05,8,Planned move,1.51,True,False,6
4,Male,White - British,5,True,1,0,False,45,Female,White - Central European,Residential,2023-08-18,2024-05-10,266,Placement stability concerns,54.91,False,False,6
16,Non binary,Asian/British Asian - Pakistani,3,True,3,4,True,35,Male,White - British,In-House Fostering,2024-01-01,2024-02-24,54,Planned move,18.73,False,False,4
10,Male,White - Central European,2,True,4,5,True,57,Male,Asian/British Asian - Pakistani,External Fostering,2025-03-04,2025-05-23,80,Placement stability concerns,19.21,False,False,3
8,Female,White - British,1,True,0,0,False,60,Trans Male,Asian/British Asian - Pakistani,External Fostering,2022-07-23,2023-10-11,445,Child requests end,8.89,False,True,2
9,Male,Asian/British Asian - Pakistani,0,False,3,3,True,41,Female,Asian/British Asian - Pakistani,External Fostering,2023-01-11,2023-03-05,53,Placement stability concerns,12.74,True,True,1
5,Male,Asian/British Asian - Pakistani,3,True,0,5,True,52,Male,White - British,Kinship,2022-06-24,2022-08-14,51,Child requests end,0.16,True,False,4
9,Non binary,White - Other,0,False,0,2,True,46,Female,White - Other,External Fostering,2022-12-09,2023-07-11,214,Child requests end,14.19,True,False,1
11,Male,White - British,0,False,1,3,True,55,Female,Asian/British Asian - Indian,External Fostering,2023-02-10,2027-02-03,1454,Child requests end,0.87,True,False,1
10,Non binary,Asian/British Asian - Pakistani,2,True,1,5,True,36,Male,Black/Black British - Caribbean,In-House Fostering,2023-02-01,2024-04-22,446,Child requests end,17.47,False,True,3
7,Female,Black/Black British - Other,5,True,1,0,False,49,Male,White - British,Residential,2024-07-11,2025-07-23,377,Planned move,36.73,True,True,6
7,Female,Black/Black British - Caribbean,0,False,2,2,True,41,Male,Asian/British Asian - Pakistani,External Fostering,2022-07-01,2022-10-05,96,Allegation,19.84,False,True,1
7,Male,White - British,4,True,7,2,True,35,Trans Female,Black/Black British - African,Kinship,2025-08-30,2026-03-29,211,Carer requests end,2.46,True,False,5
9,Non binary,White - British,4,True,2,3,True,54,Female,White - British,In-House Fostering,2022-03-09,2024-03-17,739,Allegation,0.9,False,True,5
8,Female,White - British,5,True,4,4,True,50,Male,White - British,Residential,2024-12-18,2025-01-19,32,Child requests end,67.07,True,True,6
8,Male,Asian/British Asian - Pakistani,1,True,2,0,False,37,Male,White - British,External Fostering,2022-03-01,2024-05-09,800,Child requests end,5.42,False,False,2
9,Male,White - British,1,True,5,1,False,46,Female,Asian/British Asian - Pakistani,Kinship,2022-04-21,2022-05-06,15,Behaviour concerns,1.71,True,False,2
9,Trans Male,White - Other,0,False,4,5,True,47,Male,White - British,In-House Fostering,2024-08-05,2024-09-28,54,Carer requests end,7.61,False,False,1
10,Female,Asian/British Asian - Indian,0,False,4,0,False,37,Male,White - British,In-House Fostering,2024-04-24,2024-06-03,40,Behaviour concerns,18.67,True,False,1
6,Male,White - British,5,True,0,0,False,50,Male,Asian/British Asian - Pakistani,Kinship,2022-01-20,2022-03-19,58,Planned move,4.72,False,False,6
7,Female,Asian/British Asian - Pakistani,0,False,7,3,True,36,Trans Female,White - British,External Fostering,2025-08-15,2027-06-07,661,Placement stability concerns,13.4,True,True,1
9,Female,Black/Black British - Other,3,True,7,0,False,41,Trans Female,Asian/British Asian - Pakistani,In-House Fostering,2022-08-31,2023-05-15,257,Allegation,2.63,False,True,4
5,Female,White - British,0,False,2,2,True,58,Male,Asian/British Asian - Pakistani,In-House Fostering,2023-08-08,2023-08-28,20,Behaviour concerns,1.46,True,False,1
9,Female,White - Other,5,True,6,5,True,55,Non binary,White - British,In-House Fostering,2023-11-03,2024-02-02,91,Behaviour concerns,4.76,True,False,6
3,Female,White - British,0,False,4,4,True,57,Female,White - British,Kinship,2022-10-10,2022-11-18,39,Carer requests end,1.58,False,False,1
9,Male,Asian/British Asian - Pakistani,0,False,6,4,True,55,Male,White - British,In-House Fostering,2024-02-29,2026-04-28,789,Behaviour concerns,15.98,False,False,1
8,Female,White - British,4,True,5,4,True,59,Trans Male,White - British,In-House Fostering,2025-05-27,2025-09-15,111,Carer requests end,12.55,True,True,5
7,Female,White - British,0,False,3,2,True,48,Male,White - British,External Fostering,2024-01-26,2026-04-26,821,Placement stability concerns,0.94,False,True,1
12,Female,White - British,5,True,6,2,True,40,Male,White - British,Kinship,2022-10-20,2022-11-29,40,Behaviour concerns,3.0,True,False,6
9,Male,White - British,0,False,0,4,True,43,Female,White - British,External Fostering,2023-10-31,2025-10-21,721,Behaviour concerns,7.14,True,False,1
8,Female,White - British,0,False,2,3,True,50,Female,White - British,External Fostering,2022-02-01,2022-06-29,148,Child requests end,15.58,False,False,1
5,Female,White - British,5,True,1,1,False,53,Female,White - British,External Fostering,2025-02-27,2026-01-25,332,Carer requests end,16.03,True,False,6
10,Trans Female,White - Eastern European,4,True,1,0,False,54,Female,White - British,External Fostering,2024-01-10,2025-02-12,399,Placement stability concerns,10.03,False,False,5
6,Trans Female,White - British,4,True,4,5,True,45,Trans Female,White - British,External Fostering,2025-09-19,2026-07-16,300,Child requests end,9.85,False,False,5
7,Male,Asian/British Asian - Indian,0,False,0,3,True,45,Female,White - British,In-House Fostering,2025-10-26,2035-01-28,3381,Child requests end,19.6,True,True,1
10,Male,White - Central European,4,True,3,1,False,41,Trans Male,White - British,In-House Fostering,2023-01-29,2023-04-28,89,Behaviour concerns,10.72,False,True,5
9,Male,Asian/British Asian - Pakistani,5,True,3,4,True,49,Female,Asian/British Asian - Pakistani,External Fostering,2024-04-08,2024-05-12,34,Child requests end,15.81,False,True,6
7,Female,Asian/British Asian - Other,3,True,4,0,False,49,Female,White - British,Kinship,2025-06-01,2025-08-10,70,Allegation,0.64,False,False,4
7,Trans Female,Asian/British Asian - Pakistani,0,False,0,4,True,52,Trans Female,Gypsy / Roma,In-House Fostering,2024-05-12,2026-08-30,840,Child requests end,12.48,True,False,1
6,Female,Asian/British Asian - Pakistani,0,False,6,5,True,45,Male,Asian/British Asian - Pakistani,In-House Fostering,2025-10-06,2025-12-02,57,Child requests end,16.67,False,False,1
5,Male,White - British,0,False,1,5,True,46,Male,White - British,In-House Fostering,2023-05-21,2025-02-04,625,Allegation,19.56,True,False,1
8,Male,White - British,4,True,1,2,True,41,Male,White - British,External Fostering,2025-04-11,2025-05-11,30,Child requests end,15.8,False,True,5
7,Female,White - British,5,True,2,1,False,54,Male,White - British,External Fostering,2022-04-10,2022-06-28,79,Child requests end,16.69,True,True,6
13,Male,White - British,0,False,3,5,True,50,Female,Asian/British Asian - Pakistani,Kinship,2022-12-17,2023-03-14,87,Behaviour concerns,4.2,True,True,1
10,Trans Female,White - British,1,True,5,4,True,37,Trans Female,White - Eastern European,Kinship,2025-01-08,2025-09-15,250,Behaviour concerns,0.16,False,True,2
11,Female,Asian/British Asian - Bangladeshi,2,True,0,4,True,55,Female,Asian/British Asian - Pakistani,In-House Fostering,2024-04-05,2024-06-29,85,Placement stability concerns,6.13,False,True,3
13,Male,White - British,0,False,6,0,False,50,Female,Black/Black British - African,Kinship,2025-09-20,2025-11-19,60,Carer requests end,4.75,True,True,1
9,Non binary,White - Central European,0,False,0,5,True,51,Female,Asian/British Asian - Pakistani,In-House Fostering,2024-02-14,2026-04-20,796,Planned move,4.54,False,False,1
8,Male,Gypsy / Roma,4,True,4,1,False,40,Male,White - British,Kinship,2023-10-25,2024-12-19,421,Behaviour concerns,1.48,True,False,5
2,Male,Traveller of Irish Heritage,1,True,7,0,False,50,Trans Female,White - British,Kinship,2023-02-21,2025-08-02,893,Child requests end,3.86,False,False,2
2,Male,White - British,2,True,2,1,False,52,Trans Male,Asian/British Asian - Pakistani,External Fostering,2024-03-13,2024-09-22,193,Child requests end,19.33,False,True,3
10,Male,White - Eastern European,1,True,0,1,False,55,Trans Female,Asian/British Asian - Pakistani,Kinship,2022-12-18,2024-06-07,537,Child requests end,1.38,False,False,2
9,Female,Mixed - White/Asian,5,True,2,1,False,51,Male,White - Eastern European,In-House Fostering,2023-11-18,2033-08-11,3554,Child requests end,5.51,False,True,6
11,Male,White - British,0,False,7,3,True,57,Female,White - British,In-House Fostering,2025-07-05,2026-04-22,291,Allegation,0.12,True,True,1
7,Female,White - Central European,0,False,5,3,True,54,Female,White - Other,In-House Fostering,2023-03-04,2023-10-30,240,Behaviour concerns,13.42,False,True,1
12,Trans Female,Mixed - White/Black Caribbean,0,False,4,0,False,45,Female,White - British,Residential,2022-06-25,2022-10-29,126,Allegation,34.29,False,True,1
10,Trans Female,White - British,0,False,4,5,True,41,Male,Mixed - White/Asian,Kinship,2025-02-01,2025-03-16,43,Placement stability concerns,3.01,False,False,1
3,Male,White - British,2,True,7,0,False,38,Male,Asian/British Asian - Pakistani,Kinship,2024-04-02,2024-07-10,99,Behaviour concerns,2.4,False,True,3
4,Male,White - British,4,True,4,4,True,35,Female,White - British,External Fostering,2022-05-30,2027-01-01,1677,Behaviour concerns,5.0,False,True,5
0,Male,White - British,1,True,4,2,True,54,Trans Male,Asian/British Asian - Pakistani,In-House Fostering,2023-05-16,2023-05-28,12,Carer requests end,13.66,False,False,2
3,Trans Female,White - British,0,False,5,2,True,42,Male,White - British,Kinship,2025-03-28,2026-11-26,608,Carer requests end,1.91,True,False,1
7,Female,White - British,1,True,0,2,True,35,Female,White - Central European,Kinship,2025-02-03,2025-04-21,77,Carer requests end,4.62,False,False,2
10,Female,White - British,0,False,6,5,True,50,Female,White - British,External Fostering,2025-04-29,2025-07-02,64,Planned move,3.21,False,True,1
14,Trans Female,Asian/British Asian - Pakistani,0,False,3,3,True,57,Male,White - Central European,Residential,2024-12-02,2025-04-30,149,Planned move,36.94,True,False,1
13,Male,White - British,5,True,0,3,True,40,Non binary,White - British,External Fostering,2025-06-04,2025-12-21,200,Planned move,12.83,True,False,6
5,Male,Traveller - Other,3,True,2,3,True,37,Male,Asian/British Asian - Pakistani,Kinship,2023-08-29,2023-09-02,4,Placement stability concerns,2.26,True,False,4
5,Trans Female,Asian/British Asian - Other,0,False,6,3,True,47,Female,White - British,Kinship,2022-06-30,2023-08-23,419,Carer requests end,2.71,True,True,1
7,Male,White - British,2,True,1,5,True,36,Male,Asian/British Asian - Pakistani,In-House Fostering,2024-10-25,2027-06-30,978,Carer requests end,10.27,True,False,3
13,Trans Male,White - British,0,False,4,2,True,60,Male,White - Central European,Kinship,2023-05-26,2024-04-05,315,Child requests end,3.52,True,False,1
15,Trans Female,White - Central European,0,False,5,4,True,46,Female,White - British,In-House Fostering,2022-09-01,2023-03-16,196,Carer requests end,12.45,False,True,1
8,Female,Black/Black British - Caribbean,1,True,6,0,False,35,Trans Male,Asian/British Asian - Indian,In-House Fostering,2023-10-16,2023-12-27,72,Behaviour concerns,7.41,True,True,2
8,Male,White - British,0,False,3,1,False,35,Female,White - British,Kinship,2023-03-14,2024-06-21,465,Planned move,4.27,True,True,1
10,Male,White - British,0,False,0,1,False,43,Male,White - British,In-House Fostering,2023-04-30,2023-09-17,140,Placement stability concerns,18.97,True,False,1
8,Male,White - British,2,True,6,5,True,35,Female,White - British,Kinship,2022-08-04,2022-09-05,32,Carer requests end,3.55,True,True,3
9,Male,White - British,0,False,2,1,False,50,Male,White - British,Kinship,2024-04-12,2024-11-19,221,Child requests end,2.68,False,True,1
9,Non binary,White - British,0,False,3,5,True,36,Female,White - British,In-House Fostering,2025-06-29,2025-08-30,62,Placement stability concerns,2.13,False,False,1
7,Male,White - British,3,True,6,3,True,60,Female,Asian/British Asian - Bangladeshi,In-House Fostering,2022-11-28,2024-09-26,668,Carer requests end,16.26,False,False,4
9,Male,White - British,0,False,3,2,True,37,Female,White - British,In-House Fostering,2023-10-18,2023-12-11,54,Allegation,6.62,False,True,1
10,Female,White - British,0,False,5,2,True,41,Male,White - British,Kinship,2023-05-08,2024-02-11,279,Placement stability concerns,0.85,False,True,1
4,Female,Asian/British Asian - Pakistani,4,True,4,1,False,46,Trans Male,Black/Black British - Caribbean,In-House Fostering,2022-08-20,2028-05-06,2086,Placement stability concerns,9.02,False,True,5
7,Trans Female,White - British,0,False,2,2,True,50,Male,White - British,External Fostering,2022-10-24,2023-05-02,190,Allegation,13.36,True,True,1
3,Male,White - British,0,False,3,2,True,48,Male,Asian/British Asian - Pakistani,External Fostering,2025-03-19,2025-05-21,63,Planned move,15.74,False,False,1
6,Female,Asian/British Asian - Pakistani,1,True,0,2,True,42,Non binary,White - Other,In-House Fostering,2022-03-22,2023-03-21,364,Allegation,3.79,False,True,2
6,Male,White - British,0,False,7,1,False,45,Male,Dual Heritage - Black/White,External Fostering,2022-11-04,2023-10-03,333,Child requests end,8.79,False,False,1
3,Trans Female,Asian/British Asian - Other,0,False,6,0,False,45,Female,White - Other,In-House Fostering,2022-05-05,2024-08-11,829,Planned move,10.34,True,False,1
11,Male,White - British,0,False,2,3,True,57,Female,White - Other,Residential,2022-05-05,2023-01-09,249,Carer requests end,42.71,False,True,1
0,Female,White - British,0,False,3,4,True,51,Male,White - British,In-House Fostering,2025-10-16,2027-03-09,509,Placement stability concerns,3.46,False,False,1
9,Male,White - British,0,False,6,4,True,39,Non binary,Asian/British Asian - Pakistani,External Fostering,2025-08-01,2025-08-15,14,Allegation,6.75,True,False,1
13,Male,Asian/British Asian - Bangladeshi,0,False,1,1,False,48,Female,Black/Black British - African,Residential,2024-11-28,2025-04-03,126,Allegation,50.38,True,True,1
8,Male,Mixed - White/Black African,0,False,3,4,True,48,Female,Asian/British Asian - Pakistani,In-House Fostering,2025-02-06,2026-05-07,455,Carer requests end,14.84,True,False,1
17,Female,White - British,1,True,3,1,False,51,Female,Black/Black British - African,In-House Fostering,2022-10-10,2022-12-09,60,Placement stability concerns,17.07,False,True,2
13,Male,White - British,4,True,7,3,True,49,Male,White - Other,In-House Fostering,2024-12-27,2025-04-15,109,Behaviour concerns,1.86,False,True,5
10,Male,White - British,3,True,0,5,True,40,Male,White - British,Kinship,2024-01-28,2024-11-21,298,Placement stability concerns,0.21,False,True,4
0,Female,Asian/British Asian - Pakistani,3,True,4,0,False,38,Female,Asian/British Asian - Pakistani,In-House Fostering,2023-01-18,2023-02-27,40,Carer requests end,0.34,True,False,4
13,Male,Asian/British Asian - Pakistani,0,False,6,1,False,49,Female,Black/Black British - African,In-House Fostering,2022-08-23,2023-12-27,491,Planned move,11.63,True,False,1
11,Female,White - British,4,True,5,2,True,53,Male,Asian/British Asian - Pakistani,External Fostering,2025-07-11,2032-09-10,2618,Child requests end,14.5,False,False,5
11,Male,White - British,4,True,0,4,True,42,Female,Asian/British Asian - Pakistani,In-House Fostering,2023-05-08,2024-06-11,400,Behaviour concerns,12.62,True,True,5
10,Female,Asian/British Asian - Pakistani,4,True,0,0,False,54,Male,White - Eastern European,In-House Fostering,2022-10-09,2023-01-04,87,Planned move,8.53,True,False,5
4,Trans Male,White - British,0,False,0,1,False,54,Male,Asian/British Asian - Indian,In-House Fostering,2024-02-12,2025-07-14,518,Planned move,1.78,False,False,1
8,Female,White - Eastern European,0,False,7,0,False,45,Male,Asian/British Asian - Pakistani,In-House Fostering,2023-12-12,2031-05-05,2701,Allegation,3.7,True,True,1
8,Female,Dual Heritage - Black/White,0,False,5,0,False,42,Female,Asian/British Asian - Pakistani,External Fostering,2023-01-04,2023-01-14,10,Planned move,15.28,True,True,1
6,Female,White - Irish,0,False,0,5,True,57,Female,White - British,In-House Fostering,2024-05-10,2024-12-06,210,Child requests end,1.89,True,False,1
6,Female,Asian/British Asian - Pakistani,0,False,5,4,True,43,Female,Asian/British Asian - Bangladeshi,External Fostering,2025-04-22,2026-12-07,594,Behaviour concerns,16.39,False,False,1
9,Female,White - British,0,False,1,0,False,42,Female,Asian/British Asian - Pakistani,In-House Fostering,2025-03-05,2025-03-26,21,Behaviour concerns,16.97,True,False,1
0,Female,White - British,0,False,1,2,True,46,Female,White - British,In-House Fostering,2024-11-05,2025-02-18,105,Carer requests end,2.52,True,False,1
5,Male,Asian/British Asian - Pakistani,0,False,5,2,True,42,Female,White - British,External Fostering,2024-04-20,2024-12-15,239,Behaviour concerns,4.45,True,False,1
0,Trans Male,Asian/British Asian - Pakistani,4,True,1,2,True,45,Female,White - British,In-House Fostering,2024-07-26,2024-09-08,44,Carer requests end,13.26,False,True,5
8,Trans Male,White - British,0,False,1,0,False,56,Female,Asian/British Asian - Indian,In-House Fostering,2022-10-10,2023-05-07,209,Placement stability concerns,1.52,False,False,1
8,Male,White - British,1,True,6,5,True,39,Female,White - British,External Fostering,2022-07-12,2022-09-06,56,Behaviour concerns,4.71,False,False,2
11,Male,Asian/British Asian - Pakistani,1,True,0,1,False,36,Female,Asian/British Asian - Pakistani,External Fostering,2022-12-17,2023-09-01,258,Planned move,14.35,False,False,2
11,Male,White - British,0,False,6,0,False,42,Female,Asian/British Asian - Pakistani,Residential,2025-07-13,2026-04-11,272,Carer requests end,58.16,False,False,1
6,Male,Asian/British Asian - Pakistani,0,False,2,5,True,50,Male,White - British,Kinship,2022-09-15,2023-06-25,283,Placement stability concerns,0.68,True,False,1
10,Male,Asian/British Asian - Pakistani,0,False,6,4,True,49,Male,Asian/British Asian - Pakistani,In-House Fostering,2023-06-28,2025-08-05,769,Behaviour concerns,7.57,False,True,1
2,Male,White - British,0,False,1,4,True,49,Male,White - British,External Fostering,2024-04-27,2024-05-22,25,Placement stability concerns,10.73,True,True,1
4,Male,Asian/British Asian - Other,0,False,1,5,True,52,Female,White - British,In-House Fostering,2024-04-23,2025-01-23,275,Carer requests end,19.81,False,False,1
6,Non binary,White - British,3,True,0,3,True,53,Male,White - British,External Fostering,2022-04-09,2023-06-09,426,Allegation,8.21,False,False,4
5,Male,White - British,0,False,5,5,True,54,Trans Male,White - British,External Fostering,2022-07-29,2022-08-25,27,Behaviour concerns,17.37,False,True,1
8,Trans Male,White - British,2,True,4,0,False,42,Trans Male,White - British,Residential,2022-08-20,2022-10-10,51,Carer requests end,53.76,False,True,3
12,Trans Female,Asian/British Asian - Pakistani,1,True,3,0,False,42,Female,Asian/British Asian - Pakistani,Residential,2022-02-24,2022-04-04,39,Child requests end,89.19,True,False,2
11,Male,Gypsy / Roma,1,True,0,3,True,42,Female,Asian/British Asian - Pakistani,In-House Fostering,2022-11-02,2023-12-27,420,Placement stability concerns,17.16,True,True,2
9,Female,White - British,0,False,3,5,True,60,Male,White - British,External Fostering,2025-10-28,2025-11-05,8,Allegation,17.81,False,True,1
9,Non binary,White - British,1,True,6,0,False,40,Female,White - Central European,External Fostering,2022-04-24,2022-11-04,194,Child requests end,2.26,False,True,2
10,Female,White - British,5,True,0,1,False,48,Male,White - British,In-House Fostering,2022-02-15,2022-04-08,52,Placement stability concerns,11.36,False,False,6
11,Female,Asian/British Asian - Pakistani,0,False,4,5,True,50,Trans Male,White - Eastern European,In-House Fostering,2023-10-01,2033-07-05,3565,Placement stability concerns,0.09,False,True,1
5,Male,Asian/British Asian - Pakistani,0,False,0,1,False,56,Trans Male,White - British,Kinship,2024-11-21,2026-04-07,502,Planned move,4.45,True,True,1
8,Male,Mixed - White/Asian,5,True,3,1,False,59,Trans Male,Asian/British Asian - Pakistani,External Fostering,2023-08-05,2024-06-26,326,Planned move,4.18,False,False,6
6,Trans Female,White - British,5,True,1,0,False,52,Male,White - British,In-House Fostering,2022-02-28,2023-09-01,550,Placement stability concerns,14.52,False,False,6
7,Female,White - British,4,True,4,0,False,50,Trans Female,White - British,In-House Fostering,2025-10-13,2025-12-25,73,Child requests end,10.89,False,False,5
9,Female,White - Eastern European,0,False,1,0,False,36,Female,White - British,External Fostering,2023-01-09,2023-02-26,48,Allegation,10.93,True,False,1
13,Non binary,Asian/British Asian - Pakistani,0,False,5,5,True,38,Trans Male,White - British,External Fostering,2022-06-28,2024-11-05,861,Planned move,2.0,False,False,1
15,Female,Asian/British Asian - Pakistani,3,True,2,2,True,49,Male,Asian/British Asian - Pakistani,Residential,2023-02-03,2024-03-04,395,Placement stability concerns,65.42,False,True,4
6,Female,White - British,2,True,5,5,True,50,Trans Female,White - British,External Fostering,2024-09-28,2025-11-04,402,Child requests end,2.56,False,True,3
10,Male,Asian/British Asian - Pakistani,0,False,1,2,True,49,Female,White - Central European,In-House Fostering,2024-10-09,2025-10-08,364,Allegation,9.36,False,True,1
8,Male,White - British,1,True,6,0,False,47,Male,Gypsy / Roma,Residential,2025-05-20,2026-07-25,431,Behaviour concerns,26.7,False,False,2
9,Non binary,White - British,2,True,7,3,True,47,Trans Female,White - British,In-House Fostering,2025-01-09,2027-06-10,882,Placement stability concerns,2.0,True,True,3
11,Female,Asian/British Asian - Pakistani,0,False,3,0,False,49,Trans Female,Asian/British Asian - Pakistani,Kinship,2022-06-28,2022-08-22,55,Planned move,1.01,False,True,1
10,Male,White - Other,4,True,5,0,False,44,Female,White - British,Kinship,2022-03-12,2022-10-12,214,Behaviour concerns,4.1,False,False,5
9,Male,Asian/British Asian - Pakistani,4,True,0,1,False,60,Male,Asian/British Asian - Indian,In-House Fostering,2023-12-29,2025-04-06,464,Behaviour concerns,1.87,True,True,5
9,Male,White - Eastern European,1,True,6,1,False,38,Female,White - Central European,External Fostering,2025-09-29,2026-04-15,198,Allegation,5.84,False,False,2
12,Male,White - British,0,False,4,5,True,37,Female,White - British,External Fostering,2025-09-21,2025-12-17,87,Allegation,15.96,True,True,1
4,Trans Male,White - British,0,False,1,1,False,57,Female,Asian/British Asian - Pakistani,In-House Fostering,2025-01-07,2025-08-26,231,Planned move,15.22,False,True,1
14,Male,White - Central European,0,False,7,5,True,41,Male,White - Other,External Fostering,2022-05-17,2022-08-12,87,Planned move,10.1,False,True,1
5,Female,Mixed - Other,4,True,2,1,False,37,Male,White - British,External Fostering,2024-08-04,2024-11-15,103,Placement stability concerns,15.94,True,False,5
11,Female,White - British,0,False,7,5,True,41,Female,Asian/British Asian - Pakistani,Kinship,2024-02-16,2026-01-23,707,Placement stability concerns,1.5,True,False,1
6,Female,White - Central European,2,True,0,5,True,60,Trans Female,Asian/British Asian - Pakistani,In-House Fostering,2022-03-08,2022-09-13,189,Behaviour concerns,19.43,True,False,3
10,Female,White - British,1,True,1,2,True,37,Female,White - Eastern European,In-House Fostering,2022-12-07,2024-03-01,450,Allegation,14.16,True,True,2
7,Female,White - Central European,3,True,2,5,True,35,Female,White - British,External Fostering,2022-06-30,2022-08-07,38,Placement stability concerns,19.53,False,False,4
5,Male,White - British,0,False,6,2,True,59,Female,White - British,Kinship,2023-09-13,2023-09-17,4,Behaviour concerns,2.05,True,False,1
12,Female,Traveller - Other,0,False,5,0,False,37,Male,Asian/British Asian - Pakistani,In-House Fostering,2025-07-21,2025-11-18,120,Placement stability concerns,13.45,True,True,1
4,Non binary,White - British,0,False,6,0,False,45,Male,Asian/British Asian - Pakistani,In-House Fostering,2024-02-04,2025-06-18,500,Behaviour concerns,12.47,False,False,1
10,Male,White - British,0,False,4,0,False,48,Male,Asian/British Asian - Indian,In-House Fostering,2025-01-15,2025-04-04,79,Behaviour concerns,14.7,True,False,1
4,Male,White - British,0,False,3,1,False,44,Male,White - British,External Fostering,2025-06-18,2026-03-13,268,Allegation,10.53,True,False,1
13,Non binary,Asian/British Asian - Pakistani,2,True,5,1,False,55,Female,Asian/British Asian - Indian,External Fostering,2022-06-24,2022-08-22,59,Allegation,5.45,True,True,3
6,Female,White - British,2,True,0,0,False,40,Female,White - British,External Fostering,2024-01-04,2024-09-25,265,Planned move,1.11,True,False,3
11,Male,Asian/British Asian - Other,0,False,1,1,False,49,Female,White - British,In-House Fostering,2025-08-21,2026-12-20,486,Behaviour concerns,7.96,True,False,1
1,Female,Asian/British Asian - Other,0,False,1,1,False,60,Trans Female,Asian/British Asian - Other,External Fostering,2024-06-15,2024-09-28,105,Behaviour concerns,19.19,True,True,1
7,Female,White - British,4,True,3,4,True,38,Female,White - British,In-House Fostering,2023-01-01,2023-02-28,58,Planned move,0.31,True,True,5
6,Male,Asian/British Asian - Pakistani,2,True,3,2,True,59,Trans Male,White - Eastern European,In-House Fostering,2023-12-07,2023-12-20,13,Child requests end,15.74,True,False,3
11,Female,White - British,2,True,5,0,False,52,Female,Mixed - White/Asian,External Fostering,2025-09-14,2028-02-02,871,Carer requests end,19.94,False,False,3
12,Male,White - British,0,False,7,5,True,58,Female,White - British,Kinship,2022-08-25,2023-03-31,218,Child requests end,2.57,True,True,1
9,Non binary,White - British,4,True,1,1,False,45,Male,White - Eastern European,Kinship,2023-10-19,2024-05-21,215,Placement stability concerns,0.94,False,False,5
9,Female,Mixed - White/Asian,0,False,1,2,True,54,Female,White - British,External Fostering,2022-10-30,2024-07-23,632,Behaviour concerns,18.9,False,True,1
1,Male,Asian/British Asian - Pakistani,3,True,3,1,False,41,Trans Male,White - British,In-House Fostering,2023-11-15,2024-01-02,48,Planned move,16.58,False,False,4
8,Male,White - British,0,False,4,5,True,58,Male,Gypsy / Roma,Kinship,2025-08-31,2027-12-26,847,Child requests end,2.7,True,False,1
6,Trans Female,Asian/British Asian - Pakistani,3,True,2,3,True,44,Male,White - British,Kinship,2022-05-08,2026-02-02,1366,Behaviour concerns,2.7,False,False,4
8,Trans Female,Asian/British Asian - Pakistani,0,False,6,4,True,47,Female,Asian/British Asian - Pakistani,Residential,2022-03-13,2024-07-06,846,Planned move,77.23,False,True,1
4,Female,White - Eastern European,1,True,4,1,False,59,Trans Female,Mixed - White/Black Caribbean,Kinship,2024-09-21,2027-08-17,1060,Child requests end,1.53,False,True,2
3,Male,White - British,0,False,4,4,True,52,Female,Asian/British Asian - Other,In-House Fostering,2024-11-20,2025-02-25,97,Planned move,13.66,False,False,1
2,Trans Female,White - British,0,False,5,1,False,60,Female,Asian/British Asian - Pakistani,Kinship,2023-12-25,2024-10-21,301,Child requests end,4.41,False,False,1
5,Female,Asian/British Asian - Pakistani,0,False,2,0,False,51,Female,White - British,External Fostering,2023-11-20,2024-02-04,76,Planned move,0.52,False,True,1
12,Female,Asian/British Asian - Pakistani,0,False,2,2,True,48,Male,Asian/British Asian - Pakistani,Kinship,2022-12-17,2026-07-02,1293,Child requests end,2.17,True,True,1
9,Female,Asian/British Asian - Other,3,True,3,0,False,45,Male,White - British,Kinship,2024-01-01,2024-04-03,93,Behaviour concerns,3.33,True,True,4
10,Female,Black/Black British - African,0,False,5,0,False,51,Female,White - British,In-House Fostering,2023-06-08,2026-11-14,1255,Planned move,10.37,True,True,1
11,Trans Female,Dual Heritage - Black/White,1,True,4,1,False,59,Female,White - British,In-House Fostering,2023-02-10,2025-11-27,1021,Child requests end,6.94,False,True,2
10,Male,White - British,1,True,5,1,False,58,Female,Asian/British Asian - Pakistani,In-House Fostering,2022-06-26,2022-07-19,23,Placement stability concerns,4.59,True,False,2
16,Male,Asian/British Asian - Pakistani,4,True,4,0,False,36,Male,Asian/British Asian - Indian,External Fostering,2023-07-05,2024-02-17,227,Carer requests end,17.83,True,False,5
11,Female,White - British,0,False,6,4,True,53,Male,Asian/British Asian - Pakistani,In-House Fostering,2025-05-26,2026-03-04,282,Child requests end,18.6,False,True,1
10,Male,White - British,0,False,2,0,False,39,Male,Asian/British Asian - Pakistani,In-House Fostering,2025-09-03,2026-05-09,248,Behaviour concerns,0.6,False,False,1
3,Trans Male,White - British,0,False,4,4,True,46,Trans Female,Asian/British Asian - Pakistani,External Fostering,2025-04-27,2025-05-10,13,Child requests end,3.83,False,True,1
1,Male,White - British,0,False,1,1,False,39,Male,Asian/British Asian - Pakistani,Kinship,2022-04-23,2023-08-29,493,Allegation,3.25,False,False,1
10,Female,Asian/British Asian - Pakistani,0,False,2,2,True,58,Female,White - British,Kinship,2023-01-28,2026-07-01,1250,Placement stability concerns,4.71,True,False,1
0,Female,Black/Black British - African,0,False,3,4,True,43,Male,White - British,Residential,2024-05-23,2024-07-10,48,Planned move,63.78,True,False,1
10,Female,White - British,2,True,6,2,True,48,Trans Male,White - British,In-House Fostering,2022-09-23,2022-10-23,30,Placement stability concerns,5.31,True,True,3
7,Male,White - British,3,True,4,1,False,47,Trans Male,Asian/British Asian - Pakistani,External Fostering,2022-12-09,2025-09-24,1020,Behaviour concerns,1.06,False,True,4
7,Female,White - British,0,False,5,1,False,49,Non binary,White - British,Residential,2022-01-14,2023-04-08,449,Carer requests end,61.12,True,False,1
9,Female,Asian/British Asian - Pakistani,0,False,4,4,True,47,Male,Asian/British Asian - Pakistani,In-House Fostering,2023-12-03,2023-12-25,22,Placement stability concerns,19.51,False,True,1
9,Male,White - British,1,True,4,1,False,55,Trans Female,White - British,External Fostering,2022-06-09,2022-07-28,49,Child requests end,3.5,True,False,2
4,Male,Asian/British Asian - Pakistani,2,True,4,5,True,54,Female,White - British,Kinship,2025-05-30,2026-03-23,297,Child requests end,3.25,True,False,3
7,Female,White - British,2,True,4,3,True,56,Male,White - British,Kinship,2022-09-18,2023-10-26,403,Carer requests end,0.52,False,True,3
10,Female,White - British,2,True,0,3,True,44,Male,White - British,External Fostering,2023-12-31,2025-02-28,425,Planned move,11.67,True,True,3
9,Female,White - British,0,False,1,3,True,39,Non binary,White - British,Kinship,2022-11-12,2026-05-27,1292,Allegation,2.87,False,True,1
7,Male,White - British,5,True,6,2,True,50,Female,Asian/British Asian - Pakistani,Kinship,2025-09-16,2026-01-06,112,Behaviour concerns,4.22,True,True,6
8,Male,Asian/British Asian - Pakistani,0,False,4,0,False,48,Female,White - Other,In-House Fostering,2022-12-16,2023-06-24,190,Behaviour concerns,18.91,False,True,1
2,Trans Female,Asian/British Asian - Pakistani,1,True,3,1,False,36,Female,Asian/British Asian - Other,Kinship,2022-09-06,2023-12-03,453,Placement stability concerns,0.84,False,True,2
9,Female,White - Other,0,False,2,3,True,56,Female,White - British,In-House Fostering,2022-12-17,2023-06-15,180,Child requests end,16.64,False,False,1
5,Male,White - British,0,False,3,2,True,58,Female,White - British,In-House Fostering,2024-12-01,2025-03-01,90,Child requests end,18.26,True,False,1
9,Trans Male,White - Other,0,False,2,2,True,54,Trans Male,Asian/British Asian - Pakistani,External Fostering,2023-10-20,2024-01-21,93,Placement stability concerns,5.15,True,True,1
3,Female,Asian/British Asian - Pakistani,4,True,6,2,True,58,Trans Female,White - Eastern European,In-House Fostering,2022-02-26,2022-10-29,245,Carer requests end,3.6,True,True,5
8,Female,White - British,2,True,5,3,True,60,Male,Asian/British Asian - Pakistani,External Fostering,2022-05-12,2022-12-01,203,Planned move,0.8,True,False,3
4,Male,Asian/British Asian - Pakistani,0,False,4,3,True,35,Female,White - British,External Fostering,2022-01-31,2023-08-03,549,Behaviour concerns,1.97,False,False,1
7,Male,White - British,0,False,3,1,False,55,Trans Female,Asian/British Asian - Bangladeshi,External Fostering,2024-03-30,2024-04-23,24,Child requests end,9.96,False,True,1
5,Male,White - British,3,True,6,2,True,37,Trans Male,Asian/British Asian - Pakistani,External Fostering,2025-06-03,2025-07-30,57,Placement stability concerns,6.08,False,False,4
7,Female,White - British,0,False,2,0,False,42,Female,White - British,In-House Fostering,2023-05-05,2023-10-26,174,Child requests end,3.07,True,True,1
1,Female,White - Other,0,False,6,1,False,59,Female,White - British,In-House Fostering,2022-05-10,2022-12-19,223,Planned move,5.69,False,True,1
14,Trans Male,Asian/British Asian - Indian,0,False,2,1,False,41,Trans Female,White - British,External Fostering,2022-04-28,2022-12-14,230,Placement stability concerns,19.56,False,True,1
9,Male,Asian/British Asian - Pakistani,3,True,1,1,False,54,Female,Black/Black British - Caribbean,Residential,2022-06-24,2023-02-04,225,Allegation,73.97,True,True,4
14,Male,Asian/British Asian - Pakistani,5,True,7,2,True,58,Male,White - British,In-House Fostering,2023-05-22,2023-08-03,73,Planned move,19.9,False,False,6
7,Male,White - Irish,0,False,1,1,False,43,Trans Female,White - Central European,Kinship,2024-02-22,2025-03-21,393,Allegation,4.31,True,True,1
11,Trans Male,White - British,0,False,2,2,True,60,Male,Asian/British Asian - Pakistani,In-House Fostering,2025-04-29,2025-10-13,167,Behaviour concerns,0.35,True,True,1
8,Trans Male,Asian/British Asian - Pakistani,3,True,4,1,False,44,Female,Asian/British Asian - Pakistani,External Fostering,2022-02-22,2022-03-20,26,Child requests end,4.76,True,False,4
3,Female,White - British,1,True,6,4,True,48,Female,Asian/British Asian - Pakistani,In-House Fostering,2022-05-03,2023-03-28,329,Carer requests end,3.36,True,False,2
2,Non binary,White - British,1,True,3,1,False,47,Female,White - British,In-House Fostering,2023-04-28,2025-06-12,776,Behaviour concerns,8.97,False,True,2
11,Female,White - British,4,True,0,3,True,42,Trans Female,White - British,External Fostering,2023-11-18,2023-11-20,2,Placement stability concerns,8.16,False,False,5
5,Trans Male,White - British,4,True,3,5,True,46,Female,White - British,External Fostering,2024-02-15,2024-11-25,284,Behaviour concerns,17.46,True,True,5
11,Female,Asian/British Asian - Pakistani,0,False,5,4,True,47,Male,White - British,In-House Fostering,2023-07-09,2025-10-27,841,Child requests end,8.0,True,True,1
12,Female,Asian/British Asian - Indian,1,True,0,1,False,48,Female,White - British,In-House Fostering,2023-06-08,2023-08-05,58,Child requests end,17.21,False,False,2
7,Female,White - British,3,True,4,3,True,50,Female,Asian/British Asian - Pakistani,In-House Fostering,2023-05-27,2024-06-07,377,Allegation,4.68,True,False,4
6,Female,White - Other,1,True,7,0,False,44,Trans Female,Asian/British Asian - Pakistani,External Fostering,2023-03-01,2024-06-05,462,Carer requests end,3.6,True,False,2
9,Male,White - British,0,False,0,2,True,44,Female,White - British,Kinship,2024-11-02,2024-11-13,11,Carer requests end,4.53,False,False,1
9,Non binary,White - British,0,False,7,0,False,40,Male,White - British,In-House Fostering,2023-04-11,2023-04-27,16,Child requests end,5.54,False,False,1
13,Female,White - British,5,True,3,1,False,51,Female,Asian/British Asian - Pakistani,In-House Fostering,2022-08-24,2022-11-07,75,Allegation,12.91,True,True,6
6,Female,White - British,1,True,2,0,False,44,Trans Female,Asian/British Asian - Pakistani,External Fostering,2024-02-17,2024-06-20,124,Carer requests end,6.26,True,True,2
3,Male,White - British,3,True,2,1,False,37,Female,White - Central European,Kinship,2022-12-16,2023-03-01,75,Behaviour concerns,4.9,False,True,4
13,Male,Mixed - White/Black Caribbean,2,True,3,0,False,42,Female,Asian/British Asian - Pakistani,In-House Fostering,2022-04-08,2022-05-22,44,Planned move,1.29,False,True,3
8,Female,Asian/British Asian - Pakistani,0,False,5,1,False,46,Female,White - British,In-House Fostering,2024-06-22,2025-11-17,513,Carer requests end,12.26,False,False,1
9,Trans Female,Black/Black British - Caribbean,0,False,7,0,False,49,Trans Female,White - British,External Fostering,2024-08-27,2024-10-06,40,Placement stability concerns,14.1,False,False,1
5,Female,Asian/British Asian - Pakistani,0,False,3,0,False,36,Female,White - British,External Fostering,2025-03-23,2025-04-06,14,Planned move,0.9,True,True,1
9,Female,Asian/British Asian - Pakistani,0,False,0,0,False,59,Trans Female,White - British,In-House Fostering,2023-08-29,2024-03-06,190,Behaviour concerns,2.99,True,True,1
9,Male,White - Other,1,True,2,4,True,56,Male,White - British,In-House Fostering,2024-12-12,2027-01-29,778,Carer requests end,4.53,True,False,2
10,Female,White - British,0,False,7,4,True,38,Female,White - Eastern European,In-House Fostering,2022-08-30,2022-11-07,69,Planned move,18.2,False,True,1
3,Trans Male,White - British,4,True,4,3,True,43,Male,White - British,Kinship,2022-10-20,2024-07-30,649,Planned move,0.15,False,True,5
8,Trans Female,Asian/British Asian - Pakistani,0,False,5,3,True,57,Female,Asian/British Asian - Pakistani,Residential,2025-06-12,2026-02-19,252,Allegation,53.34,True,True,1
9,Female,White - British,4,True,6,4,True,46,Trans Male,White - British,External Fostering,2023-07-06,2023-10-30,116,Placement stability concerns,10.24,True,False,5
8,Male,White - British,3,True,1,3,True,59,Female,White - British,In-House Fostering,2022-02-25,2023-01-05,314,Carer requests end,6.1,True,False,4
6,Female,White - British,0,False,2,0,False,35,Female,White - British,External Fostering,2022-10-01,2029-10-07,2563,Allegation,3.64,False,False,1
3,Trans Male,White - British,4,True,6,3,True,38,Female,White - British,Kinship,2022-06-22,2023-03-31,282,Carer requests end,0.06,True,False,5
1,Female,White - Other,4,True,7,4,True,46,Trans Female,Asian/British Asian - Pakistani,In-House Fostering,2022-10-26,2024-12-06,772,Placement stability concerns,12.12,True,False,5
11,Female,Asian/British Asian - Pakistani,0,False,0,0,False,42,Female,Asian/British Asian - Bangladeshi,In-House Fostering,2024-07-27,2026-04-12,624,Allegation,1.84,True,False,1
9,Male,White - British,1,True,6,5,True,56,Male,Asian/British Asian - Pakistani,In-House Fostering,2025-06-17,2025-10-24,129,Placement stability concerns,19.9,True,False,2
15,Trans Male,White - British,0,False,5,0,False,50,Female,White - Other,In-House Fostering,2024-06-25,2027-06-27,1097,Behaviour concerns,7.11,True,False,1
8,Male,Asian/British Asian - Pakistani,0,False,0,4,True,38,Male,White - British,In-House Fostering,2024-03-28,2024-08-19,144,Child requests end,0.29,False,True,1
6,Trans Female,White - British,5,True,3,0,False,52,Male,Asian/British Asian - Bangladeshi,In-House Fostering,2024-05-26,2024-12-06,194,Carer requests end,0.12,False,False,6
13,Male,White - British,0,False,3,1,False,40,Female,White - British,In-House Fostering,2025-10-13,2033-03-10,2705,Child requests end,3.93,True,False,1
0,Female,White - British,4,True,7,3,True,46,Trans Female,Mixed - White/Asian,In-House Fostering,2023-03-14,2023-09-28,198,Carer requests end,10.81,False,False,5
14,Trans Female,Asian/British Asian - Pakistani,1,True,2,2,True,36,Female,White - Central European,In-House Fostering,2024-08-02,2025-11-06,461,Carer requests end,2.94,False,False,2
9,Male,White - British,2,True,3,0,False,53,Trans Male,Dual Heritage - Black/White,External Fostering,2025-02-28,2029-03-25,1486,Carer requests end,5.68,False,True,3
11,Female,White - British,0,False,1,5,True,60,Female,White - British,External Fostering,2023-04-25,2023-05-25,30,Allegation,11.06,False,True,1
7,Trans Female,Asian/British Asian - Pakistani,0,False,3,3,True,36,Female,White - British,Kinship,2025-09-23,2030-04-21,1671,Planned move,1.9,False,False,1
5,Non binary,White - Other,0,False,3,2,True,47,Male,White - British,In-House Fostering,2025-01-21,2026-02-22,397,Planned move,9.72,True,True,1
7,Male,White - British,0,False,7,5,True,35,Female,White - British,Kinship,2024-05-08,2025-01-30,267,Allegation,0.68,True,True,1
8,Male,White - British,0,False,6,2,True,43,Trans Female,White - British,Kinship,2022-01-09,2022-01-15,6,Planned move,2.79,True,False,1
5,Female,White - British,2,True,5,2,True,41,Female,White - British,Residential,2022-10-07,2022-10-08,1,Allegation,13.88,False,True,3
9,Male,White - British,2,True,7,3,True,52,Male,Asian/British Asian - Bangladeshi,In-House Fostering,2023-12-27,2032-12-20,3281,Behaviour concerns,8.51,True,True,3
16,Non binary,White - British,4,True,7,4,True,55,Female,White - Other,Kinship,2025-01-20,2027-01-15,725,Placement stability concerns,4.35,True,True,5
6,Trans Female,White - British,0,False,3,5,True,35,Male,White - Central European,Residential,2022-03-04,2022-06-19,107,Planned move,27.46,True,True,1
7,Non binary,White - British,3,True,2,2,True,45,Trans Female,Asian/British Asian - Pakistani,In-House Fostering,2022-05-12,2024-05-14,733,Child requests end,16.43,True,True,4
12,Female,White - British,5,True,5,1,False,56,Female,Asian/British Asian - Pakistani,Kinship,2024-10-29,2024-11-06,8,Carer requests end,0.43,True,True,6
9,Female,White - British,0,False,1,1,False,60,Male,White - British,External Fostering,2023-07-17,2023-12-09,145,Allegation,5.95,True,False,1
6,Female,White - British,0,False,0,5,True,44,Female,White - British,External Fostering,2023-09-02,2027-04-04,1310,Allegation,2.72,True,False,1
9,Trans Female,White - British,0,False,6,5,True,51,Female,Asian/British Asian - Pakistani,External Fostering,2023-03-11,2023-05-21,71,Planned move,15.43,False,True,1
6,Trans Male,White - British,0,False,4,3,True,45,Trans Female,Asian/British Asian - Pakistani,Kinship,2023-03-24,2023-12-17,268,Behaviour concerns,0.01,False,False,1
9,Female,White - British,2,True,7,0,False,54,Non binary,White - British,Kinship,2024-03-24,2024-04-02,9,Placement stability concerns,3.22,False,False,3
6,Female,Asian/British Asian - Pakistani,4,True,0,1,False,60,Female,Asian/British Asian - Pakistani,Kinship,2025-10-21,2026-01-16,87,Planned move,2.78,True,True,5
9,Trans Female,White - British,1,True,5,3,True,57,Male,White - British,External Fostering,2024-08-23,2025-03-08,197,Planned move,2.15,True,False,2
2,Non binary,Asian/British Asian - Pakistani,2,True,1,5,True,36,Trans Female,White - British,In-House Fostering,2022-03-13,2025-05-20,1164,Child requests end,0.38,False,True,3
5,Female,Asian/British Asian - Pakistani,5,True,6,5,True,56,Male,White - British,Kinship,2022-04-12,2022-04-24,12,Carer requests end,3.03,False,False,6
6,Female,Asian/British Asian - Other,0,False,2,5,True,37,Male,White - British,External Fostering,2025-04-09,2025-06-24,76,Behaviour concerns,4.78,False,False,1
6,Trans Female,White - Eastern European,1,True,5,1,False,60,Female,White - British,External Fostering,2023-06-30,2027-05-18,1418,Carer requests end,5.92,True,True,2
14,Male,White - British,1,True,6,0,False,41,Female,Asian/British Asian - Other,Kinship,2023-06-01,2023-08-17,77,Placement stability concerns,0.7,True,False,2
7,Trans Female,White - British,1,True,3,1,False,49,Non binary,Dual Heritage - Black/White,Residential,2023-07-30,2023-11-03,96,Behaviour concerns,17.62,False,False,2
9,Male,Mixed - White/Asian,2,True,5,3,True,53,Female,Asian/British Asian - Pakistani,In-House Fostering,2022-02-22,2022-04-25,62,Allegation,8.36,True,True,3
10,Trans Female,White - British,3,True,5,2,True,38,Female,Asian/British Asian - Pakistani,In-House Fostering,2023-05-14,2025-03-22,678,Placement stability concerns,7.18,False,True,4
7,Female,White - British,5,True,7,4,True,44,Male,White - British,In-House Fostering,2025-06-27,2028-08-08,1138,Carer requests end,2.98,False,False,6
7,Female,Asian/British Asian - Pakistani,3,True,7,0,False,60,Female,White - British,Residential,2023-01-27,2023-09-02,218,Child requests end,94.97,True,True,4
1,Trans Male,White - British,5,True,5,3,True,36,Male,White - British,In-House Fostering,2024-12-07,2026-05-19,528,Placement stability concerns,17.58,False,False,6
7,Trans Male,White - British,2,True,5,5,True,55,Female,Asian/British Asian - Pakistani,Kinship,2024-04-05,2024-09-20,168,Placement stability concerns,1.89,False,True,3
14,Male,White - Other,0,False,2,3,True,57,Female,Asian/British Asian - Bangladeshi,External Fostering,2022-05-10,2025-10-19,1258,Child requests end,13.1,True,True,1
17,Male,White - British,0,False,0,0,False,46,Female,White - British,Residential,2025-07-09,2026-01-01,176,Planned move,73.87,False,False,1
8,Trans Male,Asian/British Asian - Pakistani,0,False,6,0,False,39,Female,White - British,In-House Fostering,2025-03-11,2025-12-17,281,Planned move,18.16,False,False,1
6,Trans Male,Traveller - Other,5,True,2,4,True,45,Female,Asian/British Asian - Pakistani,Kinship,2024-01-28,2025-01-23,361,Behaviour concerns,3.13,True,True,6
6,Female,White - Other,0,False,0,5,True,51,Trans Female,White - British,In-House Fostering,2022-12-05,2023-02-13,70,Allegation,15.76,True,True,1
8,Trans Female,Mixed - White/Black African,0,False,2,3,True,54,Female,White - British,External Fostering,2023-10-01,2026-05-05,947,Placement stability concerns,12.46,False,True,1
13,Trans Female,White - British,5,True,2,5,True,48,Female,White - Eastern European,Kinship,2022-08-14,2026-06-17,1403,Planned move,3.51,False,True,6
13,Male,White - British,1,True,7,3,True,42,Female,Asian/British Asian - Pakistani,Residential,2024-10-30,2025-06-11,224,Planned move,57.37,True,False,2
8,Male,White - Other,5,True,5,3,True,50,Male,White - British,External Fostering,2023-04-06,2023-04-09,3,Placement stability concerns,3.06,False,False,6
7,Female,White - British,0,False,2,2,True,57,Female,White - British,In-House Fostering,2022-10-03,2022-11-25,53,Planned move,10.77,False,False,1
10,Female,Asian/British Asian - Pakistani,0,False,2,1,False,42,Female,Mixed - Other,External Fostering,2023-04-13,2023-05-18,35,Placement stability concerns,9.95,True,False,1
4,Female,Asian/British Asian - Other,0,False,2,1,False,42,Male,White - British,External Fostering,2025-04-24,2026-11-03,558,Placement stability concerns,14.75,True,False,1
10,Male,White - British,4,True,1,0,False,46,Female,Asian/British Asian - Indian,Kinship,2023-03-05,2023-05-21,77,Behaviour concerns,1.71,False,False,5
9,Trans Female,White - British,0,False,7,5,True,51,Male,White - British,Kinship,2024-08-25,2026-11-06,803,Behaviour concerns,1.51,False,False,1
11,Male,White - Eastern European,0,False,2,4,True,38,Female,White - British,External Fostering,2023-09-22,2024-08-24,337,Allegation,18.29,True,True,1
8,Trans Female,White - British,3,True,6,0,False,46,Female,Gypsy / Roma,Residential,2022-03-11,2022-04-18,38,Behaviour concerns,79.93,False,True,4
9,Female,White - British,0,False,5,5,True,60,Male,Asian/British Asian - Pakistani,In-House Fostering,2022-08-08,2022-09-04,27,Placement stability concerns,16.14,True,True,1
7,Male,White - British,0,False,7,1,False,51,Female,White - British,In-House Fostering,2025-02-03,2026-05-04,455,Carer requests end,17.81,True,True,1
8,Non binary,White - British,0,False,0,5,True,45,Female,White - British,Residential,2023-05-15,2023-06-09,25,Behaviour concerns,41.94,False,True,1
7,Female,Asian/British Asian - Pakistani,0,False,6,0,False,45,Male,White - British,In-House Fostering,2024-12-05,2026-04-21,502,Carer requests end,12.6,False,False,1
9,Female,White - British,0,False,4,3,True,45,Female,White - British,External Fostering,2025-02-27,2028-11-16,1358,Behaviour concerns,6.49,False,False,1
13,Male,White - British,0,False,0,3,True,51,Male,White - British,External Fostering,2024-09-29,2025-01-03,96,Child requests end,19.02,True,False,1
11,Trans Male,White - British,0,False,6,1,False,57,Female,White - British,External Fostering,2025-07-08,2030-06-16,1804,Allegation,19.28,False,True,1
11,Female,White - British,1,True,3,3,True,45,Non binary,Asian/British Asian - Pakistani,In-House Fostering,2024-02-19,2031-04-08,2605,Carer requests end,7.28,False,True,2
7,Male,Asian/British Asian - Pakistani,1,True,5,3,True,55,Male,White - Central European,In-House Fostering,2023-05-14,2026-08-18,1192,Planned move,13.6,False,False,2
7,Female,Asian/British Asian - Pakistani,0,False,5,1,False,57,Male,White - British,In-House Fostering,2025-06-16,2027-12-09,906,Placement stability concerns,1.7,True,False,1
1,Female,White - British,0,False,6,3,True,44,Female,White - British,In-House Fostering,2024-06-16,2024-06-23,7,Child requests end,13.41,True,False,1
9,Male,Asian/British Asian - Pakistani,0,False,1,4,True,38,Trans Male,White - British,Residential,2025-03-19,2025-06-17,90,Child requests end,25.6,False,True,1
7,Male,White - British,0,False,6,3,True,37,Female,Dual Heritage - Black/White,Residential,2023-01-18,2023-03-02,43,Behaviour concerns,52.85,False,True,1
0,Male,White - British,1,True,4,1,False,41,Male,White - British,In-House Fostering,2024-11-26,2025-01-05,40,Placement stability concerns,10.15,True,True,2
9,Male,White - British,1,True,1,0,False,58,Trans Female,White - British,Kinship,2024-04-12,2027-12-30,1357,Behaviour concerns,1.68,False,False,2
8,Trans Male,White - British,0,False,6,4,True,54,Male,White - British,Residential,2025-09-15,2032-09-02,2544,Allegation,59.79,False,True,1
8,Trans Male,White - Other,3,True,7,0,False,53,Female,White - British,External Fostering,2025-01-02,2025-10-12,283,Carer requests end,0.66,True,True,4
12,Trans Female,White - Irish,0,False,0,5,True,55,Female,Asian/British Asian - Pakistani,Kinship,2023-10-27,2025-02-28,490,Carer requests end,1.86,True,False,1
2,Male,White - British,0,False,6,1,False,41,Male,White - British,External Fostering,2022-10-02,2026-06-20,1357,Child requests end,9.89,False,False,1
8,Male,White - British,5,True,6,3,True,57,Non binary,White - British,External Fostering,2024-02-15,2024-11-09,268,Planned move,5.84,True,False,6
11,Trans Male,Asian/British Asian - Pakistani,0,False,7,2,True,39,Female,Asian/British Asian - Pakistani,In-House Fostering,2023-05-31,2023-08-18,79,Planned move,13.35,False,True,1
1,Female,White - British,2,True,6,0,False,53,Female,White - British,In-House Fostering,2022-02-13,2023-02-07,359,Child requests end,6.61,False,False,3
7,Male,White - British,0,False,6,4,True,47,Female,White - British,Residential,2023-09-19,2023-11-05,47,Planned move,92.21,True,True,1
11,Female,Asian/British Asian - Pakistani,0,False,5,1,False,47,Trans Female,White - British,In-House Fostering,2022-06-15,2023-06-06,356,Behaviour concerns,17.12,True,False,1
6,Male,Black/Black British - Caribbean,2,True,5,4,True,56,Female,White - British,In-House Fostering,2025-02-18,2025-04-06,47,Placement stability concerns,7.29,False,False,3
