Primary Key,Start,End,Length of Placement - Days,Distance,Inside or Outside District,Placement Provision,Placement Type,Change Reason
553,18/07/2023,19/07/2023,884,0,OUT,PR1 - Own provision by LA,Kinship - short term,Allegation (S47)
558,18/07/2023,19/07/2023,884,0,OUT,PR1 - Own provision by LA,Kinship - short term,Allegation (S47)
639,18/07/2023,19/07/2023,884,0,OUT,PR1 - Own provision by LA,Kinship - short term,Allegation (S47)
1341,26/04/2024,09/10/2024,601,0,IN,PR1 - Own provision by LA,Fostering – long term,Allegation (S47)
1346,26/04/2024,26/09/2024,601,0,OUT,PR4 - Private Provision,Fostering – long term,Allegation (S47)
1420,26/04/2024,26/09/2024,601,0,OUT,PR4 - Private Provision,Fostering – long term,Allegation (S47)
431,30/06/2025,22/07/2025,171,1,IN,PR1 - Own provision by LA,Kinship - Unregistered Carer,Allegation (S47)
778,04/04/2023,29/12/2023,989,1,IN,PR4 - Private Provision,Semi-independent supported accommodation,Allegation (S47)
1138,07/05/2025,15/05/2025,225,2,IN,PR1 - Own provision by LA,Fostering – short term,Allegation (S47)
1142,07/05/2025,16/05/2025,225,2,IN,PR1 - Own provision by LA,Fostering – short term,Allegation (S47)
143,21/03/2025,24/10/2025,272,3,IN,PR4 - Private Provision,Semi-independent supported accommodation,Allegation (S47)
1734,26/04/2023,11/07/2023,967,3,IN,PR4 - Private Provision,Fostering – short term,Allegation (S47)
399,12/04/2024,31/05/2024,615,6,IN,PR1 - Own provision by LA,Fostering – short term,Allegation (S47)
125,21/07/2025,19/09/2025,150,7,IN,PR1 - Own provision by LA,Kinship - Unregistered Carer,Allegation (S47)
1466,04/09/2023,05/09/2023,836,9,IN,PR1 - Own provision by LA,Fostering – short term,Allegation (S47)
486,20/04/2023,21/04/2023,973,11,IN,PR1 - Own provision by LA,Fostering – short term,Allegation (S47)
1032,10/05/2023,15/05/2023,953,42,OUT,PR4 - Private Provision,Fostering – short term,Allegation (S47)
1013,10/01/2024,17/07/2024,708,46,IN,PR1 - Own provision by LA,Fostering – short term,Allegation (S47)
151,01/04/2025,19/06/2025,261,80,OUT,PR4 - Private Provision,Semi-independent supported accommodation,Allegation (S47)
579,26/04/2023,23/06/2023,967,80,OUT,PR4 - Private Provision,Fostering – long term,Allegation (S47)
695,02/06/2023,21/08/2025,930,89,OUT,PR4 - Private Provision,Residential Unit (Children's Home),Allegation (S47)
1680,07/06/2024,20/09/2024,559,95,OUT,PR4 - Private Provision,Unregistered Placement,Allegation (S47)
583,12/11/2024,11/12/2024,401,,IN,PR4 - Private Provision,Fostering – short term,Allegation (S47)
594,06/02/2024,18/03/2024,681,,IN,PR1 - Own provision by LA,Fostering – short term,Allegation (S47)
956,06/02/2024,18/03/2024,681,,IN,PR1 - Own provision by LA,Fostering – short term,Allegation (S47)
1345,26/04/2024,26/09/2024,601,,OUT,PR4 - Private Provision,Fostering – long term,Allegation (S47)
1517,06/02/2024,18/03/2024,681,,IN,PR1 - Own provision by LA,Fostering – short term,Allegation (S47)
2529,22/07/2025,17/10/2025,149,2.5,IN,PR1 - Own provision by LA,Fostering – short term,Approval removed
498,01/05/2025,16/09/2025,231,3,IN,PR1 - Own provision by LA,Kinship - short term,Approval removed
647,01/05/2025,16/09/2025,231,3,IN,PR1 - Own provision by LA,Kinship - short term,Approval removed
2218,30/01/2024,27/07/2024,688,5,IN,PR1 - Own provision by LA,Fostering – short term,Approval removed
1058,12/05/2023,13/11/2023,951,9,IN,PR1 - Own provision by LA,Fostering – short term,Approval removed
1865,20/02/2024,27/03/2025,667,10,OUT,PR1 - Own provision by LA,Fostering – short term,Approval removed
2309,19/02/2024,27/03/2025,668,10,OUT,PR1 - Own provision by LA,Fostering – short term,Approval removed
2370,07/10/2024,12/05/2025,437,10,IN,PR1 - Own provision by LA,Fostering – short term,Approval removed
643,26/06/2024,28/01/2025,540,40,OUT,PR3 - Other public provision,Young Offenders Institution/Prison,Approval removed
642,30/05/2023,26/06/2024,933,88,OUT,PR2 - Other LA provision,Secure Unit,Approval removed
152,09/06/2023,01/04/2025,923,,OUT,PR2 - Other LA provision,Residential Unit (Children's Home),Approval removed
756,23/10/2024,28/11/2024,421,,OUT,PR4 - Private Provision,Fostering – short term,Approval removed
819,23/05/2025,03/07/2025,209,,OUT,PR4 - Private Provision,Residential Unit (Children's Home),Approval removed
1284,11/10/2023,01/11/2023,799,,IN,PR1 - Own provision by LA,Kinship - short term,Approval removed
2286,04/03/2024,27/09/2024,654,,IN,PR1 - Own provision by LA,Kinship - short term,Approval removed
2419,11/06/2025,28/07/2025,190,,IN,PR1 - Own provision by LA,Fostering – short term,Approval removed
2422,11/06/2025,28/07/2025,190,,IN,PR4 - Private Provision,Fostering – short term,Approval removed
2,21/03/2024,01/05/2024,637,0,IN,PR4 - Private Provision,Semi-independent supported accommodation,Carer requests placement end due to child's behaviour
279,01/08/2025,16/12/2025,139,0,IN,PR1 - Own provision by LA,Kinship - Unregistered Carer,Carer requests placement end due to child's behaviour
282,11/02/2025,01/08/2025,310,0,IN,PR0 - Parents or other person with parental responsibility,Placed with Parents,Carer requests placement end due to child's behaviour
408,28/05/2025,06/06/2025,204,0,IN,PR1 - Own provision by LA,Fostering – short term,Carer requests placement end due to child's behaviour
552,18/07/2025,29/07/2025,153,0,IN,PR1 - Own provision by LA,Kinship - short term,Carer requests placement end due to child's behaviour
611,24/11/2023,29/05/2025,755,0,OUT,PR4 - Private Provision,Residential Unit (Children's Home),Carer requests placement end due to child's behaviour
1810,14/02/2024,13/06/2024,673,0,IN,PR4 - Private Provision,Semi-independent supported accommodation,Carer requests placement end due to child's behaviour
1812,16/07/2024,17/04/2025,520,0,OUT,PR4 - Private Provision,Unregistered Placement,Carer requests placement end due to child's behaviour
1832,18/01/2024,15/04/2024,700,0,OUT,PR0 - Parents or other person with parental responsibility,Placed with Parents,Carer requests placement end due to child's behaviour
2303,06/05/2024,26/07/2024,591,0,OUT,PR4 - Private Provision,Fostering – short term,Carer requests placement end due to child's behaviour
2305,26/07/2024,06/11/2025,510,0,IN,PR4 - Private Provision,Residential Unit (Children's Home),Carer requests placement end due to child's behaviour
2333,24/12/2024,24/02/2025,359,0,IN,PR4 - Private Provision,Semi-independent supported accommodation,Carer requests placement end due to child's behaviour
2569,21/11/2024,22/09/2025,392,0,IN,PR4 - Private Provision,Semi-independent supported accommodation,Carer requests placement end due to child's behaviour
851,31/05/2024,23/05/2025,566,1,IN,PR4 - Private Provision,Residential Unit (Children's Home),Carer requests placement end due to child's behaviour
1029,25/05/2023,05/08/2025,938,1,IN,PR1 - Own provision by LA,Kinship - short term,Carer requests placement end due to child's behaviour
1814,17/04/2025,16/06/2025,245,1,OUT,PR4 - Private Provision,Semi-independent supported accommodation,Carer requests placement end due to child's behaviour
27,10/07/2023,04/10/2023,892,1.2,IN,PR4 - Private Provision,Semi-independent supported accommodation,Carer requests placement end due to child's behaviour
118,25/08/2023,01/10/2024,846,2,IN,PR4 - Private Provision,Semi-independent supported accommodation,Carer requests placement end due to child's behaviour
734,19/09/2024,11/11/2024,455,2,IN,PR1 - Own provision by LA,Fostering – short term,Carer requests placement end due to child's behaviour
1839,23/06/2023,19/12/2023,909,2,IN,PR4 - Private Provision,Fostering – short term,Carer requests placement end due to child's behaviour
154,25/06/2024,08/09/2025,541,3,IN,PR4 - Private Provision,Semi-independent supported accommodation,Carer requests placement end due to child's behaviour
947,01/12/2023,09/07/2024,748,3,IN,PR1 - Own provision by LA,Fostering – long term,Carer requests placement end due to child's behaviour
974,14/10/2024,22/11/2024,430,3,IN,PR1 - Own provision by LA,Kinship - short term,Carer requests placement end due to child's behaviour
1445,28/03/2025,12/09/2025,265,3,IN,PR4 - Private Provision,Semi-independent supported accommodation,Carer requests placement end due to child's behaviour
92,15/04/2024,06/11/2024,612,4,IN,PR4 - Private Provision,Semi-independent supported accommodation,Carer requests placement end due to child's behaviour
315,09/09/2024,26/01/2025,465,4,IN,PR0 - Parents or other person with parental responsibility,Placed with Parents,Carer requests placement end due to child's behaviour
931,12/12/2024,20/12/2024,371,4,IN,PR4 - Private Provision,Fostering – short term,Carer requests placement end due to child's behaviour
932,20/12/2024,04/07/2025,363,4,IN,PR5 - Voluntary/Third Sector Provision,Residential Unit (Children's Home),Carer requests placement end due to child's behaviour
1382,08/08/2024,24/07/2025,497,4,IN,PR1 - Own provision by LA,Fostering – short term,Carer requests placement end due to child's behaviour
104,17/09/2024,11/11/2024,457,5,IN,PR4 - Private Provision,Semi-independent supported accommodation,Carer requests placement end due to child's behaviour
324,12/04/2023,21/04/2023,981,5,IN,PR2 - Other LA provision,Fostering – short term,Carer requests placement end due to child's behaviour
646,26/05/2023,13/06/2023,937,5,IN,PR1 - Own provision by LA,Fostering – short term,Carer requests placement end due to child's behaviour
803,06/02/2024,13/02/2024,681,5,IN,PR1 - Own provision by LA,Fostering – short term,Carer requests placement end due to child's behaviour
1023,14/11/2023,17/05/2024,765,5,IN,PR4 - Private Provision,Semi-independent supported accommodation,Carer requests placement end due to child's behaviour
1904,29/05/2025,01/12/2025,203,5,OUT,PR4 - Private Provision,Residential Unit (Children's Home),Carer requests placement end due to child's behaviour
1905,09/05/2025,29/05/2025,223,5,OUT,PR4 - Private Provision,Residential Unit (Children's Home),Carer requests placement end due to child's behaviour
1994,25/07/2024,02/01/2025,511,5,IN,PR1 - Own provision by LA,Fostering – short term,Carer requests placement end due to child's behaviour
2236,12/02/2024,28/08/2025,675,5,IN,PR4 - Private Provision,Semi-independent supported accommodation,Carer requests placement end due to child's behaviour
2265,26/03/2025,03/07/2025,267,5,IN,PR4 - Private Provision,Residential Unit (Children's Home),Carer requests placement end due to child's behaviour
1105,25/04/2025,31/07/2025,237,5.4,IN,PR1 - Own provision by LA,Fostering – short term,Carer requests placement end due to child's behaviour
318,20/04/2023,15/04/2024,973,6,OUT,PR4 - Private Provision,Semi-independent supported accommodation,Carer requests placement end due to child's behaviour
468,02/09/2024,09/09/2024,472,6,IN,PR1 - Own provision by LA,Fostering – short term,Carer requests placement end due to child's behaviour
475,18/04/2023,11/09/2024,975,6,OUT,PR4 - Private Provision,Residential Unit (Children's Home),Carer requests placement end due to child's behaviour
623,03/10/2024,22/04/2025,441,6,OUT,PR4 - Private Provision,Residential Unit (Children's Home),Carer requests placement end due to child's behaviour
632,20/07/2023,12/08/2024,882,6,OUT,PR4 - Private Provision,Residential Unit (Children's Home),Carer requests placement end due to child's behaviour
2506,02/08/2024,24/09/2024,503,6,IN,PR4 - Private Provision,Semi-independent supported accommodation,Carer requests placement end due to child's behaviour
72,09/06/2024,04/07/2024,557,7,IN,PR3 - Other public provision,NHS/Other Hospital,Carer requests placement end due to child's behaviour
240,09/06/2023,26/06/2023,923,7,IN,PR1 - Own provision by LA,Kinship - short term,Carer requests placement end due to child's behaviour
401,23/06/2025,14/08/2025,178,7.2,OUT,PR2 - Other LA provision,Secure Unit,Carer requests placement end due to child's behaviour
1561,25/03/2024,13/12/2024,633,7.6,IN,PR1 - Own provision by LA,Residential Unit (Children's Home),Carer requests placement end due to child's behaviour
56,02/08/2024,23/09/2024,503,8,IN,PR4 - Private Provision,Semi-independent supported accommodation,Carer requests placement end due to child's behaviour
2269,03/07/2025,28/07/2025,168,8,IN,PR4 - Private Provision,Semi-independent supported accommodation,Carer requests placement end due to child's behaviour
34,13/05/2023,12/02/2024,950,9,IN,PR4 - Private Provision,Semi-independent supported accommodation,Carer requests placement end due to child's behaviour
524,15/01/2024,27/02/2024,703,9,OUT,PR4 - Private Provision,Residential Unit (Children's Home),Carer requests placement end due to child's behaviour
1084,15/04/2024,31/05/2024,612,9.5,OUT,PR4 - Private Provision,Residential Unit (Children's Home),Carer requests placement end due to child's behaviour
54,11/05/2023,23/06/2023,952,10,OUT,PR4 - Private Provision,Semi-independent supported accommodation,Carer requests placement end due to child's behaviour
59,25/07/2023,27/07/2023,877,10,IN,PR4 - Private Provision,Semi-independent supported accommodation,Carer requests placement end due to child's behaviour
74,05/06/2024,09/06/2024,561,10,IN,PR4 - Private Provision,Unregistered Placement,Carer requests placement end due to child's behaviour
75,25/04/2024,05/06/2024,602,10,IN,PR4 - Private Provision,Residential Unit (Children's Home),Carer requests placement end due to child's behaviour
89,24/05/2024,06/11/2025,573,10,IN,PR4 - Private Provision,Residential Unit (Children's Home),Carer requests placement end due to child's behaviour
226,24/04/2024,08/10/2024,603,10,OUT,PR4 - Private Provision,Fostering – short term,Carer requests placement end due to child's behaviour
245,19/07/2024,08/01/2025,517,10,IN,PR4 - Private Provision,Semi-independent supported accommodation,Carer requests placement end due to child's behaviour
284,31/05/2024,16/07/2024,566,10,IN,PR4 - Private Provision,Semi-independent supported accommodation,Carer requests placement end due to child's behaviour
285,17/07/2024,10/10/2024,519,10,IN,PR4 - Private Provision,Semi-independent supported accommodation,Carer requests placement end due to child's behaviour
358,01/08/2025,28/08/2025,139,10,OUT,PR4 - Private Provision,Unregistered - in child's best interest,Carer requests placement end due to child's behaviour
683,03/04/2023,31/01/2024,990,10,IN,PR1 - Own provision by LA,Fostering – short term,Carer requests placement end due to child's behaviour
716,08/01/2025,18/07/2025,344,10,IN,PR1 - Own provision by LA,Kinship - short term,Carer requests placement end due to child's behaviour
1057,31/07/2024,06/09/2024,505,10,IN,PR4 - Private Provision,Unregistered Placement,Carer requests placement end due to child's behaviour
1174,27/10/2023,02/04/2025,783,10,IN,PR4 - Private Provision,Residential Unit (Children's Home),Carer requests placement end due to child's behaviour
1243,07/03/2025,11/08/2025,286,10,IN,PR1 - Own provision by LA,Fostering – short term,Carer requests placement end due to child's behaviour
820,12/08/2025,08/09/2025,128,11,OUT,PR4 - Private Provision,Unregistered - in child's best interest,Carer requests placement end due to child's behaviour
166,23/06/2023,13/07/2023,909,12,IN,PR1 - Own provision by LA,Kinship - short term,Carer requests placement end due to child's behaviour
248,08/01/2025,11/03/2025,344,12,IN,PR4 - Private Provision,Unregistered Placement,Carer requests placement end due to child's behaviour
1085,06/11/2024,07/11/2024,407,13,OUT,PR4 - Private Provision,Unregistered Placement,Carer requests placement end due to child's behaviour
1086,07/11/2024,27/02/2025,406,13,OUT,PR4 - Private Provision,Unregistered Placement,Carer requests placement end due to child's behaviour
728,01/08/2023,21/12/2023,870,14.2,IN,PR1 - Own provision by LA,Residential Unit (Children's Home),Carer requests placement end due to child's behaviour
1,26/05/2023,11/03/2024,937,15,IN,PR4 - Private Provision,Semi-independent supported accommodation,Carer requests placement end due to child's behaviour
1699,22/07/2024,29/01/2025,514,15,IN,PR1 - Own provision by LA,Fostering – short term,Carer requests placement end due to child's behaviour
1700,17/10/2023,22/07/2024,793,15,IN,PR1 - Own provision by LA,Fostering – short term,Carer requests placement end due to child's behaviour
1841,19/12/2023,22/07/2025,730,15,OUT,PR4 - Private Provision,Fostering – short term,Carer requests placement end due to child's behaviour
1956,31/08/2023,01/04/2025,840,15,IN,PR1 - Own provision by LA,Fostering – short term,Carer requests placement end due to child's behaviour
1140,15/05/2025,12/09/2025,217,16.3,OUT,PR2 - Other LA provision,Residential Unit (Children's Home),Carer requests placement end due to child's behaviour
1047,05/09/2025,08/09/2025,104,18,IN,PR1 - Own provision by LA,Unregistered - in child's best interest,Carer requests placement end due to child's behaviour
306,17/04/2023,28/04/2023,976,19,OUT,PR1 - Own provision by LA,Fostering – short term,Carer requests placement end due to child's behaviour
110,29/11/2023,18/02/2024,750,20,IN,PR4 - Private Provision,Semi-independent supported accommodation,Carer requests placement end due to child's behaviour
561,21/08/2024,24/12/2024,484,20,IN,PR4 - Private Provision,Unregistered Placement,Carer requests placement end due to child's behaviour
635,02/02/2024,28/01/2025,685,20,OUT,PR4 - Private Provision,Residential Unit (Children's Home),Carer requests placement end due to child's behaviour
687,30/12/2024,03/01/2025,353,20,IN,PR1 - Own provision by LA,Crisis Foster Care,Carer requests placement end due to child's behaviour
1079,16/04/2024,05/08/2024,611,20,OUT,PR4 - Private Provision,Unregistered Placement,Carer requests placement end due to child's behaviour
2266,07/03/2025,26/03/2025,286,20,OUT,PR4 - Private Provision,Residential Unit (Children's Home),Carer requests placement end due to child's behaviour
789,10/05/2023,16/08/2023,953,24,OUT,PR4 - Private Provision,Fostering – short term,Carer requests placement end due to child's behaviour
258,07/07/2023,17/02/2025,895,25,OUT,PR4 - Private Provision,Residential Unit (Children's Home),Carer requests placement end due to child's behaviour
1173,11/08/2023,19/08/2023,860,25,OUT,PR4 - Private Provision,Fostering – short term,Carer requests placement end due to child's behaviour
1352,11/08/2023,22/09/2023,860,25,OUT,PR4 - Private Provision,Fostering – short term,Carer requests placement end due to child's behaviour
1632,25/10/2025,31/10/2025,54,25,OUT,PR4 - Private Provision,Fostering – short term,Carer requests placement end due to child's behaviour
483,11/02/2025,24/03/2025,310,26.7,OUT,PR4 - Private Provision,Residential Unit (Children's Home),Carer requests placement end due to child's behaviour
780,20/04/2023,02/10/2024,973,28,OUT,PR4 - Private Provision,Residential Unit (Children's Home),Carer requests placement end due to child's behaviour
1365,14/02/2025,21/02/2025,307,34,OUT,PR4 - Private Provision,Fostering – short term,Carer requests placement end due to child's behaviour
576,16/07/2024,16/08/2024,520,35,OUT,PR4 - Private Provision,Unregistered Placement,Carer requests placement end due to child's behaviour
148,19/06/2023,20/11/2023,913,37,OUT,PR4 - Private Provision,Residential Unit (Children's Home),Carer requests placement end due to child's behaviour
1820,20/12/2023,10/01/2024,729,42,OUT,PR4 - Private Provision,Residential Unit (Children's Home),Carer requests placement end due to child's behaviour
507,22/08/2024,13/01/2025,483,45,OUT,PR4 - Private Provision,Residential Unit (Children's Home),Carer requests placement end due to child's behaviour
510,23/08/2024,13/01/2025,482,45,OUT,PR4 - Private Provision,Residential Unit (Children's Home),Carer requests placement end due to child's behaviour
779,05/04/2023,20/04/2023,988,48,OUT,PR4 - Private Provision,Residential Unit (Children's Home),Carer requests placement end due to child's behaviour
1366,12/05/2023,23/09/2024,951,50,OUT,PR4 - Private Provision,Fostering – short term,Carer requests placement end due to child's behaviour
1367,23/09/2024,28/05/2025,451,50,OUT,PR4 - Private Provision,Residential Unit (Children's Home),Carer requests placement end due to child's behaviour
1318,27/09/2024,18/10/2024,447,54,OUT,PR4 - Private Provision,Unregistered Placement,Carer requests placement end due to child's behaviour
161,22/04/2025,01/05/2025,240,56,OUT,PR4 - Private Provision,Residential Unit (Children's Home),Carer requests placement end due to child's behaviour
492,20/12/2024,24/07/2025,363,60,OUT,PR4 - Private Provision,Residential Unit (Children's Home),Carer requests placement end due to child's behaviour
391,28/01/2025,04/08/2025,324,67,OUT,PR4 - Private Provision,Unregistered Placement,Carer requests placement end due to child's behaviour
162,13/03/2025,22/04/2025,280,69,OUT,PR4 - Private Provision,Residential Unit (Children's Home),Carer requests placement end due to child's behaviour
495,11/07/2025,15/10/2025,160,69,OUT,PR4 - Private Provision,Unregistered - in child's best interest,Carer requests placement end due to child's behaviour
1455,28/07/2025,16/09/2025,143,69,OUT,PR4 - Private Provision,Unregistered - in child's best interest,Carer requests placement end due to child's behaviour
197,11/12/2023,12/12/2024,738,70,OUT,PR4 - Private Provision,Unregistered Placement,Carer requests placement end due to child's behaviour
265,09/07/2024,27/08/2024,527,72,OUT,PR4 - Private Provision,Unregistered Placement,Carer requests placement end due to child's behaviour
603,08/07/2024,09/12/2024,528,73,OUT,PR4 - Private Provision,Fostering – short term,Carer requests placement end due to child's behaviour
1317,19/07/2024,27/09/2024,517,80,IN,PR4 - Private Provision,Semi-independent supported accommodation,Carer requests placement end due to child's behaviour
675,23/06/2025,07/10/2025,178,87,IN,PR4 - Private Provision,Semi-independent supported accommodation,Carer requests placement end due to child's behaviour
696,21/08/2025,18/09/2025,119,89,OUT,PR4 - Private Provision,Unregistered Placement,Carer requests placement end due to child's behaviour
807,12/10/2023,01/09/2025,798,90,OUT,PR4 - Private Provision,Residential Unit (Children's Home),Carer requests placement end due to child's behaviour
808,17/04/2023,12/10/2023,976,90,OUT,PR4 - Private Provision,Fostering – short term,Carer requests placement end due to child's behaviour
1178,14/08/2023,03/09/2024,857,95,OUT,PR4 - Private Provision,Residential Unit (Children's Home),Carer requests placement end due to child's behaviour
231,20/03/2024,25/10/2024,638,102,IN,PR4 - Private Provision,Unregistered Placement,Carer requests placement end due to child's behaviour
1000,30/05/2023,08/08/2025,933,102,OUT,PR4 - Private Provision,Residential Unit (Children's Home),Carer requests placement end due to child's behaviour
445,06/06/2025,07/10/2025,195,110,OUT,PR2 - Other LA provision,Residential Unit (Children's Home),Carer requests placement end due to child's behaviour
761,22/08/2023,07/11/2025,849,115,OUT,PR4 - Private Provision,Residential Unit (Children's Home),Carer requests placement end due to child's behaviour
423,30/08/2023,02/08/2024,841,129,OUT,PR4 - Private Provision,Residential Unit (Children's Home),Carer requests placement end due to child's behaviour
141,22/09/2023,11/03/2024,818,163,OUT,PR4 - Private Provision,Residential Unit (Children's Home),Carer requests placement end due to child's behaviour
365,20/09/2024,20/02/2025,454,200,OUT,PR4 - Private Provision,Residential Unit (Children's Home),Carer requests placement end due to child's behaviour
1172,19/08/2023,27/10/2023,852,245,OUT,PR4 - Private Provision,Fostering – short term,Carer requests placement end due to child's behaviour
233,16/01/2025,13/10/2025,336,280,OUT,PR4 - Private Provision,Secure Unit,Carer requests placement end due to child's behaviour
1424,08/01/2025,01/05/2025,344,281,OUT,PR4 - Private Provision,Fostering – short term,Carer requests placement end due to child's behaviour
1177,19/04/2023,14/08/2023,974,284,OUT,PR4 - Private Provision,Residential Unit (Children's Home),Carer requests placement end due to child's behaviour
2182,23/01/2024,05/02/2024,695,,IN,PR4 - Private Provision,Semi-independent supported accommodation,Carer requests placement end due to child's behaviour
1295,17/01/2025,27/07/2025,335,,IN,PR4 - Private Provision,Unregistered Placement,Carer requests placement end due to child's behaviour
77,18/07/2023,30/06/2024,884,,IN,PR4 - Private Provision,Semi-independent supported accommodation,Carer requests placement end due to child's behaviour
101,10/05/2024,23/07/2024,587,,IN,PR4 - Private Provision,Semi-independent supported accommodation,Carer requests placement end due to child's behaviour
157,07/06/2024,30/05/2025,559,,IN,PR4 - Private Provision,Semi-independent supported accommodation,Carer requests placement end due to child's behaviour
163,24/02/2025,13/03/2025,297,,IN,PR4 - Private Provision,Unregistered Placement,Carer requests placement end due to child's behaviour
167,13/07/2023,23/01/2024,889,,IN,PR4 - Private Provision,Semi-independent supported accommodation,Carer requests placement end due to child's behaviour
238,26/06/2023,10/09/2024,906,,OUT,PR4 - Private Provision,Residential Unit (Children's Home),Carer requests placement end due to child's behaviour
252,25/07/2023,23/08/2023,877,,OUT,PR4 - Private Provision,Semi-independent supported accommodation,Carer requests placement end due to child's behaviour
256,23/08/2023,04/09/2023,848,,OUT,PR3 - Other public provision,Young Offenders Institution/Prison,Carer requests placement end due to child's behaviour
310,26/10/2023,01/05/2024,784,,OUT,PR4 - Private Provision,Residential Unit (Children's Home),Carer requests placement end due to child's behaviour
312,09/05/2023,26/10/2023,954,,OUT,PR4 - Private Provision,Residential Unit (Children's Home),Carer requests placement end due to child's behaviour
328,03/11/2023,12/06/2024,776,,IN,PR4 - Private Provision,Semi-independent supported accommodation,Carer requests placement end due to child's behaviour
343,07/04/2023,15/12/2023,986,,IN,PR1 - Own provision by LA,Kinship - short term,Carer requests placement end due to child's behaviour
356,17/07/2025,18/07/2025,154,,IN,PR1 - Own provision by LA,Fostering – short term,Carer requests placement end due to child's behaviour
418,11/02/2025,13/11/2025,310,,IN,PR4 - Private Provision,Semi-independent supported accommodation,Carer requests placement end due to child's behaviour
467,14/04/2025,24/05/2025,248,,IN,PR1 - Own provision by LA,Kinship - Unregistered Carer,Carer requests placement end due to child's behaviour
482,24/03/2025,19/05/2025,269,,IN,PR4 - Private Provision,Unregistered Placement,Carer requests placement end due to child's behaviour
674,29/10/2025,12/11/2025,50,,IN,PR4 - Private Provision,Semi-independent supported accommodation,Carer requests placement end due to child's behaviour
676,07/10/2025,29/10/2025,72,,IN,PR4 - Private Provision,Semi-independent supported accommodation,Carer requests placement end due to child's behaviour
712,20/10/2025,24/10/2025,59,,IN,PR1 - Own provision by LA,Fostering – short term,Carer requests placement end due to child's behaviour
786,16/11/2023,27/05/2025,763,,OUT,PR4 - Private Provision,Residential Unit (Children's Home),Carer requests placement end due to child's behaviour
815,09/05/2025,23/05/2025,223,,IN,PR1 - Own provision by LA,Fostering – short term,Carer requests placement end due to child's behaviour
821,06/08/2025,12/08/2025,134,,IN,PR4 - Private Provision,Unregistered - in child's best interest,Carer requests placement end due to child's behaviour
874,28/08/2025,04/09/2025,112,,IN,PR1 - Own provision by LA,Fostering – short term,Carer requests placement end due to child's behaviour
876,14/08/2025,28/08/2025,126,,OUT,PR4 - Private Provision,Fostering – short term,Carer requests placement end due to child's behaviour
934,06/05/2025,01/12/2025,226,,OUT,PR4 - Private Provision,Semi-independent supported accommodation,Carer requests placement end due to child's behaviour
954,16/11/2023,27/05/2025,763,,OUT,PR4 - Private Provision,Residential Unit (Children's Home),Carer requests placement end due to child's behaviour
997,27/10/2025,11/11/2025,52,,OUT,PR4 - Private Provision,Fostering – short term,Carer requests placement end due to child's behaviour
1053,25/03/2024,17/05/2024,633,,OUT,PR4 - Private Provision,Semi-independent supported accommodation,Carer requests placement end due to child's behaviour
1188,17/10/2025,20/10/2025,62,,IN,PR1 - Own provision by LA,Unregistered - awaiting alternative,Carer requests placement end due to child's behaviour
1285,01/11/2023,20/03/2024,778,,OUT,PR1 - Own provision by LA,Kinship - short term,Carer requests placement end due to child's behaviour
1299,08/04/2024,08/11/2024,619,,IN,PR4 - Private Provision,Semi-independent supported accommodation,Carer requests placement end due to child's behaviour
1340,26/04/2024,09/10/2024,601,,IN,PR1 - Own provision by LA,Fostering – long term,Carer requests placement end due to child's behaviour
1395,02/05/2024,21/08/2024,595,,OUT,PR4 - Private Provision,Residential Unit (Children's Home),Carer requests placement end due to child's behaviour
1584,21/03/2025,19/11/2025,272,,IN,PR1 - Own provision by LA,Residential Unit (Children's Home),Carer requests placement end due to child's behaviour
1608,20/12/2024,02/01/2025,363,,IN,PR1 - Own provision by LA,Fostering – short term,Carer requests placement end due to child's behaviour
1749,08/03/2024,07/11/2024,650,,IN,PR4 - Private Provision,Fostering – short term,Carer requests placement end due to child's behaviour
1830,12/08/2024,25/06/2025,493,,OUT,PR4 - Private Provision,Semi-independent supported accommodation,Carer requests placement end due to child's behaviour
2023,05/03/2024,10/03/2025,653,,IN,PR4 - Private Provision,Semi-independent supported accommodation,Carer requests placement end due to child's behaviour
2090,28/04/2023,21/04/2025,965,,IN,PR4 - Private Provision,Semi-independent supported accommodation,Carer requests placement end due to child's behaviour
2320,28/04/2025,09/05/2025,234,,IN,PR1 - Own provision by LA,Fostering – short term,Carer requests placement end due to child's behaviour
717,18/07/2025,09/09/2025,153,0,IN,PR0 - Parents or other person with parental responsibility,Placed with Parents,Carer requests placement end other than due to child's behaviour
2345,19/07/2024,14/10/2024,517,0,OUT,PR2 - Other LA provision,Semi-independent supported accommodation,Carer requests placement end other than due to child's behaviour
2568,21/11/2024,22/09/2025,392,0,IN,PR4 - Private Provision,Semi-independent supported accommodation,Carer requests placement end other than due to child's behaviour
681,31/01/2024,13/05/2024,687,1,IN,PR1 - Own provision by LA,Kinship - short term,Carer requests placement end other than due to child's behaviour
886,26/07/2024,30/07/2025,510,1.3,IN,PR4 - Private Provision,Fostering – short term,Carer requests placement end other than due to child's behaviour
373,01/06/2024,05/10/2024,565,2,IN,PR1 - Own provision by LA,Fostering – short term,Carer requests placement end other than due to child's behaviour
544,24/10/2025,31/10/2025,55,2,OUT,PR4 - Private Provision,Fostering – long term,Carer requests placement end other than due to child's behaviour
849,23/05/2025,23/07/2025,209,2,IN,PR4 - Private Provision,Fostering – long term,Carer requests placement end other than due to child's behaviour
1557,16/04/2023,23/09/2024,977,2,IN,PR1 - Own provision by LA,Fostering – short term,Carer requests placement end other than due to child's behaviour
1842,31/05/2023,23/06/2023,932,2,IN,PR1 - Own provision by LA,Fostering – long term,Carer requests placement end other than due to child's behaviour
120,14/10/2024,18/11/2024,430,3,IN,PR4 - Private Provision,Unregistered Placement,Carer requests placement end other than due to child's behaviour
660,06/02/2025,30/10/2025,315,3,IN,PR1 - Own provision by LA,Fostering – short term,Carer requests placement end other than due to child's behaviour
1525,15/12/2023,18/09/2024,734,3,IN,PR1 - Own provision by LA,Kinship - short term,Carer requests placement end other than due to child's behaviour
1527,15/12/2023,18/09/2024,734,3,IN,PR1 - Own provision by LA,Kinship - short term,Carer requests placement end other than due to child's behaviour
1727,19/07/2024,16/10/2024,517,3,OUT,PR4 - Private Provision,Fostering – short term,Carer requests placement end other than due to child's behaviour
1411,13/06/2025,08/08/2025,188,3.5,IN,PR4 - Private Provision,Fostering – short term,Carer requests placement end other than due to child's behaviour
1573,13/06/2025,08/08/2025,188,3.5,IN,PR4 - Private Provision,Fostering – short term,Carer requests placement end other than due to child's behaviour
93,06/11/2024,03/12/2025,407,4,OUT,PR4 - Private Provision,Residential Unit (Children's Home),Carer requests placement end other than due to child's behaviour
1078,29/04/2024,21/10/2024,598,4,IN,PR1 - Own provision by LA,Kinship - short term,Carer requests placement end other than due to child's behaviour
2036,07/10/2024,24/10/2025,437,4,IN,PR4 - Private Provision,Semi-independent supported accommodation,Carer requests placement end other than due to child's behaviour
266,12/11/2024,25/11/2025,401,4.7,OUT,PR4 - Private Provision,Unregistered Placement,Carer requests placement end other than due to child's behaviour
103,23/07/2024,17/09/2024,513,5,IN,PR4 - Private Provision,Semi-independent supported accommodation,Carer requests placement end other than due to child's behaviour
280,15/08/2023,17/05/2024,856,5,IN,PR1 - Own provision by LA,Kinship - short term,Carer requests placement end other than due to child's behaviour
311,31/03/2025,19/05/2025,262,5,IN,PR0 - Parents or other person with parental responsibility,Placed with Parents,Carer requests placement end other than due to child's behaviour
567,10/09/2024,14/07/2025,464,5,IN,PR2 - Other LA provision,Kinship - Unregistered Carer,Carer requests placement end other than due to child's behaviour
774,25/09/2023,05/06/2025,815,5,IN,PR4 - Private Provision,Semi-independent supported accommodation,Carer requests placement end other than due to child's behaviour
788,26/03/2024,30/06/2025,632,5,IN,PR0 - Parents or other person with parental responsibility,Placed with Parents,Carer requests placement end other than due to child's behaviour
2196,14/06/2024,17/01/2025,552,5.5,IN,PR1 - Own provision by LA,Fostering – short term,Carer requests placement end other than due to child's behaviour
2203,14/06/2024,17/01/2025,552,5.5,IN,PR1 - Own provision by LA,Fostering – short term,Carer requests placement end other than due to child's behaviour
776,20/12/2024,04/02/2025,363,5.6,IN,PR1 - Own provision by LA,Fostering – short term,Carer requests placement end other than due to child's behaviour
1136,20/12/2024,27/10/2025,363,5.6,IN,PR1 - Own provision by LA,Fostering – short term,Carer requests placement end other than due to child's behaviour
1840,22/08/2025,29/08/2025,118,5.6,IN,PR1 - Own provision by LA,Fostering – short term,Carer requests placement end other than due to child's behaviour
9,14/05/2025,07/10/2025,218,6,OUT,PR4 - Private Provision,Semi-independent supported accommodation,Carer requests placement end other than due to child's behaviour
10,21/06/2023,01/08/2023,911,6,OUT,PR5 - Voluntary/Third Sector Provision,Semi-independent supported accommodation,Carer requests placement end other than due to child's behaviour
633,12/08/2024,24/11/2025,493,6,OUT,PR4 - Private Provision,Residential Unit (Children's Home),Carer requests placement end other than due to child's behaviour
714,23/08/2024,08/01/2025,482,6,OUT,PR4 - Private Provision,Residential Unit (Children's Home),Carer requests placement end other than due to child's behaviour
1768,24/05/2023,31/05/2023,939,6,IN,PR1 - Own provision by LA,Fostering – short term,Carer requests placement end other than due to child's behaviour
2025,18/08/2023,15/09/2023,853,7.8,OUT,PR4 - Private Provision,Fostering – short term,Carer requests placement end other than due to child's behaviour
539,22/01/2025,25/04/2025,330,8.3,IN,PR1 - Own provision by LA,Fostering – short term,Carer requests placement end other than due to child's behaviour
988,21/05/2025,24/10/2025,211,9.4,IN,PR1 - Own provision by LA,Fostering – short term,Carer requests placement end other than due to child's behaviour
989,20/12/2024,14/05/2025,363,9.4,IN,PR1 - Own provision by LA,Fostering – short term,Carer requests placement end other than due to child's behaviour
991,14/05/2025,21/05/2025,218,9.4,IN,PR1 - Own provision by LA,Fostering – short term,Carer requests placement end other than due to child's behaviour
15,29/08/2023,22/09/2023,842,10,OUT,PR4 - Private Provision,Semi-independent supported accommodation,Carer requests placement end other than due to child's behaviour
57,20/05/2024,23/06/2024,577,10,IN,PR4 - Private Provision,Semi-independent supported accommodation,Carer requests placement end other than due to child's behaviour
286,16/07/2024,17/07/2024,520,10,IN,PR5 - Voluntary/Third Sector Provision,Semi-independent supported accommodation,Carer requests placement end other than due to child's behaviour
371,05/10/2024,14/08/2025,439,10,OUT,PR4 - Private Provision,Fostering – short term,Carer requests placement end other than due to child's behaviour
465,13/06/2024,22/10/2025,553,10,IN,PR1 - Own provision by LA,Fostering – short term,Carer requests placement end other than due to child's behaviour
602,28/03/2024,08/07/2024,630,10,OUT,PR4 - Private Provision,Fostering – short term,Carer requests placement end other than due to child's behaviour
604,19/03/2024,28/03/2024,639,10,IN,PR1 - Own provision by LA,Fostering – short term,Carer requests placement end other than due to child's behaviour
844,15/11/2023,27/11/2023,764,10,IN,PR4 - Private Provision,Fostering – short term,Carer requests placement end other than due to child's behaviour
922,18/04/2024,17/02/2025,609,10,IN,PR1 - Own provision by LA,Residential Unit (Children's Home),Carer requests placement end other than due to child's behaviour
1330,16/02/2024,09/11/2024,671,10,OUT,PR4 - Private Provision,Semi-independent supported accommodation,Carer requests placement end other than due to child's behaviour
1838,22/07/2025,22/08/2025,149,10,IN,PR4 - Private Provision,Fostering – short term,Carer requests placement end other than due to child's behaviour
556,27/11/2024,04/11/2025,386,10.5,IN,PR1 - Own provision by LA,Fostering – short term,Carer requests placement end other than due to child's behaviour
485,21/04/2023,24/04/2023,972,11,IN,PR1 - Own provision by LA,Fostering – short term,Carer requests placement end other than due to child's behaviour
737,18/08/2025,03/09/2025,122,12,IN,PR4 - Private Provision,Unregistered Placement,Carer requests placement end other than due to child's behaviour
1448,11/08/2023,14/08/2024,860,12,OUT,PR4 - Private Provision,Fostering – short term,Carer requests placement end other than due to child's behaviour
1605,19/10/2023,26/07/2024,791,12,IN,PR1 - Own provision by LA,Fostering – short term,Carer requests placement end other than due to child's behaviour
1719,05/08/2024,15/05/2025,500,12,IN,PR1 - Own provision by LA,Fostering – short term,Carer requests placement end other than due to child's behaviour
2165,18/08/2025,16/09/2025,122,12,IN,PR4 - Private Provision,Fostering – short term,Carer requests placement end other than due to child's behaviour
1008,03/07/2023,10/07/2023,899,13,IN,PR1 - Own provision by LA,Fostering – short term,Carer requests placement end other than due to child's behaviour
1333,03/07/2023,10/07/2023,899,13,IN,PR1 - Own provision by LA,Fostering – short term,Carer requests placement end other than due to child's behaviour
661,06/09/2024,06/02/2025,468,14,OUT,PR4 - Private Provision,Fostering – short term,Carer requests placement end other than due to child's behaviour
1545,05/08/2025,29/08/2025,135,14,OUT,PR4 - Private Provision,Fostering – short term,Carer requests placement end other than due to child's behaviour
396,31/05/2024,03/01/2025,566,15,OUT,PR4 - Private Provision,Semi-independent supported accommodation,Carer requests placement end other than due to child's behaviour
2371,24/03/2025,15/04/2025,269,15,IN,PR1 - Own provision by LA,Fostering – short term,Carer requests placement end other than due to child's behaviour
1724,27/10/2023,19/01/2024,783,19.3,IN,PR4 - Private Provision,Fostering – short term,Carer requests placement end other than due to child's behaviour
184,18/08/2025,09/10/2025,122,20,OUT,PR3 - Other public provision,Young Offenders Institution/Prison,Carer requests placement end other than due to child's behaviour
325,13/08/2024,05/09/2024,492,20,OUT,PR2 - Other LA provision,Secure Unit,Carer requests placement end other than due to child's behaviour
615,26/03/2024,08/04/2024,632,20,OUT,PR1 - Own provision by LA,Kinship - short term,Carer requests placement end other than due to child's behaviour
618,13/03/2024,08/04/2024,645,20,IN,PR1 - Own provision by LA,Fostering – short term,Carer requests placement end other than due to child's behaviour
1083,05/08/2024,16/09/2024,500,20,OUT,PR4 - Private Provision,Unregistered Placement,Carer requests placement end other than due to child's behaviour
106,11/04/2025,19/09/2025,251,25,IN,PR4 - Private Provision,Semi-independent supported accommodation,Carer requests placement end other than due to child's behaviour
224,08/08/2024,01/08/2025,497,25,IN,PR4 - Private Provision,Semi-independent supported accommodation,Carer requests placement end other than due to child's behaviour
746,06/02/2025,03/03/2025,315,25,OUT,PR4 - Private Provision,Fostering – short term,Carer requests placement end other than due to child's behaviour
1835,06/06/2023,16/05/2025,926,25,OUT,PR4 - Private Provision,Residential Unit (Children's Home),Carer requests placement end other than due to child's behaviour
1722,27/10/2023,19/01/2024,783,30.9,IN,PR4 - Private Provision,Fostering – short term,Carer requests placement end other than due to child's behaviour
664,02/05/2025,14/08/2025,230,34,OUT,PR4 - Private Provision,Fostering – short term,Carer requests placement end other than due to child's behaviour
2049,24/10/2023,12/07/2024,786,34,OUT,PR4 - Private Provision,Fostering – short term,Carer requests placement end other than due to child's behaviour
53,27/05/2023,07/06/2023,936,35,OUT,PR4 - Private Provision,Fostering – short term,Carer requests placement end other than due to child's behaviour
291,27/08/2025,18/11/2025,113,35,OUT,PR4 - Private Provision,Unregistered - in child's best interest,Carer requests placement end other than due to child's behaviour
63,21/08/2023,03/04/2024,850,40,OUT,PR4 - Private Provision,Mother And Baby Unit,Carer requests placement end other than due to child's behaviour
317,13/08/2024,12/07/2025,492,40,OUT,PR4 - Private Provision,Semi-independent supported accommodation,Carer requests placement end other than due to child's behaviour
1009,14/12/2023,01/02/2024,735,46,OUT,PR4 - Private Provision,Fostering – short term,Carer requests placement end other than due to child's behaviour
1012,14/12/2023,10/01/2024,735,46,OUT,PR4 - Private Provision,Fostering – short term,Carer requests placement end other than due to child's behaviour
1334,14/12/2023,10/01/2024,735,46,OUT,PR4 - Private Provision,Fostering – short term,Carer requests placement end other than due to child's behaviour
998,17/07/2023,31/07/2023,885,50,IN,PR1 - Own provision by LA,Fostering – long term,Carer requests placement end other than due to child's behaviour
1292,17/07/2023,31/07/2023,885,50,IN,PR1 - Own provision by LA,Fostering – short term,Carer requests placement end other than due to child's behaviour
1690,17/04/2023,28/02/2024,976,50,OUT,PR4 - Private Provision,Mother And Baby Unit,Carer requests placement end other than due to child's behaviour
1725,16/10/2024,10/01/2025,428,55,OUT,PR4 - Private Provision,Fostering – short term,Carer requests placement end other than due to child's behaviour
368,27/06/2023,31/08/2023,905,60,OUT,PR2 - Other LA provision,Residential Unit (Children's Home),Carer requests placement end other than due to child's behaviour
2368,30/08/2024,07/10/2024,475,61,OUT,PR4 - Private Provision,Fostering – short term,Carer requests placement end other than due to child's behaviour
1088,31/05/2024,06/11/2024,566,67,OUT,PR4 - Private Provision,Unregistered Placement,Carer requests placement end other than due to child's behaviour
462,02/06/2023,07/10/2024,930,72,IN,PR1 - Own provision by LA,Kinship - short term,Carer requests placement end other than due to child's behaviour
614,14/03/2024,26/03/2024,644,80,IN,PR1 - Own provision by LA,Fostering – short term,Carer requests placement end other than due to child's behaviour
1080,31/01/2024,16/04/2024,687,80,OUT,PR4 - Private Provision,Residential Unit (Children's Home),Carer requests placement end other than due to child's behaviour
409,25/08/2023,29/11/2024,846,85,OUT,PR4 - Private Provision,Fostering – short term,Carer requests placement end other than due to child's behaviour
1068,17/04/2023,12/10/2023,976,90,OUT,PR4 - Private Provision,Fostering – short term,Carer requests placement end other than due to child's behaviour
1069,12/10/2023,01/09/2025,798,90,OUT,PR4 - Private Provision,Residential Unit (Children's Home),Carer requests placement end other than due to child's behaviour
1595,04/05/2023,22/05/2023,959,174,OUT,PR4 - Private Provision,Fostering – short term,Carer requests placement end other than due to child's behaviour
1933,06/12/2023,18/01/2024,743,200,OUT,PR4 - Private Provision,Semi-independent supported accommodation,Carer requests placement end other than due to child's behaviour
1936,18/01/2024,02/05/2024,700,200,OUT,PR4 - Private Provision,Semi-independent supported accommodation,Carer requests placement end other than due to child's behaviour
1937,06/12/2023,18/01/2024,743,200,OUT,PR4 - Private Provision,Semi-independent supported accommodation,Carer requests placement end other than due to child's behaviour
274,23/06/2023,16/01/2024,909,232,IN,PR4 - Private Provision,Semi-independent supported accommodation,Carer requests placement end other than due to child's behaviour
2179,14/07/2025,22/10/2025,157,"9,800",IN,PR4 - Private Provision,Semi-independent supported accommodation,Carer requests placement end other than due to child's behaviour
357,28/08/2025,13/10/2025,112,,OUT,PR2 - Other LA provision,Secure Unit,Carer requests placement end other than due to child's behaviour
122,06/06/2023,17/11/2025,926,,OUT,PR4 - Private Provision,Residential Unit (Children's Home),Carer requests placement end other than due to child's behaviour
187,02/08/2023,04/08/2023,869,,IN,PR4 - Private Provision,Residential Unit (Children's Home),Carer requests placement end other than due to child's behaviour
190,19/07/2023,25/07/2023,883,,IN,PR1 - Own provision by LA,Crisis Foster Care,Carer requests placement end other than due to child's behaviour
191,25/07/2023,02/08/2023,877,,IN,PR1 - Own provision by LA,Crisis Foster Care,Carer requests placement end other than due to child's behaviour
196,12/05/2023,14/10/2025,951,,IN,PR1 - Own provision by LA,Fostering – short term,Carer requests placement end other than due to child's behaviour
353,18/07/2025,21/07/2025,153,,IN,PR1 - Own provision by LA,Unregistered - in child's best interest,Carer requests placement end other than due to child's behaviour
581,09/09/2024,12/11/2024,465,,OUT,PR4 - Private Provision,Fostering – short term,Carer requests placement end other than due to child's behaviour
672,08/04/2024,10/10/2025,619,,IN,PR0 - Parents or other person with parental responsibility,Placed with Parents,Carer requests placement end other than due to child's behaviour
759,24/10/2024,15/11/2024,420,,IN,PR1 - Own provision by LA,Fostering – short term,Carer requests placement end other than due to child's behaviour
814,07/05/2025,09/05/2025,225,,OUT,PR1 - Own provision by LA,Fostering – short term,Carer requests placement end other than due to child's behaviour
1089,04/03/2024,11/03/2024,654,,IN,PR1 - Own provision by LA,Kinship - short term,Carer requests placement end other than due to child's behaviour
1247,04/03/2024,11/03/2024,654,,IN,PR1 - Own provision by LA,Kinship - short term,Carer requests placement end other than due to child's behaviour
1337,19/03/2024,27/04/2025,639,,IN,PR1 - Own provision by LA,Fostering – short term,Carer requests placement end other than due to child's behaviour
1383,31/08/2023,24/06/2024,840,,OUT,PR4 - Private Provision,Fostering – short term,Carer requests placement end other than due to child's behaviour
1464,04/07/2024,24/10/2024,532,,OUT,PR4 - Private Provision,Fostering – short term,Carer requests placement end other than due to child's behaviour
1503,29/07/2023,29/01/2024,873,,IN,PR1 - Own provision by LA,Fostering – short term,Carer requests placement end other than due to child's behaviour
1751,11/08/2023,04/03/2024,860,,IN,PR1 - Own provision by LA,Fostering – short term,Carer requests placement end other than due to child's behaviour
1772,17/05/2024,19/09/2024,580,,IN,PR4 - Private Provision,Kinship - short term,Carer requests placement end other than due to child's behaviour
1922,11/08/2023,04/03/2024,860,,IN,PR1 - Own provision by LA,Fostering – short term,Carer requests placement end other than due to child's behaviour
2018,11/05/2023,15/08/2025,952,,OUT,PR4 - Private Provision,Fostering – short term,Carer requests placement end other than due to child's behaviour
2083,29/06/2023,27/11/2024,903,,IN,PR1 - Own provision by LA,Fostering – short term,Carer requests placement end other than due to child's behaviour
2142,26/05/2023,20/03/2025,937,,OUT,PR4 - Private Provision,Fostering – short term,Carer requests placement end other than due to child's behaviour
2251,13/12/2023,09/10/2024,736,,IN,PR1 - Own provision by LA,Fostering – short term,Carer requests placement end other than due to child's behaviour
2289,25/09/2023,09/10/2023,815,,IN,PR1 - Own provision by LA,Fostering – short term,Carer requests placement end other than due to child's behaviour
2475,02/12/2024,24/01/2025,381,,OUT,PR4 - Private Provision,Mother And Baby Unit,Carer requests placement end other than due to child's behaviour
2575,28/11/2024,17/01/2025,385,,OUT,PR4 - Private Provision,Semi-independent supported accommodation,Carer requests placement end other than due to child's behaviour
76,05/05/2024,06/06/2025,592,0,IN,PR0 - Parents or other person with parental responsibility,Placed with Parents,Change to/Implementation of Care Plan
201,19/09/2023,01/05/2024,821,0,IN,PR0 - Parents or other person with parental responsibility,Placed with Parents,Change to/Implementation of Care Plan
202,01/05/2024,20/07/2025,596,0,IN,PR0 - Parents or other person with parental responsibility,Placed with Parents,Change to/Implementation of Care Plan
259,05/05/2023,19/12/2023,958,0,IN,PR0 - Parents or other person with parental responsibility,Placed with Parents,Change to/Implementation of Care Plan
350,27/11/2023,29/04/2024,752,0,IN,PR0 - Parents or other person with parental responsibility,Placed with Parents,Change to/Implementation of Care Plan
406,18/04/2025,23/06/2025,244,0,IN,PR0 - Parents or other person with parental responsibility,Placed with Parents,Change to/Implementation of Care Plan
455,04/12/2023,03/10/2024,745,0,IN,PR0 - Parents or other person with parental responsibility,Placed with Parents,Change to/Implementation of Care Plan
684,25/03/2024,13/05/2024,633,0,IN,PR0 - Parents or other person with parental responsibility,Placed with Parents,Change to/Implementation of Care Plan
685,11/03/2024,13/05/2024,647,0,IN,PR0 - Parents or other person with parental responsibility,Placed with Parents,Change to/Implementation of Care Plan
744,23/08/2023,02/12/2025,848,0,IN,PR0 - Parents or other person with parental responsibility,Placed with Parents,Change to/Implementation of Care Plan
1045,04/04/2024,24/06/2024,623,0,IN,PR0 - Parents or other person with parental responsibility,Placed with Parents,Change to/Implementation of Care Plan
1131,23/07/2024,30/09/2024,513,0,IN,PR0 - Parents or other person with parental responsibility,Placed with Parents,Change to/Implementation of Care Plan
1180,21/12/2023,13/03/2024,728,0,IN,PR0 - Parents or other person with parental responsibility,Placed with Parents,Change to/Implementation of Care Plan
1181,21/12/2023,13/03/2024,728,0,IN,PR0 - Parents or other person with parental responsibility,Placed with Parents,Change to/Implementation of Care Plan
1237,20/06/2023,04/09/2023,912,0,OUT,PR0 - Parents or other person with parental responsibility,Placed with Parents,Change to/Implementation of Care Plan
1245,04/01/2024,19/11/2024,714,0,IN,PR0 - Parents or other person with parental responsibility,Placed with Parents,Change to/Implementation of Care Plan
1302,30/06/2023,01/10/2025,902,0,IN,PR0 - Parents or other person with parental responsibility,Placed with Parents,Change to/Implementation of Care Plan
1374,29/11/2023,30/11/2023,750,0,IN,PR0 - Parents or other person with parental responsibility,Placed with Parents,Change to/Implementation of Care Plan
1500,20/06/2023,04/09/2023,912,0,OUT,PR0 - Parents or other person with parental responsibility,Placed with Parents,Change to/Implementation of Care Plan
1679,09/04/2024,20/05/2024,618,0,OUT,PR4 - Private Provision,Unregistered Placement,Change to/Implementation of Care Plan
1735,11/07/2023,14/07/2025,891,0,IN,PR0 - Parents or other person with parental responsibility,Placed with Parents,Change to/Implementation of Care Plan
1740,28/04/2025,12/06/2025,234,0,IN,PR0 - Parents or other person with parental responsibility,Placed with Parents,Change to/Implementation of Care Plan
1794,24/08/2023,01/10/2023,847,0,IN,PR4 - Private Provision,Supported Lodgings Short Term,Change to/Implementation of Care Plan
1803,25/10/2023,27/11/2023,785,0,IN,PR0 - Parents or other person with parental responsibility,Placed with Parents,Change to/Implementation of Care Plan
1813,25/06/2024,16/07/2024,541,0,OUT,PR4 - Private Provision,Unregistered Placement,Change to/Implementation of Care Plan
1821,18/09/2023,28/11/2023,822,0,OUT,PR0 - Parents or other person with parental responsibility,Placed with Parents,Change to/Implementation of Care Plan
1892,05/05/2023,27/07/2023,958,0,IN,PR0 - Parents or other person with parental responsibility,Placed with Parents,Change to/Implementation of Care Plan
1950,22/05/2023,01/06/2023,941,0,IN,PR0 - Parents or other person with parental responsibility,Placed with Parents,Change to/Implementation of Care Plan
2059,02/04/2024,21/06/2024,625,0,IN,PR0 - Parents or other person with parental responsibility,Placed with Parents,Change to/Implementation of Care Plan
2066,27/09/2023,26/01/2024,813,0,IN,PR1 - Own provision by LA,Kinship - short term,Change to/Implementation of Care Plan
2192,25/05/2024,07/08/2024,572,0,IN,PR1 - Own provision by LA,Kinship - short term,Change to/Implementation of Care Plan
2197,17/01/2025,07/02/2025,335,0,IN,PR0 - Parents or other person with parental responsibility,Placed with Parents,Change to/Implementation of Care Plan
2198,10/01/2025,07/02/2025,342,0,IN,PR0 - Parents or other person with parental responsibility,Placed with Parents,Change to/Implementation of Care Plan
2202,17/01/2025,07/02/2025,335,0,IN,PR0 - Parents or other person with parental responsibility,Placed with Parents,Change to/Implementation of Care Plan
2206,10/01/2025,07/02/2025,342,0,IN,PR0 - Parents or other person with parental responsibility,Placed with Parents,Change to/Implementation of Care Plan
2287,08/01/2024,24/04/2024,710,0,OUT,PR0 - Parents or other person with parental responsibility,Placed with Parents,Change to/Implementation of Care Plan
2396,08/10/2025,27/01/2025,71,0,IN,PR0 - Parents or other person with parental responsibility,Placed with Parents,Change to/Implementation of Care Plan
2449,28/04/2025,12/06/2025,234,0,IN,PR0 - Parents or other person with parental responsibility,Placed with Parents,Change to/Implementation of Care Plan
2527,15/11/2024,12/12/2025,398,0,IN,PR4 - Private Provision,Semi-independent supported accommodation,Change to/Implementation of Care Plan
430,22/07/2025,16/09/2025,149,1,IN,PR1 - Own provision by LA,Kinship - short term,Change to/Implementation of Care Plan
1152,10/07/2023,10/10/2023,892,1,IN,PR4 - Private Provision,Semi-independent supported accommodation,Change to/Implementation of Care Plan
1155,10/10/2023,16/01/2024,800,1,IN,PR1 - Own provision by LA,Kinship - short term,Change to/Implementation of Care Plan
1294,21/08/2024,05/09/2024,484,1,IN,PR0 - Parents or other person with parental responsibility,Placed with Parents,Change to/Implementation of Care Plan
1303,22/12/2023,17/04/2024,727,1,IN,PR1 - Own provision by LA,Kinship - short term,Change to/Implementation of Care Plan
1526,15/11/2023,15/12/2023,764,1,IN,PR1 - Own provision by LA,Kinship - short term,Change to/Implementation of Care Plan
1528,15/11/2023,15/12/2023,764,1,IN,PR1 - Own provision by LA,Kinship - short term,Change to/Implementation of Care Plan
1578,29/11/2023,25/06/2025,750,1,OUT,PR2 - Other LA provision,Placed for Adoption (with consent) with former foster carers,Change to/Implementation of Care Plan
2355,08/08/2024,16/08/2024,497,1,IN,PR0 - Parents or other person with parental responsibility,Placed with Parents,Change to/Implementation of Care Plan
147,23/10/2023,03/10/2024,787,1.25,IN,PR4 - Private Provision,Semi-independent supported accommodation,Change to/Implementation of Care Plan
7,05/07/2023,20/08/2023,897,2,IN,PR4 - Private Provision,Semi-independent supported accommodation,Change to/Implementation of Care Plan
164,06/12/2023,04/07/2024,743,2,IN,PR0 - Parents or other person with parental responsibility,Placed with Parents,Change to/Implementation of Care Plan
769,01/06/2023,02/06/2025,931,2,IN,PR1 - Own provision by LA,Residential Unit (Children's Home),Change to/Implementation of Care Plan
1139,30/12/2024,07/05/2025,353,2,IN,PR0 - Parents or other person with parental responsibility,Placed with Parents,Change to/Implementation of Care Plan
1141,30/12/2024,07/05/2025,353,2,IN,PR0 - Parents or other person with parental responsibility,Placed with Parents,Change to/Implementation of Care Plan
1143,30/12/2024,07/05/2025,353,2,IN,PR0 - Parents or other person with parental responsibility,Placed with Parents,Change to/Implementation of Care Plan
1266,30/12/2024,07/05/2025,353,2,IN,PR0 - Parents or other person with parental responsibility,Placed with Parents,Change to/Implementation of Care Plan
1954,10/06/2025,18/09/2025,191,2,IN,PR1 - Own provision by LA,Fostering – short term,Change to/Implementation of Care Plan
2465,06/03/2024,19/10/2025,652,2,IN,PR4 - Private Provision,Semi-independent supported accommodation,Change to/Implementation of Care Plan
155,21/02/2025,16/07/2025,300,2.6,IN,PR4 - Private Provision,Semi-independent supported accommodation,Change to/Implementation of Care Plan
1819,18/04/2023,17/10/2023,975,2.7,IN,PR4 - Private Provision,Fostering – short term,Change to/Implementation of Care Plan
21,05/07/2023,21/05/2024,897,3,IN,PR4 - Private Provision,Semi-independent supported accommodation,Change to/Implementation of Care Plan
351,12/04/2023,27/11/2023,981,3,IN,PR0 - Parents or other person with parental responsibility,Placed with Parents,Change to/Implementation of Care Plan
967,26/07/2023,20/08/2023,876,3,IN,PR1 - Own provision by LA,Supported Lodgings Short Term,Change to/Implementation of Care Plan
1064,15/05/2023,19/09/2023,948,3,IN,PR1 - Own provision by LA,Kinship - short term,Change to/Implementation of Care Plan
1491,05/05/2023,19/09/2023,958,3,IN,PR1 - Own provision by LA,Kinship - short term,Change to/Implementation of Care Plan
1754,05/05/2023,19/09/2023,958,3,IN,PR1 - Own provision by LA,Kinship - short term,Change to/Implementation of Care Plan
2119,07/12/2023,26/02/2024,742,3,OUT,PR0 - Parents or other person with parental responsibility,Placed with Parents,Change to/Implementation of Care Plan
2120,23/05/2023,26/02/2024,940,3,OUT,PR1 - Own provision by LA,Fostering – short term,Change to/Implementation of Care Plan
2212,05/12/2024,01/09/2025,378,3,IN,PR1 - Own provision by LA,Kinship - short term,Change to/Implementation of Care Plan
2215,05/12/2024,01/09/2025,378,3,IN,PR1 - Own provision by LA,Kinship - short term,Change to/Implementation of Care Plan
354,07/07/2025,17/07/2025,164,3.3,OUT,PR4 - Private Provision,Residential Unit (Children's Home),Change to/Implementation of Care Plan
348,10/07/2024,01/12/2025,526,3.4,IN,PR1 - Own provision by LA,Residential Unit (Children's Home),Change to/Implementation of Care Plan
421,22/05/2025,13/11/2025,210,3.5,IN,PR4 - Private Provision,Semi-independent supported accommodation,Change to/Implementation of Care Plan
1074,20/03/2024,22/03/2024,638,3.8,IN,PR1 - Own provision by LA,Fostering – short term,Change to/Implementation of Care Plan
8,11/10/2023,14/05/2025,799,4,IN,PR4 - Private Provision,Semi-independent supported accommodation,Change to/Implementation of Care Plan
364,31/08/2023,20/09/2024,840,4,IN,PR4 - Private Provision,Residential Unit (Children's Home),Change to/Implementation of Care Plan
680,23/06/2023,03/08/2023,909,4,IN,PR1 - Own provision by LA,Kinship - short term,Change to/Implementation of Care Plan
1191,23/06/2023,03/08/2023,909,4,IN,PR1 - Own provision by LA,Kinship - short term,Change to/Implementation of Care Plan
1414,03/10/2023,18/12/2024,807,4,IN,PR4 - Private Provision,Fostering – short term,Change to/Implementation of Care Plan
2035,11/05/2024,07/10/2024,586,4,IN,PR4 - Private Provision,Fostering – short term,Change to/Implementation of Care Plan
29,03/10/2023,17/12/2023,807,5,OUT,PR4 - Private Provision,Semi-independent supported accommodation,Change to/Implementation of Care Plan
40,20/07/2024,30/07/2024,516,5,IN,PR0 - Parents or other person with parental responsibility,Placed with Parents,Change to/Implementation of Care Plan
237,02/04/2024,26/12/2024,625,5,IN,PR4 - Private Provision,Semi-independent supported accommodation,Change to/Implementation of Care Plan
292,25/04/2024,27/08/2024,602,5,IN,PR1 - Own provision by LA,Fostering – short term,Change to/Implementation of Care Plan
345,19/03/2025,08/07/2025,274,5,OUT,PR4 - Private Provision,Semi-independent supported accommodation,Change to/Implementation of Care Plan
379,08/12/2023,13/12/2024,741,5,OUT,PR4 - Private Provision,Residential Unit (Children's Home),Change to/Implementation of Care Plan
555,27/08/2024,18/07/2025,478,5,OUT,PR1 - Own provision by LA,Fostering – short term,Change to/Implementation of Care Plan
625,04/01/2024,17/06/2024,714,5,OUT,PR5 - Voluntary/Third Sector Provision,Semi-independent supported accommodation,Change to/Implementation of Care Plan
1003,01/02/2024,27/04/2025,686,5,IN,PR1 - Own provision by LA,Fostering – short term,Change to/Implementation of Care Plan
1441,03/02/2024,29/05/2024,684,5,IN,PR1 - Own provision by LA,Kinship - short term,Change to/Implementation of Care Plan
1442,22/12/2023,23/12/2023,727,5,IN,PR2 - Other LA provision,Fostering – short term,Change to/Implementation of Care Plan
1443,23/12/2023,03/02/2024,726,5,IN,PR4 - Private Provision,Fostering – short term,Change to/Implementation of Care Plan
1668,05/08/2023,17/01/2024,866,5,OUT,PR1 - Own provision by LA,Kinship - short term,Change to/Implementation of Care Plan
1795,11/12/2024,12/12/2024,372,5,IN,PR1 - Own provision by LA,Fostering – short term,Change to/Implementation of Care Plan
1822,11/12/2024,12/12/2024,372,5,IN,PR1 - Own provision by LA,Fostering – short term,Change to/Implementation of Care Plan
1906,08/05/2025,09/05/2025,224,5,IN,PR1 - Own provision by LA,Fostering – short term,Change to/Implementation of Care Plan
1908,12/07/2023,20/11/2023,890,5,IN,PR1 - Own provision by LA,Kinship - short term,Change to/Implementation of Care Plan
1909,20/11/2023,08/01/2024,759,5,IN,PR0 - Parents or other person with parental responsibility,Placed with Parents,Change to/Implementation of Care Plan
1951,01/06/2023,12/06/2023,931,5,IN,PR1 - Own provision by LA,Fostering – short term,Change to/Implementation of Care Plan
2101,09/08/2023,04/03/2024,862,5,IN,PR1 - Own provision by LA,Kinship - short term,Change to/Implementation of Care Plan
2199,19/01/2024,10/01/2025,699,5,OUT,PR1 - Own provision by LA,Fostering – short term,Change to/Implementation of Care Plan
46,07/10/2023,11/09/2024,803,6,IN,PR4 - Private Provision,Fostering – short term,Change to/Implementation of Care Plan
52,10/01/2025,01/04/2025,342,6,IN,PR4 - Private Provision,Semi-independent supported accommodation,Change to/Implementation of Care Plan
182,18/07/2025,20/07/2025,153,6,IN,PR1 - Own provision by LA,Fostering – short term,Change to/Implementation of Care Plan
309,19/05/2025,27/07/2025,213,6,IN,PR4 - Private Provision,Unregistered - in child's best interest,Change to/Implementation of Care Plan
466,09/09/2024,14/04/2025,465,6,OUT,PR4 - Private Provision,Residential Unit (Children's Home),Change to/Implementation of Care Plan
514,21/10/2024,10/07/2025,423,6,IN,PR4 - Private Provision,Fostering – short term,Change to/Implementation of Care Plan
630,20/04/2023,21/04/2023,973,6,IN,PR1 - Own provision by LA,Fostering – short term,Change to/Implementation of Care Plan
631,24/04/2023,20/07/2023,969,6,OUT,PR4 - Private Provision,Fostering – short term,Change to/Implementation of Care Plan
634,21/04/2023,24/04/2023,972,6,IN,PR1 - Own provision by LA,Fostering – short term,Change to/Implementation of Care Plan
704,21/10/2024,10/07/2025,423,6,IN,PR4 - Private Provision,Fostering – short term,Change to/Implementation of Care Plan
1119,14/10/2024,06/01/2025,430,6,IN,PR0 - Parents or other person with parental responsibility,Placed with Parents,Change to/Implementation of Care Plan
1354,30/05/2023,21/06/2023,933,6,IN,PR0 - Parents or other person with parental responsibility,Placed with Parents,Change to/Implementation of Care Plan
1377,02/08/2023,30/09/2024,869,6,IN,PR0 - Parents or other person with parental responsibility,Placed with Parents,Change to/Implementation of Care Plan
1378,27/06/2023,02/08/2023,905,6,IN,PR1 - Own provision by LA,Fostering – short term,Change to/Implementation of Care Plan
1711,03/06/2024,20/10/2025,563,6,IN,PR4 - Private Provision,Residential Unit (Children's Home),Change to/Implementation of Care Plan
1765,30/05/2023,21/06/2023,933,6,IN,PR0 - Parents or other person with parental responsibility,Placed with Parents,Change to/Implementation of Care Plan
1770,24/05/2023,25/05/2023,939,6,IN,PR1 - Own provision by LA,Fostering – short term,Change to/Implementation of Care Plan
1940,09/10/2023,12/12/2023,801,6,IN,PR1 - Own provision by LA,Kinship - short term,Change to/Implementation of Care Plan
1948,12/06/2023,04/10/2023,920,6,IN,PR1 - Own provision by LA,Kinship - short term,Change to/Implementation of Care Plan
1999,23/07/2024,23/01/2025,513,6,IN,PR1 - Own provision by LA,Kinship - short term,Change to/Implementation of Care Plan
2189,03/09/2025,05/09/2025,106,6,IN,PR4 - Private Provision,Fostering – short term,Change to/Implementation of Care Plan
2190,03/09/2025,05/09/2025,106,6,IN,PR4 - Private Provision,Fostering – short term,Change to/Implementation of Care Plan
2386,05/10/2024,23/01/2025,439,6,IN,PR1 - Own provision by LA,Kinship - short term,Change to/Implementation of Care Plan
124,10/06/2025,21/07/2025,191,7,IN,PR1 - Own provision by LA,Fostering – long term,Change to/Implementation of Care Plan
126,19/09/2025,27/11/2025,90,7,IN,PR1 - Own provision by LA,Kinship - short term,Change to/Implementation of Care Plan
1094,24/05/2024,29/11/2024,573,7,IN,PR1 - Own provision by LA,Kinship - short term,Change to/Implementation of Care Plan
1847,19/05/2023,20/12/2023,944,7,IN,PR1 - Own provision by LA,Kinship - short term,Change to/Implementation of Care Plan
2087,07/05/2024,01/07/2024,590,7,OUT,PR1 - Own provision by LA,Kinship - short term,Change to/Implementation of Care Plan
2264,28/07/2025,23/08/2025,143,7,IN,PR4 - Private Provision,Unregistered - awaiting alternative,Change to/Implementation of Care Plan
2579,28/03/2025,30/06/2025,265,7,OUT,PR4 - Private Provision,Mother And Baby Unit,Change to/Implementation of Care Plan
2027,15/09/2023,16/09/2023,825,7.8,IN,PR4 - Private Provision,Kinship - long term,Change to/Implementation of Care Plan
2028,10/08/2023,18/08/2023,861,7.8,IN,PR1 - Own provision by LA,Fostering – short term,Change to/Implementation of Care Plan
67,20/09/2024,04/04/2025,454,8,IN,PR4 - Private Provision,Semi-independent supported accommodation,Change to/Implementation of Care Plan
496,01/06/2023,27/05/2025,931,8,IN,PR1 - Own provision by LA,Residential Unit (Children's Home),Change to/Implementation of Care Plan
497,01/06/2023,06/03/2024,931,8,IN,PR1 - Own provision by LA,Residential Unit (Children's Home),Change to/Implementation of Care Plan
569,28/05/2025,07/07/2025,204,8,IN,PR1 - Own provision by LA,Kinship - short term,Change to/Implementation of Care Plan
1452,23/10/2023,13/10/2025,787,8,IN,PR1 - Own provision by LA,Fostering – short term,Change to/Implementation of Care Plan
1661,23/05/2023,04/06/2024,940,8,IN,PR1 - Own provision by LA,Kinship - short term,Change to/Implementation of Care Plan
1859,07/09/2023,21/03/2024,833,8,OUT,PR1 - Own provision by LA,Placed for Adoption (with consent) with former foster carers,Change to/Implementation of Care Plan
739,03/09/2025,23/10/2025,106,8.6,IN,PR4 - Private Provision,Residential Unit (Children's Home),Change to/Implementation of Care Plan
273,01/05/2024,19/03/2025,596,9,OUT,PR4 - Private Provision,Unregistered Placement,Change to/Implementation of Care Plan
1465,20/09/2023,22/11/2023,820,9,OUT,PR3 - Other public provision,NHS/Other Hospital,Change to/Implementation of Care Plan
1467,05/09/2023,20/09/2023,835,9,OUT,PR4 - Private Provision,Fostering – short term,Change to/Implementation of Care Plan
2076,24/07/2024,07/04/2025,512,9,OUT,PR1 - Own provision by LA,Kinship - short term,Change to/Implementation of Care Plan
2096,23/04/2024,14/04/2025,604,9,IN,PR1 - Own provision by LA,Fostering – short term,Change to/Implementation of Care Plan
2390,14/09/2024,05/02/2025,460,9,IN,PR1 - Own provision by LA,Kinship - short term,Change to/Implementation of Care Plan
2402,23/04/2024,14/04/2025,604,9,IN,PR1 - Own provision by LA,Fostering – short term,Change to/Implementation of Care Plan
25,22/09/2023,23/11/2023,818,10,OUT,PR4 - Private Provision,Semi-independent supported accommodation,Change to/Implementation of Care Plan
33,08/07/2024,10/09/2024,528,10,IN,PR4 - Private Provision,Semi-independent supported accommodation,Change to/Implementation of Care Plan
49,18/04/2024,19/05/2024,609,10,OUT,PR4 - Private Provision,Semi-independent supported accommodation,Change to/Implementation of Care Plan
69,10/12/2024,05/03/2025,373,10,IN,PR0 - Parents or other person with parental responsibility,Placed with Parents,Change to/Implementation of Care Plan
81,17/06/2024,24/09/2024,549,10,IN,PR4 - Private Provision,Semi-independent supported accommodation,Change to/Implementation of Care Plan
127,18/06/2024,25/07/2025,548,10,OUT,PR4 - Private Provision,Semi-independent supported accommodation,Change to/Implementation of Care Plan
136,14/03/2025,01/09/2025,279,10,OUT,PR3 - Other public provision,NHS/Other Hospital,Change to/Implementation of Care Plan
446,07/02/2024,30/03/2024,680,10,IN,PR1 - Own provision by LA,Kinship - short term,Change to/Implementation of Care Plan
476,11/09/2024,17/02/2025,463,10,IN,PR1 - Own provision by LA,Kinship - short term,Change to/Implementation of Care Plan
545,01/04/2025,27/11/2025,261,10,IN,PR0 - Parents or other person with parental responsibility,Placed with Parents,Change to/Implementation of Care Plan
546,04/03/2025,01/04/2025,289,10,IN,PR1 - Own provision by LA,Fostering – long term,Change to/Implementation of Care Plan
622,22/04/2025,11/07/2025,240,10,IN,PR4 - Private Provision,Fostering – short term,Change to/Implementation of Care Plan
708,01/07/2024,02/07/2024,535,10,OUT,PR1 - Own provision by LA,Kinship - short term,Change to/Implementation of Care Plan
775,11/09/2023,18/07/2024,829,10,IN,PR4 - Private Provision,Semi-independent supported accommodation,Change to/Implementation of Care Plan
825,15/07/2025,04/09/2025,156,10,IN,PR0 - Parents or other person with parental responsibility,Placed with Parents,Change to/Implementation of Care Plan
826,05/03/2025,15/07/2025,288,10,IN,PR1 - Own provision by LA,Kinship - Unregistered Carer,Change to/Implementation of Care Plan
943,09/08/2024,15/10/2025,496,10,IN,PR0 - Parents or other person with parental responsibility,Placed with Parents,Change to/Implementation of Care Plan
1041,15/07/2025,04/09/2025,156,10,IN,PR0 - Parents or other person with parental responsibility,Placed with Parents,Change to/Implementation of Care Plan
1042,05/03/2025,15/07/2025,288,10,IN,PR1 - Own provision by LA,Kinship - Unregistered Carer,Change to/Implementation of Care Plan
1050,26/05/2023,29/05/2025,937,10,IN,PR0 - Parents or other person with parental responsibility,Placed with Parents,Change to/Implementation of Care Plan
1051,26/05/2023,29/05/2025,937,10,IN,PR0 - Parents or other person with parental responsibility,Placed with Parents,Change to/Implementation of Care Plan
1596,22/05/2023,29/03/2024,941,10,IN,PR1 - Own provision by LA,Kinship - short term,Change to/Implementation of Care Plan
1650,23/02/2024,03/06/2024,664,10,IN,PR0 - Parents or other person with parental responsibility,Placed with Parents,Change to/Implementation of Care Plan
1705,16/10/2023,03/04/2024,794,10,OUT,PR1 - Own provision by LA,Placed for Adoption (with consent) with former foster carers,Change to/Implementation of Care Plan
1946,20/10/2023,22/02/2024,790,10,IN,PR1 - Own provision by LA,Fostering – short term,Change to/Implementation of Care Plan
1992,02/01/2025,21/07/2025,350,10,IN,PR1 - Own provision by LA,Kinship - short term,Change to/Implementation of Care Plan
2062,14/10/2024,06/01/2025,430,10,IN,PR0 - Parents or other person with parental responsibility,Placed with Parents,Change to/Implementation of Care Plan
2238,25/10/2023,23/10/2025,785,10,IN,PR1 - Own provision by LA,Fostering – short term,Change to/Implementation of Care Plan
2581,27/03/2025,12/09/2025,266,10,IN,PR1 - Own provision by LA,Kinship - short term,Change to/Implementation of Care Plan
2584,04/07/2025,28/11/2025,167,10,IN,PR4 - Private Provision,Fostering – short term,Change to/Implementation of Care Plan
487,24/04/2023,20/07/2023,969,11,OUT,PR4 - Private Provision,Fostering – short term,Change to/Implementation of Care Plan
2270,15/04/2024,07/03/2025,612,11,IN,PR4 - Private Provision,Residential Unit (Children's Home),Change to/Implementation of Care Plan
5,05/09/2023,13/09/2023,835,12,OUT,PR0 - Parents or other person with parental responsibility,Placed with Parents,Change to/Implementation of Care Plan
260,04/04/2023,04/10/2023,989,12,IN,PR4 - Private Provision,Semi-independent supported accommodation,Change to/Implementation of Care Plan
529,27/07/2023,13/02/2025,875,12,IN,PR4 - Private Provision,Residential Unit (Children's Home),Change to/Implementation of Care Plan
1240,28/11/2024,16/10/2025,385,12,IN,PR4 - Private Provision,Fostering – short term,Change to/Implementation of Care Plan
1591,23/04/2024,07/07/2025,604,12,OUT,PR4 - Private Provision,Fostering – short term,Change to/Implementation of Care Plan
1631,28/11/2024,25/10/2025,385,12,IN,PR4 - Private Provision,Fostering – short term,Change to/Implementation of Care Plan
1939,06/04/2023,09/10/2023,987,12,OUT,PR4 - Private Provision,Fostering – short term,Change to/Implementation of Care Plan
2073,17/08/2023,11/06/2024,854,12,OUT,PR4 - Private Provision,Fostering – short term,Change to/Implementation of Care Plan
249,11/03/2025,28/03/2025,282,13,IN,PR4 - Private Provision,Unregistered Placement,Change to/Implementation of Care Plan
1816,23/04/2024,07/07/2025,604,13,OUT,PR4 - Private Provision,Fostering – short term,Change to/Implementation of Care Plan
60,03/04/2024,24/04/2025,624,15,IN,PR5 - Voluntary/Third Sector Provision,Semi-independent supported accommodation,Change to/Implementation of Care Plan
62,24/04/2025,16/05/2025,238,15,IN,PR4 - Private Provision,Semi-independent supported accommodation,Change to/Implementation of Care Plan
97,06/12/2024,24/09/2025,377,15,OUT,PR3 - Other public provision,Semi-independent supported accommodation,Change to/Implementation of Care Plan
98,02/09/2024,06/12/2024,472,15,OUT,PR4 - Private Provision,Semi-independent supported accommodation,Change to/Implementation of Care Plan
320,15/04/2024,13/11/2024,612,15,OUT,PR4 - Private Provision,Semi-independent supported accommodation,Change to/Implementation of Care Plan
394,03/01/2025,03/06/2025,349,15,OUT,PR3 - Other public provision,Semi-independent supported accommodation,Change to/Implementation of Care Plan
395,03/06/2025,13/10/2025,198,15,OUT,PR4 - Private Provision,Semi-independent supported accommodation,Change to/Implementation of Care Plan
571,28/05/2024,30/08/2025,569,15,OUT,PR4 - Private Provision,Residential Unit (Children's Home),Change to/Implementation of Care Plan
586,28/07/2024,01/08/2024,508,15,OUT,PR4 - Private Provision,Fostering – short term,Change to/Implementation of Care Plan
649,21/06/2023,18/10/2023,911,15,OUT,PR4 - Private Provision,Semi-independent supported accommodation,Change to/Implementation of Care Plan
650,18/10/2023,19/09/2024,792,15,OUT,PR3 - Other public provision,Young Offenders Institution/Prison,Change to/Implementation of Care Plan
1049,24/06/2025,05/09/2025,177,15,IN,PR4 - Private Provision,Semi-independent supported accommodation,Change to/Implementation of Care Plan
1273,17/04/2023,06/11/2023,976,15,OUT,PR4 - Private Provision,Semi-independent supported accommodation,Change to/Implementation of Care Plan
1364,12/05/2023,14/02/2025,951,15,OUT,PR4 - Private Provision,Fostering – short term,Change to/Implementation of Care Plan
1671,31/03/2024,09/10/2024,627,15,OUT,PR2 - Other LA provision,Kinship - short term,Change to/Implementation of Care Plan
1672,31/03/2024,09/10/2024,627,15,OUT,PR2 - Other LA provision,Kinship - short term,Change to/Implementation of Care Plan
2407,15/04/2024,10/02/2025,612,15,IN,PR1 - Own provision by LA,Fostering – short term,Change to/Implementation of Care Plan
2608,24/03/2025,26/03/2025,269,15,IN,PR4 - Private Provision,Fostering – short term,Change to/Implementation of Care Plan
1805,13/11/2023,23/04/2024,766,16,OUT,PR1 - Own provision by LA,Placed for Adoption (with consent) not with former foster carers,Change to/Implementation of Care Plan
1691,02/04/2024,13/06/2024,625,17,OUT,PR2 - Other LA provision,"EPP: Fostering for Adoption, placed with approved adopter",Change to/Implementation of Care Plan
1862,22/09/2023,12/01/2024,818,17,OUT,PR1 - Own provision by LA,Kinship - short term,Change to/Implementation of Care Plan
1914,02/04/2024,13/06/2024,625,17,OUT,PR2 - Other LA provision,"EPP: Fostering for Adoption, placed with approved adopter",Change to/Implementation of Care Plan
2599,09/12/2024,31/03/2025,374,17,OUT,PR1 - Own provision by LA,Kinship - short term,Change to/Implementation of Care Plan
2558,05/03/2025,05/09/2025,288,19,OUT,PR5 - Voluntary/Third Sector Provision,Placed for Adoption (with consent) not with former foster carers,Change to/Implementation of Care Plan
2003,22/09/2023,29/11/2023,818,20,OUT,PR1 - Own provision by LA,"EPP: Fostering for Adoption, placed with approved adopter",Change to/Implementation of Care Plan
2544,06/12/2024,05/10/2025,377,20,OUT,PR1 - Own provision by LA,Fostering – short term,Change to/Implementation of Care Plan
70,25/08/2023,23/05/2025,846,21,OUT,PR4 - Private Provision,Residential Unit (Children's Home),Change to/Implementation of Care Plan
484,19/10/2023,11/02/2025,791,21,OUT,PR4 - Private Provision,Residential Unit (Children's Home),Change to/Implementation of Care Plan
1998,14/04/2023,31/03/2025,979,21,OUT,PR4 - Private Provision,Fostering – short term,Change to/Implementation of Care Plan
1844,02/10/2023,01/03/2024,808,24,OUT,PR2 - Other LA provision,Placed for Adoption (with consent) not with former foster carers,Change to/Implementation of Care Plan
105,18/08/2023,11/03/2025,853,25,OUT,PR4 - Private Provision,Residential Unit (Children's Home),Change to/Implementation of Care Plan
327,05/09/2024,21/10/2024,469,25,OUT,PR4 - Private Provision,Unregistered Placement,Change to/Implementation of Care Plan
2477,24/01/2025,28/02/2025,328,25,OUT,PR4 - Private Provision,Mother And Baby Unit,Change to/Implementation of Care Plan
855,28/02/2024,08/08/2024,659,29,OUT,PR4 - Private Provision,Fostering – short term,Change to/Implementation of Care Plan
1099,28/02/2024,08/08/2024,659,29,OUT,PR4 - Private Provision,Fostering – short term,Change to/Implementation of Care Plan
1539,28/02/2024,08/07/2024,659,29,OUT,PR4 - Private Provision,Fostering – short term,Change to/Implementation of Care Plan
1766,09/08/2024,10/08/2024,496,29,OUT,PR1 - Own provision by LA,Kinship - short term,Change to/Implementation of Care Plan
1854,28/02/2024,08/07/2024,659,29,OUT,PR4 - Private Provision,Fostering – short term,Change to/Implementation of Care Plan
809,29/03/2024,17/02/2025,629,30,IN,PR1 - Own provision by LA,Residential Unit (Children's Home),Change to/Implementation of Care Plan
1312,09/11/2023,30/03/2024,770,30,OUT,PR4 - Private Provision,Semi-independent supported accommodation,Change to/Implementation of Care Plan
1314,18/08/2023,09/11/2023,853,30,OUT,PR4 - Private Provision,Semi-independent supported accommodation,Change to/Implementation of Care Plan
1833,14/04/2023,28/07/2023,979,30,OUT,PR4 - Private Provision,Residential Unit (Children's Home),Change to/Implementation of Care Plan
2395,09/07/2024,27/01/2025,527,30,OUT,PR4 - Private Provision,Mother And Baby Unit,Change to/Implementation of Care Plan
2514,12/12/2025,12/12/2025,6,32,OUT,PR1 - Own provision by LA,Fostering – short term,Change to/Implementation of Care Plan
2494,29/11/2024,23/05/2025,384,33,OUT,PR2 - Other LA provision,Mother And Baby Unit,Change to/Implementation of Care Plan
2098,16/09/2024,24/04/2025,458,35,OUT,PR2 - Other LA provision,Placed for Adoption (with consent) not with former foster carers,Change to/Implementation of Care Plan
587,01/08/2024,02/08/2024,504,38,OUT,PR4 - Private Provision,Fostering – short term,Change to/Implementation of Care Plan
2169,08/08/2023,23/10/2024,863,38,OUT,PR4 - Private Provision,Fostering – short term,Change to/Implementation of Care Plan
24,20/07/2023,09/10/2023,882,40,OUT,PR4 - Private Provision,Semi-independent supported accommodation,Change to/Implementation of Care Plan
264,08/09/2023,09/07/2024,832,40,OUT,PR4 - Private Provision,Residential Unit (Children's Home),Change to/Implementation of Care Plan
1709,26/05/2023,29/09/2023,937,40,OUT,PR4 - Private Provision,Residential Unit (Children's Home),Change to/Implementation of Care Plan
1710,29/09/2023,22/01/2024,811,40,IN,PR0 - Parents or other person with parental responsibility,Placed with Parents,Change to/Implementation of Care Plan
1831,09/11/2023,18/01/2024,770,40,OUT,PR4 - Private Provision,Residential Unit (Children's Home),Change to/Implementation of Care Plan
2155,05/04/2024,06/11/2024,622,40,OUT,PR4 - Private Provision,Fostering – short term,Change to/Implementation of Care Plan
392,29/11/2024,28/01/2025,384,42,OUT,PR4 - Private Provision,Residential Unit (Children's Home),Change to/Implementation of Care Plan
31,06/09/2023,14/06/2024,834,45,IN,PR4 - Private Provision,Semi-independent supported accommodation,Change to/Implementation of Care Plan
73,04/07/2024,01/06/2025,532,45,OUT,PR4 - Private Provision,Unregistered Placement,Change to/Implementation of Care Plan
509,17/04/2023,28/02/2024,976,45,OUT,PR4 - Private Provision,Mother And Baby Unit,Change to/Implementation of Care Plan
516,19/09/2025,17/10/2025,90,45,OUT,PR4 - Private Provision,Fostering – short term,Change to/Implementation of Care Plan
823,19/09/2025,17/10/2025,90,45,OUT,PR4 - Private Provision,Fostering – short term,Change to/Implementation of Care Plan
1190,19/09/2025,17/10/2025,90,45,OUT,PR4 - Private Provision,Fostering – short term,Change to/Implementation of Care Plan
1756,19/09/2025,17/10/2025,90,45,OUT,PR4 - Private Provision,Fostering – short term,Change to/Implementation of Care Plan
2050,21/08/2023,24/10/2023,850,45,OUT,PR4 - Private Provision,Mother And Baby Unit,Change to/Implementation of Care Plan
564,22/07/2024,24/08/2024,514,47.8,OUT,PR4 - Private Provision,Semi-independent supported accommodation,Change to/Implementation of Care Plan
96,24/02/2025,05/04/2025,297,50,IN,PR4 - Private Provision,Semi-independent supported accommodation,Change to/Implementation of Care Plan
508,28/02/2024,25/04/2024,659,50,OUT,PR4 - Private Provision,Semi-independent supported accommodation,Change to/Implementation of Care Plan
999,31/07/2023,27/10/2025,871,50,IN,PR1 - Own provision by LA,Fostering – long term,Change to/Implementation of Care Plan
1291,31/07/2023,27/10/2025,871,50,IN,PR1 - Own provision by LA,Fostering – short term,Change to/Implementation of Care Plan
1689,28/02/2024,23/09/2024,659,50,OUT,PR4 - Private Provision,Placed with Parents,Change to/Implementation of Care Plan
2516,18/10/2024,19/03/2025,426,50,OUT,PR2 - Other LA provision,"EPP: Fostering for Adoption, placed with approved adopter",Change to/Implementation of Care Plan
830,10/03/2025,11/03/2025,283,55,OUT,PR4 - Private Provision,Fostering – long term,Change to/Implementation of Care Plan
831,07/05/2024,10/03/2025,590,55,OUT,PR4 - Private Provision,Fostering – long term,Change to/Implementation of Care Plan
1315,08/08/2024,02/09/2025,497,55,OUT,PR2 - Other LA provision,Placed for Adoption (with consent) not with former foster carers,Change to/Implementation of Care Plan
2091,26/05/2023,30/06/2023,937,55,OUT,PR4 - Private Provision,Mother And Baby Unit,Change to/Implementation of Care Plan
491,28/06/2024,20/12/2024,538,60,IN,PR0 - Parents or other person with parental responsibility,Placed with Parents,Change to/Implementation of Care Plan
945,14/11/2023,21/11/2023,765,60,OUT,PR4 - Private Provision,Fostering – short term,Change to/Implementation of Care Plan
1683,20/09/2024,02/04/2025,454,60,OUT,PR2 - Other LA provision,Young Offenders Institution/Prison,Change to/Implementation of Care Plan
481,02/06/2023,22/06/2023,930,62,OUT,PR4 - Private Provision,Semi-independent supported accommodation,Change to/Implementation of Care Plan
1780,30/12/2024,04/12/2025,353,64,OUT,PR4 - Private Provision,Semi-independent supported accommodation,Change to/Implementation of Care Plan
263,27/08/2024,25/09/2025,478,70,OUT,PR4 - Private Provision,Unregistered Placement,Change to/Implementation of Care Plan
390,04/08/2025,21/11/2025,136,70,OUT,PR4 - Private Provision,Unregistered - in child's best interest,Change to/Implementation of Care Plan
621,15/11/2023,13/03/2024,764,70,OUT,PR4 - Private Provision,Fostering – short term,Change to/Implementation of Care Plan
1073,22/03/2024,15/04/2024,636,70,OUT,PR4 - Private Provision,Fostering – short term,Change to/Implementation of Care Plan
591,18/08/2023,05/03/2024,853,72,OUT,PR4 - Private Provision,Fostering – short term,Change to/Implementation of Care Plan
626,06/11/2024,05/04/2025,407,72,OUT,PR4 - Private Provision,Semi-independent supported accommodation,Change to/Implementation of Care Plan
949,18/08/2023,01/12/2023,853,72,OUT,PR4 - Private Provision,Fostering – short term,Change to/Implementation of Care Plan
995,18/08/2023,05/03/2024,853,72,OUT,PR4 - Private Provision,Fostering – short term,Change to/Implementation of Care Plan
1658,18/08/2023,05/03/2024,853,72,OUT,PR4 - Private Provision,Fostering – short term,Change to/Implementation of Care Plan
607,09/12/2024,08/04/2025,374,73,IN,PR1 - Own provision by LA,Fostering – short term,Change to/Implementation of Care Plan
2046,30/06/2023,26/06/2024,902,74.1,OUT,PR1 - Own provision by LA,Fostering – short term,Change to/Implementation of Care Plan
656,21/03/2024,05/09/2024,637,75,IN,PR0 - Parents or other person with parental responsibility,Placed with Parents,Change to/Implementation of Care Plan
1742,31/07/2023,11/04/2024,871,75,OUT,PR2 - Other LA provision,Placed for Adoption (with consent) not with former foster carers,Change to/Implementation of Care Plan
1997,18/05/2023,13/11/2023,945,75,OUT,PR1 - Own provision by LA,"EPP: Fostering for Adoption, placed with approved adopter",Change to/Implementation of Care Plan
762,28/07/2023,22/08/2023,874,77,OUT,PR4 - Private Provision,Fostering – short term,Change to/Implementation of Care Plan
386,17/05/2025,21/07/2025,215,81,OUT,PR4 - Private Provision,Unregistered Placement,Change to/Implementation of Care Plan
272,01/03/2024,08/03/2024,657,85,OUT,PR4 - Private Provision,Unregistered Placement,Change to/Implementation of Care Plan
757,28/11/2024,16/04/2025,385,86.4,OUT,PR4 - Private Provision,Fostering – short term,Change to/Implementation of Care Plan
883,12/04/2024,26/07/2024,615,89.6,IN,PR4 - Private Provision,Fostering – short term,Change to/Implementation of Care Plan
388,16/10/2023,26/04/2024,794,90,OUT,PR4 - Private Provision,Residential School,Change to/Implementation of Care Plan
1610,11/07/2025,08/12/2025,160,95,OUT,PR1 - Own provision by LA,Fostering – short term,Change to/Implementation of Care Plan
563,24/12/2024,18/06/2025,359,100,OUT,PR4 - Private Provision,Unregistered Placement,Change to/Implementation of Care Plan
573,28/03/2024,28/05/2024,630,120,OUT,PR0 - Parents or other person with parental responsibility,Placed with Parents,Change to/Implementation of Care Plan
575,28/05/2024,16/07/2024,569,120,IN,PR4 - Private Provision,Residential Unit (Children's Home),Change to/Implementation of Care Plan
627,17/06/2024,06/11/2024,549,123.8,OUT,PR4 - Private Provision,Residential Unit (Children's Home),Change to/Implementation of Care Plan
1501,06/04/2023,20/06/2023,987,130,OUT,PR4 - Private Provision,Fostering – short term,Change to/Implementation of Care Plan
1607,17/09/2023,20/09/2024,823,130,OUT,PR5 - Voluntary/Third Sector Provision,Placed for Adoption (with consent) not with former foster carers,Change to/Implementation of Care Plan
1646,17/09/2023,20/09/2024,823,130,OUT,PR5 - Voluntary/Third Sector Provision,Placed for Adoption (with consent) not with former foster carers,Change to/Implementation of Care Plan
1827,24/08/2023,25/01/2024,847,130,OUT,PR4 - Private Provision,Residential Unit (Children's Home),Change to/Implementation of Care Plan
981,25/06/2024,29/11/2024,541,145,OUT,PR4 - Private Provision,Residential Unit (Children's Home),Change to/Implementation of Care Plan
1867,20/07/2024,29/01/2025,516,163,OUT,PR1 - Own provision by LA,Placed for Adoption (with consent) with former foster carers,Change to/Implementation of Care Plan
1799,22/01/2024,15/02/2024,696,180,IN,PR4 - Private Provision,Supported Lodgings Short Term,Change to/Implementation of Care Plan
1829,25/01/2024,27/06/2024,693,185,OUT,PR4 - Private Provision,Residential Unit (Children's Home),Change to/Implementation of Care Plan
303,29/07/2024,18/02/2025,507,187,OUT,PR4 - Private Provision,Semi-independent supported accommodation,Change to/Implementation of Care Plan
2095,14/04/2025,19/05/2025,248,200,OUT,PR1 - Own provision by LA,"EPP: Fostering for Adoption, placed with approved adopter",Change to/Implementation of Care Plan
2399,14/04/2025,19/05/2025,248,200,OUT,PR1 - Own provision by LA,"EPP: Fostering for Adoption, placed with approved adopter",Change to/Implementation of Care Plan
2642,23/07/2025,22/10/2025,148,213,OUT,PR1 - Own provision by LA,Kinship - short term,Change to/Implementation of Care Plan
129,25/01/2024,18/06/2024,693,219,OUT,PR4 - Private Provision,Residential Unit (Children's Home),Change to/Implementation of Care Plan
458,12/06/2025,25/09/2025,189,250,OUT,PR4 - Private Provision,Residential Unit (Children's Home),Change to/Implementation of Care Plan
1509,24/03/2025,11/07/2025,269,250,OUT,PR2 - Other LA provision,Placed for Adoption (with consent) not with former foster carers,Change to/Implementation of Care Plan
1665,14/04/2023,21/12/2023,979,300,OUT,PR5 - Voluntary/Third Sector Provision,Placed for Adoption (with consent) not with former foster carers,Change to/Implementation of Care Plan
1882,26/05/2023,20/11/2023,937,300,OUT,PR4 - Private Provision,Fostering – short term,Change to/Implementation of Care Plan
2184,07/09/2023,23/01/2024,833,,OUT,PR4 - Private Provision,Residential Unit (Children's Home),Change to/Implementation of Care Plan
4,04/04/2023,12/08/2023,989,,IN,PR4 - Private Provision,Semi-independent supported accommodation,Change to/Implementation of Care Plan
16,28/09/2023,17/04/2024,812,,IN,PR4 - Private Provision,Semi-independent supported accommodation,Change to/Implementation of Care Plan
47,14/04/2023,07/10/2023,979,,IN,PR1 - Own provision by LA,Fostering – short term,Change to/Implementation of Care Plan
71,23/05/2025,25/05/2025,209,,IN,PR4 - Private Provision,Semi-independent supported accommodation,Change to/Implementation of Care Plan
85,05/05/2024,04/11/2024,592,,OUT,PR4 - Private Provision,Semi-independent supported accommodation,Change to/Implementation of Care Plan
100,21/09/2023,10/05/2024,819,,OUT,PR4 - Private Provision,Semi-independent supported accommodation,Change to/Implementation of Care Plan
116,03/10/2024,25/10/2024,441,,IN,PR1 - Own provision by LA,Unregistered Placement,Change to/Implementation of Care Plan
117,25/10/2024,23/11/2025,419,,IN,PR5 - Voluntary/Third Sector Provision,Semi-independent supported accommodation,Change to/Implementation of Care Plan
119,01/10/2024,30/05/2025,443,,IN,PR4 - Private Provision,Semi-independent supported accommodation,Change to/Implementation of Care Plan
123,02/12/2024,20/09/2025,381,,IN,PR0 - Parents or other person with parental responsibility,Placed with Parents,Change to/Implementation of Care Plan
158,16/05/2025,22/08/2025,216,,OUT,PR3 - Other public provision,Young Offenders Institution/Prison,Change to/Implementation of Care Plan
192,18/12/2024,08/01/2025,365,,OUT,PR3 - Other public provision,Young Offenders Institution/Prison,Change to/Implementation of Care Plan
194,16/12/2024,18/12/2024,367,,IN,PR4 - Private Provision,Semi-independent supported accommodation,Change to/Implementation of Care Plan
195,08/01/2025,10/02/2025,344,,OUT,PR4 - Private Provision,Residential Unit (Children's Home),Change to/Implementation of Care Plan
250,03/05/2023,25/07/2023,960,,OUT,PR4 - Private Provision,Residential Unit (Children's Home),Change to/Implementation of Care Plan
261,03/04/2025,18/07/2025,259,,IN,PR4 - Private Provision,Unregistered - awaiting alternative,Change to/Implementation of Care Plan
262,11/11/2024,03/04/2025,402,,IN,PR4 - Private Provision,Semi-independent supported accommodation,Change to/Implementation of Care Plan
297,08/08/2023,08/05/2024,863,,IN,PR1 - Own provision by LA,Fostering – long term,Change to/Implementation of Care Plan
304,25/07/2024,29/07/2024,511,,OUT,PR3 - Other public provision,Young Offenders Institution/Prison,Change to/Implementation of Care Plan
374,21/01/2025,23/01/2025,331,,IN,PR1 - Own provision by LA,Unregistered Placement,Change to/Implementation of Care Plan
376,13/02/2025,11/08/2025,308,,IN,PR4 - Private Provision,Semi-independent supported accommodation,Change to/Implementation of Care Plan
377,04/09/2024,20/12/2024,470,,OUT,PR4 - Private Provision,Residential Unit (Children's Home),Change to/Implementation of Care Plan
389,26/04/2024,29/11/2024,601,,OUT,PR4 - Private Provision,Residential Unit (Children's Home),Change to/Implementation of Care Plan
403,07/11/2024,18/04/2025,406,,OUT,PR4 - Private Provision,Residential Unit (Children's Home),Change to/Implementation of Care Plan
405,14/08/2025,22/09/2025,126,,OUT,PR4 - Private Provision,Residential Unit (Children's Home),Change to/Implementation of Care Plan
407,06/11/2024,07/11/2024,407,,IN,PR1 - Own provision by LA,Unregistered Placement,Change to/Implementation of Care Plan
416,16/09/2024,08/01/2025,458,,IN,PR4 - Private Provision,Semi-independent supported accommodation,Change to/Implementation of Care Plan
425,20/12/2023,29/05/2024,729,,IN,PR1 - Own provision by LA,Fostering – short term,Change to/Implementation of Care Plan
426,20/12/2023,29/05/2024,729,,IN,PR1 - Own provision by LA,Fostering – short term,Change to/Implementation of Care Plan
427,20/12/2023,20/12/2023,729,,IN,PR1 - Own provision by LA,Fostering – short term,Change to/Implementation of Care Plan
432,20/07/2023,01/09/2025,882,,OUT,PR4 - Private Provision,Residential Unit (Children's Home),Change to/Implementation of Care Plan
437,20/07/2023,23/05/2024,882,,OUT,PR4 - Private Provision,Residential Unit (Children's Home),Change to/Implementation of Care Plan
513,19/10/2023,21/10/2024,791,,IN,PR1 - Own provision by LA,Fostering – short term,Change to/Implementation of Care Plan
518,22/05/2024,01/12/2024,575,,OUT,PR4 - Private Provision,Unregistered Placement,Change to/Implementation of Care Plan
519,03/05/2024,22/05/2024,594,,OUT,PR4 - Private Provision,Unregistered Placement,Change to/Implementation of Care Plan
532,22/03/2024,16/07/2024,636,,IN,PR0 - Parents or other person with parental responsibility,Placed with Parents,Change to/Implementation of Care Plan
536,02/09/2023,06/04/2025,838,,OUT,PR4 - Private Provision,Residential Unit (Children's Home),Change to/Implementation of Care Plan
582,11/12/2024,30/10/2025,372,,OUT,PR4 - Private Provision,Fostering – short term,Change to/Implementation of Care Plan
597,04/10/2023,24/11/2023,806,,IN,PR4 - Private Provision,Fostering – short term,Change to/Implementation of Care Plan
599,18/03/2024,23/05/2024,640,,IN,PR1 - Own provision by LA,Kinship - short term,Change to/Implementation of Care Plan
616,15/11/2023,14/03/2024,764,,OUT,PR4 - Private Provision,Fostering – short term,Change to/Implementation of Care Plan
617,15/11/2023,13/03/2024,764,,OUT,PR4 - Private Provision,Fostering – short term,Change to/Implementation of Care Plan
662,11/04/2023,05/02/2024,982,,OUT,PR1 - Own provision by LA,Kinship - short term,Change to/Implementation of Care Plan
666,08/04/2025,02/05/2025,254,,IN,PR0 - Parents or other person with parental responsibility,Placed with Parents,Change to/Implementation of Care Plan
670,25/03/2025,11/04/2025,268,,IN,PR1 - Own provision by LA,Kinship - Unregistered Carer,Change to/Implementation of Care Plan
692,20/10/2023,16/02/2024,790,,IN,PR1 - Own provision by LA,Fostering – short term,Change to/Implementation of Care Plan
699,21/08/2023,04/01/2024,850,,IN,PR0 - Parents or other person with parental responsibility,Placed with Parents,Change to/Implementation of Care Plan
705,19/10/2023,21/10/2024,791,,IN,PR1 - Own provision by LA,Fostering – short term,Change to/Implementation of Care Plan
727,24/07/2023,24/06/2024,878,,IN,PR0 - Parents or other person with parental responsibility,Placed with Parents,Change to/Implementation of Care Plan
735,09/06/2024,19/09/2024,557,,IN,PR1 - Own provision by LA,Fostering – long term,Change to/Implementation of Care Plan
785,24/07/2023,16/11/2023,878,,IN,PR4 - Private Provision,Fostering – short term,Change to/Implementation of Care Plan
796,22/10/2023,04/02/2025,788,,IN,PR4 - Private Provision,Unregistered Placement,Change to/Implementation of Care Plan
813,03/08/2023,04/11/2024,868,,OUT,PR4 - Private Provision,Unregistered Placement,Change to/Implementation of Care Plan
840,24/07/2024,30/09/2024,512,,IN,PR0 - Parents or other person with parental responsibility,Placed with Parents,Change to/Implementation of Care Plan
868,21/08/2023,05/12/2023,850,,IN,PR1 - Own provision by LA,Supported Lodgings Short Term,Change to/Implementation of Care Plan
875,23/07/2025,14/08/2025,148,,IN,PR4 - Private Provision,Fostering – short term,Change to/Implementation of Care Plan
935,13/08/2024,06/05/2025,492,,OUT,PR4 - Private Provision,Semi-independent supported accommodation,Change to/Implementation of Care Plan
937,22/03/2024,15/07/2024,636,,IN,PR0 - Parents or other person with parental responsibility,Placed with Parents,Change to/Implementation of Care Plan
955,24/07/2023,16/11/2023,878,,IN,PR4 - Private Provision,Fostering – short term,Change to/Implementation of Care Plan
957,04/10/2023,24/11/2023,806,,IN,PR4 - Private Provision,Fostering – short term,Change to/Implementation of Care Plan
960,18/03/2024,23/05/2024,640,,IN,PR1 - Own provision by LA,Kinship - short term,Change to/Implementation of Care Plan
985,19/04/2024,23/07/2024,608,,IN,PR1 - Own provision by LA,Kinship - short term,Change to/Implementation of Care Plan
1011,17/07/2024,27/04/2025,519,,IN,PR1 - Own provision by LA,Fostering – short term,Change to/Implementation of Care Plan
1020,22/09/2023,21/11/2023,818,,IN,PR0 - Parents or other person with parental responsibility,Placed with Parents,Change to/Implementation of Care Plan
1090,11/03/2024,15/10/2024,647,,IN,PR1 - Own provision by LA,Kinship - short term,Change to/Implementation of Care Plan
1117,20/12/2024,27/11/2025,363,,IN,PR1 - Own provision by LA,Kinship - short term,Change to/Implementation of Care Plan
1121,27/04/2023,18/05/2023,966,,IN,PR1 - Own provision by LA,Fostering – short term,Change to/Implementation of Care Plan
1125,03/02/2024,29/05/2024,684,,IN,PR1 - Own provision by LA,Kinship - short term,Change to/Implementation of Care Plan
1126,22/12/2023,23/12/2023,727,,IN,PR4 - Private Provision,Fostering – short term,Change to/Implementation of Care Plan
1132,21/08/2023,04/01/2024,850,,IN,PR0 - Parents or other person with parental responsibility,Placed with Parents,Change to/Implementation of Care Plan
1239,09/05/2023,04/09/2023,954,,IN,PR5 - Voluntary/Third Sector Provision,Placed for Adoption (with consent) with former foster carers,Change to/Implementation of Care Plan
1246,11/03/2024,15/10/2024,647,,IN,PR1 - Own provision by LA,Kinship - short term,Change to/Implementation of Care Plan
1271,10/04/2024,20/11/2024,617,,OUT,PR1 - Own provision by LA,Placed for Adoption (with consent) not with former foster carers,Change to/Implementation of Care Plan
1277,02/05/2025,02/07/2025,230,,IN,PR0 - Parents or other person with parental responsibility,Placed with Parents,Change to/Implementation of Care Plan
1278,08/04/2025,02/05/2025,254,,IN,PR0 - Parents or other person with parental responsibility,Placed with Parents,Change to/Implementation of Care Plan
1288,04/03/2024,03/12/2024,654,,OUT,PR1 - Own provision by LA,Placed for Adoption (with consent) not with former foster carers,Change to/Implementation of Care Plan
1300,08/11/2024,29/12/2024,405,,IN,PR4 - Private Provision,Semi-independent supported accommodation,Change to/Implementation of Care Plan
1309,24/10/2024,15/11/2024,420,,IN,PR1 - Own provision by LA,Fostering – short term,Change to/Implementation of Care Plan
1322,22/07/2023,08/07/2025,880,,IN,PR1 - Own provision by LA,Fostering – short term,Change to/Implementation of Care Plan
1325,22/07/2023,07/07/2025,880,,IN,PR1 - Own provision by LA,Fostering – short term,Change to/Implementation of Care Plan
1336,10/01/2024,19/03/2024,708,,OUT,PR1 - Own provision by LA,Fostering – short term,Change to/Implementation of Care Plan
1375,29/11/2023,30/11/2023,750,,IN,PR0 - Parents or other person with parental responsibility,Placed with Parents,Change to/Implementation of Care Plan
1380,16/06/2023,22/01/2024,916,,IN,PR0 - Parents or other person with parental responsibility,Placed with Parents,Change to/Implementation of Care Plan
1384,24/06/2024,08/08/2024,542,,OUT,PR1 - Own provision by LA,Placed for Adoption (with consent) not with former foster carers,Change to/Implementation of Care Plan
1387,22/03/2024,15/07/2024,636,,IN,PR0 - Parents or other person with parental responsibility,Placed with Parents,Change to/Implementation of Care Plan
1389,07/04/2023,15/12/2023,986,,IN,PR1 - Own provision by LA,Kinship - short term,Change to/Implementation of Care Plan
1392,25/05/2024,27/08/2025,572,,OUT,PR0 - Parents or other person with parental responsibility,Placed with Parents,Change to/Implementation of Care Plan
1410,27/05/2025,13/06/2025,205,,IN,PR1 - Own provision by LA,Kinship - short term,Change to/Implementation of Care Plan
1413,04/03/2024,03/12/2024,654,,OUT,PR1 - Own provision by LA,Placed for Adoption (with consent) not with former foster carers,Change to/Implementation of Care Plan
1416,20/03/2024,21/10/2025,638,,IN,PR0 - Parents or other person with parental responsibility,Placed with Parents,Change to/Implementation of Care Plan
1417,30/08/2023,12/02/2024,841,,OUT,PR1 - Own provision by LA,Placed for Adoption (with consent) not with former foster carers,Change to/Implementation of Care Plan
1432,12/02/2024,11/03/2024,675,,IN,PR1 - Own provision by LA,Fostering – long term,Change to/Implementation of Care Plan
1433,12/02/2024,11/03/2024,675,,IN,PR1 - Own provision by LA,Fostering – long term,Change to/Implementation of Care Plan
1468,22/11/2023,03/08/2025,757,,OUT,PR4 - Private Provision,Residential Unit (Children's Home),Change to/Implementation of Care Plan
1493,04/10/2024,24/02/2025,440,,OUT,PR4 - Private Provision,Semi-independent supported accommodation,Change to/Implementation of Care Plan
1495,23/05/2023,26/02/2024,940,,IN,PR4 - Private Provision,Fostering – short term,Change to/Implementation of Care Plan
1496,23/05/2023,26/02/2024,940,,IN,PR4 - Private Provision,Fostering – short term,Change to/Implementation of Care Plan
1498,28/12/2023,15/07/2024,721,,IN,PR4 - Private Provision,Fostering – short term,Change to/Implementation of Care Plan
1499,17/10/2023,28/12/2023,793,,IN,PR4 - Private Provision,Mother And Baby Unit,Change to/Implementation of Care Plan
1502,24/12/2023,29/04/2024,725,,IN,PR0 - Parents or other person with parental responsibility,Placed with Parents,Change to/Implementation of Care Plan
1507,03/10/2024,02/10/2025,441,,OUT,PR2 - Other LA provision,Placed for Adoption (with consent) not with former foster carers,Change to/Implementation of Care Plan
1510,20/12/2024,27/11/2025,363,,IN,PR1 - Own provision by LA,Kinship - short term,Change to/Implementation of Care Plan
1514,25/06/2023,16/11/2023,907,,OUT,PR5 - Voluntary/Third Sector Provision,Placed for Adoption (with consent) with former foster carers,Change to/Implementation of Care Plan
1518,04/10/2023,24/11/2023,806,,IN,PR4 - Private Provision,Fostering – short term,Change to/Implementation of Care Plan
1521,18/03/2024,23/05/2024,640,,IN,PR1 - Own provision by LA,Kinship - short term,Change to/Implementation of Care Plan
1543,27/07/2023,14/11/2023,875,,IN,PR0 - Parents or other person with parental responsibility,Placed with Parents,Change to/Implementation of Care Plan
1553,09/08/2023,04/12/2023,862,,OUT,PR1 - Own provision by LA,Placed for Adoption (with consent) not with former foster carers,Change to/Implementation of Care Plan
1554,21/08/2023,04/01/2024,850,,IN,PR0 - Parents or other person with parental responsibility,Placed with Parents,Change to/Implementation of Care Plan
1556,23/09/2024,10/10/2024,451,,OUT,PR5 - Voluntary/Third Sector Provision,Placed for Adoption (with consent) not with former foster carers,Change to/Implementation of Care Plan
1558,25/03/2024,22/04/2024,633,,IN,PR1 - Own provision by LA,Fostering – short term,Change to/Implementation of Care Plan
1560,22/04/2024,14/02/2025,605,,IN,PR1 - Own provision by LA,Kinship - short term,Change to/Implementation of Care Plan
1586,30/08/2023,12/02/2024,841,,OUT,PR1 - Own provision by LA,Placed for Adoption (with consent) not with former foster carers,Change to/Implementation of Care Plan
1597,10/06/2024,25/02/2025,556,,OUT,PR2 - Other LA provision,Placed for Adoption (with consent) not with former foster carers,Change to/Implementation of Care Plan
1603,17/02/2025,26/02/2025,304,,IN,PR4 - Private Provision,Fostering – short term,Change to/Implementation of Care Plan
1619,27/10/2024,29/01/2025,417,,IN,PR1 - Own provision by LA,Placed for Adoption (with consent) with former foster carers,Change to/Implementation of Care Plan
1620,24/10/2024,27/10/2024,420,,IN,PR1 - Own provision by LA,Placed for Adoption (with consent) with former foster carers,Change to/Implementation of Care Plan
1621,27/10/2024,29/01/2025,417,,IN,PR2 - Other LA provision,Placed for Adoption (with consent) with former foster carers,Change to/Implementation of Care Plan
1637,15/03/2024,08/07/2024,643,,OUT,PR1 - Own provision by LA,Placed for Adoption (with consent) not with former foster carers,Change to/Implementation of Care Plan
1638,28/07/2023,01/08/2023,874,,IN,PR1 - Own provision by LA,Fostering – short term,Change to/Implementation of Care Plan
1639,08/07/2025,09/07/2025,163,,IN,PR1 - Own provision by LA,Fostering – short term,Change to/Implementation of Care Plan
1640,09/07/2025,15/08/2025,162,,IN,PR1 - Own provision by LA,Fostering – short term,Change to/Implementation of Care Plan
1641,31/08/2023,13/09/2023,840,,OUT,PR4 - Private Provision,Fostering – short term,Change to/Implementation of Care Plan
1643,01/08/2023,31/08/2023,870,,OUT,PR4 - Private Provision,Fostering – short term,Change to/Implementation of Care Plan
1652,23/03/2024,28/03/2025,635,,OUT,PR5 - Voluntary/Third Sector Provision,Placed for Adoption (with consent) not with former foster carers,Change to/Implementation of Care Plan
1659,22/01/2024,03/09/2024,696,,OUT,PR2 - Other LA provision,Placed for Adoption (with consent) not with former foster carers,Change to/Implementation of Care Plan
1663,24/07/2023,08/07/2024,878,,OUT,PR1 - Own provision by LA,Placed for Adoption (with consent) not with former foster carers,Change to/Implementation of Care Plan
1664,24/07/2023,08/07/2024,878,,OUT,PR1 - Own provision by LA,Placed for Adoption (with consent) not with former foster carers,Change to/Implementation of Care Plan
1673,01/12/2023,15/12/2023,748,,OUT,PR4 - Private Provision,Fostering – short term,Change to/Implementation of Care Plan
1674,15/12/2023,08/01/2024,734,,IN,PR1 - Own provision by LA,Fostering – short term,Change to/Implementation of Care Plan
1701,07/09/2023,21/03/2024,833,,OUT,PR1 - Own provision by LA,Placed for Adoption (with consent) with former foster carers,Change to/Implementation of Care Plan
1717,15/07/2024,28/01/2025,521,,OUT,PR5 - Voluntary/Third Sector Provision,Placed for Adoption (with consent) with former foster carers,Change to/Implementation of Care Plan
1741,04/11/2024,07/05/2025,409,,IN,PR1 - Own provision by LA,Placed for Adoption (with consent) with former foster carers,Change to/Implementation of Care Plan
1744,26/10/2023,20/11/2023,784,,IN,PR0 - Parents or other person with parental responsibility,Placed with Parents,Change to/Implementation of Care Plan
1752,04/03/2024,27/09/2024,654,,OUT,PR2 - Other LA provision,Placed for Adoption (with consent) not with former foster carers,Change to/Implementation of Care Plan
1757,08/06/2024,03/04/2025,558,,OUT,PR2 - Other LA provision,Placed for Adoption (with consent) not with former foster carers,Change to/Implementation of Care Plan
1758,13/11/2023,15/05/2024,766,,OUT,PR1 - Own provision by LA,Placed for Adoption (with consent) not with former foster carers,Change to/Implementation of Care Plan
1760,17/01/2024,30/05/2024,701,,OUT,PR1 - Own provision by LA,Placed for Adoption (with consent) not with former foster carers,Change to/Implementation of Care Plan
1761,24/07/2023,29/01/2024,878,,IN,PR1 - Own provision by LA,Placed for Adoption (with consent) not with former foster carers,Change to/Implementation of Care Plan
1782,10/01/2025,30/01/2025,342,,IN,PR4 - Private Provision,Fostering – short term,Change to/Implementation of Care Plan
1785,30/01/2025,25/06/2025,322,,IN,PR1 - Own provision by LA,Fostering – short term,Change to/Implementation of Care Plan
1786,30/01/2025,25/06/2025,322,,IN,PR1 - Own provision by LA,Fostering – short term,Change to/Implementation of Care Plan
1789,10/01/2025,30/01/2025,342,,IN,PR4 - Private Provision,Fostering – short term,Change to/Implementation of Care Plan
1790,25/06/2025,21/10/2025,176,,OUT,PR5 - Voluntary/Third Sector Provision,Placed for Adoption (with consent) not with former foster carers,Change to/Implementation of Care Plan
1798,20/04/2023,06/10/2023,973,,OUT,PR1 - Own provision by LA,Placed for Adoption (with consent) not with former foster carers,Change to/Implementation of Care Plan
1807,09/11/2023,14/11/2024,770,,OUT,PR2 - Other LA provision,Placed for Adoption (with consent) not with former foster carers,Change to/Implementation of Care Plan
1828,27/06/2024,12/08/2024,539,,OUT,PR4 - Private Provision,Semi-independent supported accommodation,Change to/Implementation of Care Plan
1836,11/04/2023,06/06/2023,982,,IN,PR4 - Private Provision,Fostering – short term,Change to/Implementation of Care Plan
1837,11/04/2023,31/05/2023,982,,IN,PR4 - Private Provision,Fostering – short term,Change to/Implementation of Care Plan
1848,29/02/2024,21/01/2025,658,,OUT,PR5 - Voluntary/Third Sector Provision,Placed for Adoption (with consent) not with former foster carers,Change to/Implementation of Care Plan
1855,12/02/2025,09/08/2025,309,,OUT,PR4 - Private Provision,Semi-independent supported accommodation,Change to/Implementation of Care Plan
1857,13/08/2024,22/08/2024,492,,IN,PR1 - Own provision by LA,Fostering – short term,Change to/Implementation of Care Plan
1861,11/07/2024,02/10/2024,525,,IN,PR5 - Voluntary/Third Sector Provision,Placed for Adoption (with consent) with former foster carers,Change to/Implementation of Care Plan
1863,27/03/2025,23/10/2025,266,,IN,PR5 - Voluntary/Third Sector Provision,Placed for Adoption (with consent) not with former foster carers,Change to/Implementation of Care Plan
1869,09/05/2023,10/07/2023,954,,IN,PR0 - Parents or other person with parental responsibility,Placed with Parents,Change to/Implementation of Care Plan
1870,09/05/2023,10/07/2023,954,,IN,PR0 - Parents or other person with parental responsibility,Placed with Parents,Change to/Implementation of Care Plan
1876,22/04/2024,14/02/2025,605,,IN,PR1 - Own provision by LA,Kinship - short term,Change to/Implementation of Care Plan
1877,25/03/2024,22/04/2024,633,,IN,PR1 - Own provision by LA,Fostering – short term,Change to/Implementation of Care Plan
1878,01/12/2023,15/12/2023,748,,OUT,PR4 - Private Provision,Fostering – short term,Change to/Implementation of Care Plan
1880,15/12/2023,03/05/2024,734,,IN,PR1 - Own provision by LA,Fostering – short term,Change to/Implementation of Care Plan
1885,20/05/2024,03/04/2025,577,,OUT,PR1 - Own provision by LA,Placed for Adoption (with consent) not with former foster carers,Change to/Implementation of Care Plan
1917,04/03/2024,08/10/2024,654,,OUT,PR1 - Own provision by LA,Placed for Adoption (with consent) not with former foster carers,Change to/Implementation of Care Plan
1921,04/03/2024,27/09/2024,654,,OUT,PR2 - Other LA provision,Placed for Adoption (with consent) not with former foster carers,Change to/Implementation of Care Plan
1926,16/06/2023,13/11/2023,916,,IN,PR1 - Own provision by LA,Fostering – short term,Change to/Implementation of Care Plan
1929,06/08/2024,09/10/2024,499,,IN,PR0 - Parents or other person with parental responsibility,Placed with Parents,Change to/Implementation of Care Plan
1931,30/05/2023,21/11/2025,933,,OUT,PR4 - Private Provision,Residential Unit (Children's Home),Change to/Implementation of Care Plan
1961,01/04/2024,01/04/2025,626,,OUT,PR5 - Voluntary/Third Sector Provision,Placed for Adoption (with consent) not with former foster carers,Change to/Implementation of Care Plan
1969,02/11/2023,26/03/2024,777,,OUT,PR2 - Other LA provision,Placed for Adoption (with consent) not with former foster carers,Change to/Implementation of Care Plan
1973,27/03/2024,02/08/2024,631,,OUT,PR2 - Other LA provision,Placed for Adoption (with consent) not with former foster carers,Change to/Implementation of Care Plan
1987,13/11/2023,05/07/2024,766,,OUT,PR2 - Other LA provision,Placed for Adoption (with consent) not with former foster carers,Change to/Implementation of Care Plan
1990,08/07/2024,14/10/2024,528,,IN,PR0 - Parents or other person with parental responsibility,Placed with Parents,Change to/Implementation of Care Plan
1995,11/06/2024,25/07/2024,555,,IN,PR1 - Own provision by LA,Fostering – short term,Change to/Implementation of Care Plan
2002,29/11/2023,30/04/2024,750,,OUT,PR1 - Own provision by LA,Placed for Adoption (with consent) with former foster carers,Change to/Implementation of Care Plan
2008,25/03/2024,31/03/2025,633,,IN,PR1 - Own provision by LA,Placed for Adoption (with consent) not with former foster carers,Change to/Implementation of Care Plan
2010,13/07/2023,25/03/2024,889,,OUT,PR4 - Private Provision,Fostering – short term,Change to/Implementation of Care Plan
2017,10/11/2023,20/11/2023,769,,IN,PR0 - Parents or other person with parental responsibility,Placed with Parents,Change to/Implementation of Care Plan
2019,15/08/2025,24/11/2025,125,,OUT,PR2 - Other LA provision,Placed for Adoption (with consent) with former foster carers,Change to/Implementation of Care Plan
2034,22/07/2024,31/10/2024,514,,IN,PR4 - Private Provision,Semi-independent supported accommodation,Change to/Implementation of Care Plan
2042,21/09/2024,19/05/2025,453,,OUT,PR5 - Voluntary/Third Sector Provision,Placed for Adoption (placement order) not with former foster carers,Change to/Implementation of Care Plan
2048,12/07/2024,11/12/2024,524,,OUT,PR2 - Other LA provision,Placed for Adoption (with consent) not with former foster carers,Change to/Implementation of Care Plan
2052,22/03/2024,15/07/2024,636,,IN,PR0 - Parents or other person with parental responsibility,Placed with Parents,Change to/Implementation of Care Plan
2063,19/04/2024,23/07/2024,608,,IN,PR1 - Own provision by LA,Kinship - short term,Change to/Implementation of Care Plan
2068,28/03/2025,05/06/2025,265,,OUT,PR4 - Private Provision,Semi-independent supported accommodation,Change to/Implementation of Care Plan
2075,17/01/2024,17/01/2025,701,,OUT,PR2 - Other LA provision,Placed for Adoption (with consent) not with former foster carers,Change to/Implementation of Care Plan
2104,02/03/2025,19/09/2025,291,,OUT,PR2 - Other LA provision,Placed for Adoption (with consent) not with former foster carers,Change to/Implementation of Care Plan
2114,12/08/2024,09/01/2025,493,,OUT,PR2 - Other LA provision,Placed for Adoption (with consent) not with former foster carers,Change to/Implementation of Care Plan
2115,10/10/2023,12/08/2024,800,,OUT,PR4 - Private Provision,Fostering – short term,Change to/Implementation of Care Plan
2130,08/11/2024,12/03/2025,405,,IN,PR1 - Own provision by LA,Placed for Adoption (with consent) not with former foster carers,Change to/Implementation of Care Plan
2146,13/05/2024,21/11/2024,584,,OUT,PR5 - Voluntary/Third Sector Provision,Placed for Adoption (with consent) not with former foster carers,Change to/Implementation of Care Plan
2160,08/08/2024,02/01/2025,497,,OUT,PR2 - Other LA provision,Placed for Adoption (with consent) not with former foster carers,Change to/Implementation of Care Plan
2224,28/06/2024,06/01/2025,538,,OUT,PR2 - Other LA provision,Placed for Adoption (with consent) not with former foster carers,Change to/Implementation of Care Plan
2240,28/07/2023,01/08/2023,874,,OUT,PR1 - Own provision by LA,Fostering – short term,Change to/Implementation of Care Plan
2242,01/08/2023,12/11/2024,870,,OUT,PR4 - Private Provision,Fostering – short term,Change to/Implementation of Care Plan
2245,28/04/2024,20/01/2025,599,,OUT,PR4 - Private Provision,Fostering – short term,Change to/Implementation of Care Plan
2246,20/01/2025,13/06/2025,332,,OUT,PR2 - Other LA provision,Placed for Adoption (with consent) with former foster carers,Change to/Implementation of Care Plan
2250,09/10/2024,20/06/2025,435,,OUT,PR1 - Own provision by LA,Placed for Adoption (with consent) not with former foster carers,Change to/Implementation of Care Plan
2280,18/04/2024,22/11/2024,609,,IN,PR1 - Own provision by LA,"EPP: Fostering for Adoption, placed with approved adopter",Change to/Implementation of Care Plan
2281,22/11/2024,10/04/2025,391,,IN,PR5 - Voluntary/Third Sector Provision,Placed for Adoption (with consent) with former foster carers,Change to/Implementation of Care Plan
2283,29/11/2023,08/12/2023,750,,IN,PR0 - Parents or other person with parental responsibility,Placed with Parents,Change to/Implementation of Care Plan
2299,20/02/2025,17/09/2025,301,,OUT,PR2 - Other LA provision,Placed for Adoption (with consent) not with former foster carers,Change to/Implementation of Care Plan
2307,27/03/2025,23/10/2025,266,,IN,PR5 - Voluntary/Third Sector Provision,Placed for Adoption (with consent) not with former foster carers,Change to/Implementation of Care Plan
2328,13/09/2024,23/11/2025,461,,IN,PR1 - Own provision by LA,Fostering – short term,Change to/Implementation of Care Plan
2329,15/11/2024,24/03/2025,398,,IN,PR4 - Private Provision,Semi-independent supported accommodation,Change to/Implementation of Care Plan
2349,14/11/2024,04/04/2025,399,,IN,PR4 - Private Provision,Semi-independent supported accommodation,Change to/Implementation of Care Plan
2351,10/02/2025,06/06/2025,311,,OUT,PR5 - Voluntary/Third Sector Provision,Placed for Adoption (with consent) with former foster carers,Change to/Implementation of Care Plan
2359,10/11/2023,24/11/2023,769,,IN,PR1 - Own provision by LA,Kinship - short term,Change to/Implementation of Care Plan
2406,10/02/2025,08/07/2025,311,,IN,PR2 - Other LA provision,Placed for Adoption (with consent) not with former foster carers,Change to/Implementation of Care Plan
2417,28/07/2025,03/08/2025,143,,IN,PR1 - Own provision by LA,Kinship - short term,Change to/Implementation of Care Plan
2418,03/08/2025,11/08/2025,137,,OUT,PR1 - Own provision by LA,Kinship - Unregistered Carer,Change to/Implementation of Care Plan
2423,03/08/2025,11/08/2025,137,,OUT,PR1 - Own provision by LA,Kinship - Unregistered Carer,Change to/Implementation of Care Plan
2424,28/07/2025,03/08/2025,143,,IN,PR1 - Own provision by LA,Kinship - short term,Change to/Implementation of Care Plan
2429,02/09/2024,25/09/2025,472,,IN,PR1 - Own provision by LA,Fostering – short term,Change to/Implementation of Care Plan
2430,19/12/2024,30/01/2025,364,,OUT,PR0 - Parents or other person with parental responsibility,Placed with Parents,Change to/Implementation of Care Plan
2433,04/04/2024,30/01/2025,623,,OUT,PR0 - Parents or other person with parental responsibility,Placed with Parents,Change to/Implementation of Care Plan
2434,19/03/2025,01/12/2025,274,,OUT,PR5 - Voluntary/Third Sector Provision,Placed for Adoption (with consent) with former foster carers,Change to/Implementation of Care Plan
2445,16/09/2024,26/11/2024,458,,IN,PR1 - Own provision by LA,Kinship - short term,Change to/Implementation of Care Plan
2448,02/01/2025,25/03/2025,350,,OUT,PR4 - Private Provision,Mother And Baby Unit,Change to/Implementation of Care Plan
2473,31/03/2025,03/10/2025,262,,OUT,PR5 - Voluntary/Third Sector Provision,Placed for Adoption (with consent) with former foster carers,Change to/Implementation of Care Plan
2478,23/10/2024,11/06/2025,421,,IN,PR4 - Private Provision,Semi-independent supported accommodation,Change to/Implementation of Care Plan
2487,18/06/2024,17/03/2025,548,,OUT,PR1 - Own provision by LA,"EPP: Fostering for Adoption, placed with approved adopter",Change to/Implementation of Care Plan
2493,30/04/2024,25/07/2024,597,,IN,PR1 - Own provision by LA,Kinship - short term,Change to/Implementation of Care Plan
2495,07/08/2024,29/11/2024,498,,OUT,PR4 - Private Provision,Mother And Baby Unit,Change to/Implementation of Care Plan
2498,25/04/2024,14/05/2025,602,,OUT,PR1 - Own provision by LA,Fostering – short term,Change to/Implementation of Care Plan
2500,30/10/2024,14/04/2025,414,,OUT,PR2 - Other LA provision,"EPP: Fostering for Adoption, placed with approved adopter",Change to/Implementation of Care Plan
2512,24/10/2024,11/11/2024,420,,IN,PR1 - Own provision by LA,Fostering – short term,Change to/Implementation of Care Plan
2517,19/03/2025,20/11/2025,274,,OUT,PR5 - Voluntary/Third Sector Provision,Placed for Adoption (with consent) with former foster carers,Change to/Implementation of Care Plan
2523,25/11/2024,07/10/2025,388,,IN,PR4 - Private Provision,Semi-independent supported accommodation,Change to/Implementation of Care Plan
2536,27/02/2025,28/02/2025,294,,IN,PR1 - Own provision by LA,Fostering – short term,Change to/Implementation of Care Plan
2553,30/08/2024,19/10/2025,475,,IN,PR4 - Private Provision,Semi-independent supported accommodation,Change to/Implementation of Care Plan
2559,10/09/2024,05/03/2025,464,,IN,PR1 - Own provision by LA,Fostering – short term,Change to/Implementation of Care Plan
2586,24/09/2024,24/10/2024,450,,OUT,PR1 - Own provision by LA,Kinship - short term,Change to/Implementation of Care Plan
2595,28/11/2024,27/02/2025,385,,OUT,PR3 - Other public provision,Young Offenders Institution/Prison,Change to/Implementation of Care Plan
2596,07/10/2024,28/11/2024,437,,OUT,PR4 - Private Provision,Semi-independent supported accommodation,Change to/Implementation of Care Plan
2600,18/10/2024,09/12/2024,426,,IN,PR1 - Own provision by LA,Fostering – short term,Change to/Implementation of Care Plan
2602,10/10/2024,18/10/2024,434,,IN,PR3 - Other public provision,NHS/Other Hospital,Change to/Implementation of Care Plan
2617,10/07/2025,06/08/2025,161,,OUT,PR3 - Other public provision,NHS/Other Hospital,Change to/Implementation of Care Plan
2633,19/03/2025,11/07/2025,274,,IN,PR0 - Parents or other person with parental responsibility,Placed with Parents,Change to/Implementation of Care Plan
2638,28/04/2025,04/12/2025,234,,OUT,PR2 - Other LA provision,NHS/Other Hospital,Change to/Implementation of Care Plan
3,11/03/2024,21/03/2024,647,0,IN,PR0 - Parents or other person with parental responsibility,Placed with Parents,Child requests placement end
17,17/04/2024,10/05/2024,610,0,IN,PR0 - Parents or other person with parental responsibility,Placed with Parents,Child requests placement end
313,01/05/2024,24/09/2024,596,0,OUT,PR4 - Private Provision,Semi-independent supported accommodation,Child requests placement end
323,19/06/2023,17/11/2023,913,0,IN,PR1 - Own provision by LA,Kinship - short term,Child requests placement end
442,12/06/2024,01/07/2024,554,0,IN,PR0 - Parents or other person with parental responsibility,Placed with Parents,Child requests placement end
1379,06/12/2024,06/05/2025,377,0,OUT,PR0 - Parents or other person with parental responsibility,Placed with Parents,Child requests placement end
1681,24/04/2023,09/04/2024,969,0,IN,PR0 - Parents or other person with parental responsibility,Placed with Parents,Child requests placement end
1811,13/06/2024,25/06/2024,553,0,IN,PR4 - Private Provision,Semi-independent supported accommodation,Child requests placement end
2082,20/06/2023,18/12/2024,912,0,OUT,PR4 - Private Provision,Semi-independent supported accommodation,Child requests placement end
2565,27/01/2025,15/07/2025,325,0,OUT,PR4 - Private Provision,Semi-independent supported accommodation,Child requests placement end
276,12/11/2024,19/09/2025,401,1.2,IN,PR0 - Parents or other person with parental responsibility,Placed with Parents,Child requests placement end
138,06/07/2023,24/10/2024,896,2,IN,PR4 - Private Provision,Semi-independent supported accommodation,Child requests placement end
344,08/07/2025,26/09/2025,163,2,IN,PR4 - Private Provision,Semi-independent supported accommodation,Child requests placement end
44,21/06/2023,20/05/2024,911,2.8,IN,PR4 - Private Provision,Semi-independent supported accommodation,Child requests placement end
149,20/11/2023,26/09/2024,759,3,IN,PR4 - Private Provision,Semi-independent supported accommodation,Child requests placement end
677,06/11/2023,09/07/2024,773,3,OUT,PR4 - Private Provision,Semi-independent supported accommodation,Child requests placement end
678,09/07/2024,21/05/2025,527,3,OUT,PR0 - Parents or other person with parental responsibility,Placed with Parents,Child requests placement end
772,11/10/2024,24/06/2025,433,3.8,OUT,PR4 - Private Provision,Fostering – short term,Child requests placement end
26,10/05/2023,30/12/2023,953,4,IN,PR4 - Private Provision,Semi-independent supported accommodation,Child requests placement end
132,31/08/2023,14/11/2024,840,4,IN,PR4 - Private Provision,Residential Unit (Children's Home),Child requests placement end
133,14/11/2024,12/09/2025,399,4,IN,PR4 - Private Provision,Semi-independent supported accommodation,Child requests placement end
134,12/09/2025,14/09/2025,97,4,IN,PR4 - Private Provision,Semi-independent supported accommodation,Child requests placement end
307,24/09/2024,31/03/2025,450,4,IN,PR4 - Private Provision,Semi-independent supported accommodation,Child requests placement end
454,01/06/2023,04/12/2023,931,4,IN,PR5 - Voluntary/Third Sector Provision,Semi-independent supported accommodation,Child requests placement end
28,03/04/2023,10/07/2023,990,5,IN,PR4 - Private Provision,Semi-independent supported accommodation,Child requests placement end
42,15/04/2023,14/05/2024,978,5,IN,PR1 - Own provision by LA,Kinship - short term,Child requests placement end
50,24/08/2023,16/05/2024,847,5,IN,PR4 - Private Provision,Semi-independent supported accommodation,Child requests placement end
68,04/12/2023,10/12/2024,745,5,IN,PR4 - Private Provision,Semi-independent supported accommodation,Child requests placement end
186,08/10/2024,08/08/2025,436,5,IN,PR4 - Private Provision,Semi-independent supported accommodation,Child requests placement end
225,08/10/2024,18/10/2024,436,5,IN,PR1 - Own provision by LA,Fostering – short term,Child requests placement end
434,03/04/2023,01/11/2023,990,5,OUT,PR4 - Private Provision,Semi-independent supported accommodation,Child requests placement end
745,20/02/2024,06/02/2025,667,5,IN,PR4 - Private Provision,Fostering – short term,Child requests placement end
871,01/08/2024,09/01/2025,504,5,IN,PR0 - Parents or other person with parental responsibility,Placed with Parents,Child requests placement end
1397,11/04/2023,04/04/2024,982,5,IN,PR4 - Private Provision,Residential Unit (Children's Home),Child requests placement end
1826,25/08/2023,02/04/2024,846,5,IN,PR4 - Private Provision,Semi-independent supported accommodation,Child requests placement end
2540,26/02/2025,17/08/2025,295,5,IN,PR1 - Own provision by LA,"EPP: Fostering for Adoption, placed with approved adopter",Child requests placement end
168,17/07/2025,18/07/2025,154,6,IN,PR1 - Own provision by LA,Fostering – short term,Child requests placement end
236,26/12/2024,23/01/2025,357,6,OUT,PR4 - Private Provision,Semi-independent supported accommodation,Child requests placement end
337,16/12/2024,03/10/2025,367,6,IN,PR2 - Other LA provision,Semi-independent supported accommodation,Child requests placement end
1952,01/04/2025,10/06/2025,261,6,IN,PR1 - Own provision by LA,Fostering – short term,Child requests placement end
35,07/01/2024,21/07/2024,711,10,IN,PR4 - Private Provision,Semi-independent supported accommodation,Child requests placement end
58,27/07/2023,20/05/2024,875,10,IN,PR1 - Own provision by LA,Kinship - short term,Child requests placement end
109,18/01/2024,04/04/2025,700,10,IN,PR4 - Private Provision,Semi-independent supported accommodation,Child requests placement end
1024,06/04/2023,14/11/2023,987,10,IN,PR4 - Private Provision,Semi-independent supported accommodation,Child requests placement end
547,27/11/2025,05/12/2025,21,11,IN,PR1 - Own provision by LA,Fostering – short term,Child requests placement end
1185,27/12/2023,29/11/2024,722,12,IN,PR4 - Private Provision,Fostering – short term,Child requests placement end
36,02/05/2023,03/05/2023,961,13,OUT,PR4 - Private Provision,Kinship - short term,Child requests placement end
2343,14/11/2023,01/01/2024,765,13,OUT,PR1 - Own provision by LA,Kinship - short term,Child requests placement end
609,08/08/2023,06/08/2025,863,15,OUT,PR4 - Private Provision,Residential Unit (Children's Home),Child requests placement end
82,19/10/2023,19/11/2023,791,20,IN,PR4 - Private Provision,Semi-independent supported accommodation,Child requests placement end
83,03/07/2023,19/10/2023,899,20,OUT,PR5 - Voluntary/Third Sector Provision,Semi-independent supported accommodation,Child requests placement end
335,31/10/2024,16/12/2024,413,20,IN,PR4 - Private Provision,Semi-independent supported accommodation,Child requests placement end
336,04/10/2024,31/10/2024,440,20,OUT,PR4 - Private Provision,Semi-independent supported accommodation,Child requests placement end
1398,21/08/2024,06/09/2024,484,35,OUT,PR4 - Private Provision,Unregistered Placement,Child requests placement end
381,09/08/2023,25/08/2023,862,44,OUT,PR4 - Private Provision,Semi-independent supported accommodation,Child requests placement end
1137,12/09/2025,17/09/2025,97,44.5,IN,PR4 - Private Provision,Fostering – short term,Child requests placement end
1316,28/07/2023,19/07/2024,874,80,IN,PR4 - Private Provision,Semi-independent supported accommodation,Child requests placement end
948,09/07/2024,06/08/2024,527,81,OUT,PR1 - Own provision by LA,Fostering – long term,Child requests placement end
271,08/03/2024,01/05/2024,650,85,IN,PR4 - Private Provision,Unregistered Placement,Child requests placement end
410,29/11/2024,28/05/2025,384,85,OUT,PR4 - Private Provision,Fostering – short term,Child requests placement end
2061,25/10/2024,06/10/2025,419,99,OUT,PR4 - Private Provision,Semi-independent supported accommodation,Child requests placement end
2186,05/09/2023,25/08/2024,835,100,OUT,PR4 - Private Provision,Semi-independent supported accommodation,Child requests placement end
562,26/07/2024,21/08/2024,510,120,OUT,PR4 - Private Provision,Unregistered Placement,Child requests placement end
1932,18/01/2024,25/04/2024,700,200,OUT,PR4 - Private Provision,Semi-independent supported accommodation,Child requests placement end
1817,10/01/2024,21/08/2025,708,210,OUT,PR1 - Own provision by LA,Kinship - Unregistered Carer,Child requests placement end
1883,26/05/2023,20/11/2023,937,300,OUT,PR4 - Private Provision,Fostering – short term,Child requests placement end
2183,31/07/2023,07/09/2023,871,3000,OUT,PR4 - Private Provision,Residential Unit (Children's Home),Child requests placement end
12,16/06/2023,04/08/2023,916,,IN,PR4 - Private Provision,Semi-independent supported accommodation,Child requests placement end
19,16/06/2023,28/09/2023,916,,OUT,PR4 - Private Provision,Semi-independent supported accommodation,Child requests placement end
86,04/11/2024,02/02/2025,409,,IN,PR0 - Parents or other person with parental responsibility,Placed with Parents,Child requests placement end
113,02/12/2024,30/08/2025,381,,IN,PR0 - Parents or other person with parental responsibility,Placed with Parents,Child requests placement end
114,19/11/2024,02/12/2024,394,,OUT,PR4 - Private Provision,Residential Unit (Children's Home),Child requests placement end
140,11/03/2024,21/03/2025,647,,IN,PR4 - Private Provision,Residential Unit (Children's Home),Child requests placement end
251,02/12/2024,24/04/2025,381,,OUT,PR0 - Parents or other person with parental responsibility,Placed with Parents,Child requests placement end
287,09/10/2025,15/11/2025,70,,IN,PR4 - Private Provision,Semi-independent supported accommodation,Child requests placement end
288,06/10/2023,09/10/2025,804,,IN,PR1 - Own provision by LA,Kinship - short term,Child requests placement end
316,28/06/2023,22/11/2024,904,,IN,PR1 - Own provision by LA,Kinship - short term,Child requests placement end
330,23/10/2024,06/03/2025,421,,IN,PR4 - Private Provision,Semi-independent supported accommodation,Child requests placement end
331,26/07/2023,03/11/2023,876,,IN,PR4 - Private Provision,Semi-independent supported accommodation,Child requests placement end
375,11/08/2025,21/08/2025,129,,IN,PR1 - Own provision by LA,Residential Unit (Children's Home),Child requests placement end
378,20/12/2024,13/02/2025,363,,IN,PR0 - Parents or other person with parental responsibility,Placed with Parents,Child requests placement end
415,26/10/2023,16/09/2024,784,,OUT,PR4 - Private Provision,Semi-independent supported accommodation,Child requests placement end
435,01/11/2023,04/10/2024,778,,OUT,PR4 - Private Provision,Semi-independent supported accommodation,Child requests placement end
690,16/02/2024,13/09/2024,671,,IN,PR1 - Own provision by LA,Fostering – short term,Child requests placement end
798,25/03/2025,14/07/2025,268,,OUT,PR4 - Private Provision,Semi-independent supported accommodation,Child requests placement end
880,14/02/2025,27/02/2025,307,,OUT,PR4 - Private Provision,Fostering – short term,Child requests placement end
971,30/05/2023,09/05/2024,933,,IN,PR1 - Own provision by LA,Kinship - short term,Child requests placement end
1055,17/05/2024,31/07/2024,580,,IN,PR4 - Private Provision,Semi-independent supported accommodation,Child requests placement end
1100,18/10/2024,12/02/2025,426,,IN,PR4 - Private Provision,Semi-independent supported accommodation,Child requests placement end
1256,12/03/2025,22/08/2025,281,,OUT,PR1 - Own provision by LA,Fostering – long term,Child requests placement end
1396,04/04/2024,02/05/2024,623,,OUT,PR4 - Private Provision,Residential Unit (Children's Home),Child requests placement end
1970,12/03/2025,22/08/2025,281,,OUT,PR1 - Own provision by LA,Fostering – long term,Child requests placement end
2228,09/06/2025,14/09/2025,192,,IN,PR1 - Own provision by LA,Kinship - short term,Child requests placement end
2321,09/05/2025,22/05/2025,223,,IN,PR4 - Private Provision,Fostering – short term,Child requests placement end
554,19/07/2023,27/08/2024,883,0,IN,PR1 - Own provision by LA,Kinship - short term,Other
557,19/07/2023,27/11/2024,883,0,IN,PR1 - Own provision by LA,Kinship - short term,Other
1233,26/04/2023,05/06/2023,967,0,OUT,PR4 - Private Provision,Mother And Baby Unit,Other
1460,10/10/2023,13/10/2023,800,0,IN,PR1 - Own provision by LA,Fostering – short term,Other
1625,20/06/2023,10/07/2023,912,0,OUT,PR0 - Parents or other person with parental responsibility,Placed with Parents,Other
1845,01/02/2024,19/07/2024,686,0,IN,PR5 - Voluntary/Third Sector Provision,Placed for Adoption (with consent) not with former foster carers,Other
1938,31/08/2023,24/11/2023,840,0,IN,PR0 - Parents or other person with parental responsibility,Placed with Parents,Other
449,18/01/2024,23/03/2024,700,2,IN,PR4 - Private Provision,Semi-independent supported accommodation,Other
869,15/05/2023,08/11/2023,948,2,IN,PR4 - Private Provision,Fostering – short term,Other
1350,21/11/2023,23/11/2023,758,2,IN,PR1 - Own provision by LA,Fostering – short term,Other
2260,28/06/2023,30/06/2023,904,2,IN,PR1 - Own provision by LA,Kinship - short term,Other
95,07/03/2024,24/03/2024,651,3,IN,PR4 - Private Provision,Semi-independent supported accommodation,Other
1602,16/10/2023,23/11/2023,794,4,IN,PR1 - Own provision by LA,Kinship - short term,Other
2380,29/11/2023,02/02/2024,750,4.3,IN,PR1 - Own provision by LA,Fostering – short term,Other
398,02/05/2023,12/04/2024,961,5,IN,PR1 - Own provision by LA,Fostering – long term,Other
652,24/05/2023,21/02/2025,939,5,OUT,PR1 - Own provision by LA,Kinship - short term,Other
1031,15/05/2023,24/05/2023,948,5,IN,PR1 - Own provision by LA,Fostering – short term,Other
1459,01/03/2024,04/03/2024,657,5,IN,PR1 - Own provision by LA,Fostering – short term,Other
1726,19/01/2024,19/07/2024,699,5,IN,PR4 - Private Provision,Fostering – short term,Other
1866,07/12/2023,20/07/2024,742,5,IN,PR1 - Own provision by LA,Fostering – short term,Other
2210,17/07/2023,29/05/2024,885,5,IN,PR1 - Own provision by LA,Fostering – short term,Other
51,07/06/2023,10/01/2025,925,6,IN,PR4 - Private Provision,Residential Unit (Children's Home),Other
2086,26/05/2023,07/05/2024,937,6,IN,PR4 - Private Provision,Fostering – short term,Other
453,14/04/2023,19/12/2024,979,6.6,IN,PR0 - Parents or other person with parental responsibility,Placed with Parents,Other
1769,25/05/2023,27/05/2023,938,7,IN,PR1 - Own provision by LA,Fostering – short term,Other
1033,24/05/2023,23/06/2025,939,8,IN,PR1 - Own provision by LA,Fostering – short term,Other
1702,10/08/2023,07/09/2023,861,8,OUT,PR1 - Own provision by LA,"EPP: Fostering for Adoption, placed with approved adopter",Other
1860,10/08/2023,07/09/2023,861,8,OUT,PR1 - Own provision by LA,"EPP: Fostering for Adoption, placed with approved adopter",Other
1061,13/11/2023,28/03/2024,766,9,IN,PR0 - Parents or other person with parental responsibility,Placed with Parents,Other
1530,29/06/2023,30/06/2023,903,9,IN,PR1 - Own provision by LA,Fostering – short term,Other
1531,30/06/2023,01/07/2023,902,9,OUT,PR4 - Private Provision,Fostering – short term,Other
14,22/09/2023,12/12/2023,818,10,IN,PR4 - Private Provision,Semi-independent supported accommodation,Other
241,22/01/2024,01/11/2024,696,10,OUT,PR4 - Private Provision,Residential Unit (Children's Home),Other
242,24/11/2023,22/01/2024,755,10,OUT,PR4 - Private Provision,Residential Unit (Children's Home),Other
277,26/06/2023,07/12/2024,906,10,IN,PR4 - Private Provision,Residential Unit (Children's Home),Other
397,04/04/2023,02/05/2023,989,10,IN,PR1 - Own provision by LA,Fostering – short term,Other
942,01/08/2023,09/08/2024,870,10,IN,PR1 - Own provision by LA,Fostering – short term,Other
1723,19/01/2024,25/09/2025,699,10,IN,PR2 - Other LA provision,Fostering – short term,Other
1871,19/10/2023,10/11/2023,791,10,IN,PR4 - Private Provision,Semi-independent supported accommodation,Other
1913,04/04/2023,02/04/2024,989,10,OUT,PR4 - Private Provision,Fostering – short term,Other
1947,22/02/2024,28/08/2025,665,10,IN,PR1 - Own provision by LA,Fostering – short term,Other
2122,31/07/2023,14/08/2023,871,10,IN,PR0 - Parents or other person with parental responsibility,Placed with Parents,Other
2123,01/06/2023,31/07/2023,931,10,OUT,PR4 - Private Provision,Fostering – short term,Other
2124,03/04/2023,12/05/2023,990,10,IN,PR1 - Own provision by LA,Kinship - short term,Other
2125,12/05/2023,01/06/2023,951,10,OUT,PR4 - Private Provision,Mother And Baby Unit,Other
1106,13/02/2024,09/05/2024,674,10.4,IN,PR4 - Private Provision,Semi-independent supported accommodation,Other
500,01/12/2023,02/02/2025,748,11,IN,PR4 - Private Provision,Semi-independent supported accommodation,Other
1918,22/12/2023,16/01/2024,727,11,IN,PR0 - Parents or other person with parental responsibility,Placed with Parents,Other
137,30/05/2023,24/12/2024,933,12,OUT,PR4 - Private Provision,Residential Unit (Children's Home),Other
1267,10/08/2023,26/06/2024,861,12,OUT,PR1 - Own provision by LA,Placed for Adoption (with consent) not with former foster carers,Other
1268,10/08/2023,26/06/2024,861,12,OUT,PR1 - Own provision by LA,Placed for Adoption (with consent) not with former foster carers,Other
198,14/11/2023,29/03/2025,765,13,OUT,PR4 - Private Provision,Semi-independent supported accommodation,Other
1007,10/07/2023,14/12/2023,892,13,IN,PR4 - Private Provision,Fostering – short term,Other
1014,11/07/2023,14/12/2023,891,13,IN,PR4 - Private Provision,Fostering – short term,Other
1332,10/07/2023,14/12/2023,892,13,IN,PR4 - Private Provision,Fostering – short term,Other
1895,15/11/2023,18/07/2024,764,13,OUT,PR1 - Own provision by LA,Placed for Adoption (with consent) not with former foster carers,Other
730,22/05/2023,01/08/2023,941,14.2,OUT,PR4 - Private Provision,Semi-independent supported accommodation,Other
731,21/12/2023,25/11/2025,728,14.2,OUT,PR4 - Private Provision,Residential Unit (Children's Home),Other
530,19/05/2023,12/06/2023,944,15,OUT,PR4 - Private Provision,Semi-independent supported accommodation,Other
1351,23/11/2023,02/11/2025,756,15,OUT,PR4 - Private Provision,Fostering – short term,Other
2132,02/10/2023,08/11/2024,808,15,OUT,PR1 - Own provision by LA,Fostering – short term,Other
2381,23/11/2023,14/11/2025,756,15,OUT,PR4 - Private Provision,Fostering – short term,Other
580,23/06/2023,09/09/2024,909,17,OUT,PR4 - Private Provision,Fostering – short term,Other
645,13/06/2023,14/01/2025,919,17,OUT,PR4 - Private Provision,Fostering – short term,Other
1746,21/05/2023,25/05/2023,942,19,IN,PR1 - Own provision by LA,Fostering – short term,Other
1107,19/05/2023,11/12/2023,944,20,OUT,PR0 - Parents or other person with parental responsibility,Placed with Parents,Other
1108,19/05/2023,11/12/2023,944,20,IN,PR0 - Parents or other person with parental responsibility,Placed with Parents,Other
1447,26/05/2023,11/08/2023,937,20,IN,PR4 - Private Provision,Fostering – short term,Other
2145,28/07/2023,13/05/2024,874,20,OUT,PR4 - Private Provision,Fostering – short term,Other
2032,24/07/2023,12/02/2024,878,30,IN,PR0 - Parents or other person with parental responsibility,Placed with Parents,Other
382,25/08/2023,31/08/2023,846,37,OUT,PR4 - Private Provision,Semi-independent supported accommodation,Other
384,31/08/2023,07/09/2023,840,37,OUT,PR4 - Private Provision,Semi-independent supported accommodation,Other
1532,01/07/2023,19/04/2025,901,38,OUT,PR4 - Private Provision,Fostering – short term,Other
1818,17/10/2023,20/12/2023,793,42,OUT,PR4 - Private Provision,Fostering – short term,Other
383,07/09/2023,24/05/2024,833,52,OUT,PR4 - Private Provision,Residential Unit (Children's Home),Other
2230,19/12/2023,05/04/2024,730,55,OUT,PR4 - Private Provision,Mother And Baby Unit,Other
478,29/08/2023,29/10/2023,842,62,OUT,PR4 - Private Provision,Semi-independent supported accommodation,Other
480,22/06/2023,27/07/2023,910,62,OUT,PR4 - Private Provision,Semi-independent supported accommodation,Other
18,11/04/2023,16/06/2023,982,82,OUT,PR4 - Private Provision,Semi-independent supported accommodation,Other
741,17/07/2023,23/01/2024,885,84,OUT,PR1 - Own provision by LA,Kinship - long term,Other
742,17/07/2023,23/01/2024,885,84,IN,PR1 - Own provision by LA,Kinship - long term,Other
1082,12/09/2023,31/01/2024,828,87,OUT,PR4 - Private Provision,Residential Unit (Children's Home),Other
624,29/06/2023,19/04/2025,903,140,OUT,PR4 - Private Provision,Residential Unit (Children's Home),Other
743,26/05/2023,23/08/2023,937,140,OUT,PR4 - Private Provision,Residential Unit (Children's Home),Other
679,17/08/2023,02/09/2024,854,200,OUT,PR4 - Private Provision,Semi-independent supported accommodation,Other
270,05/05/2023,23/06/2023,958,232,OUT,PR4 - Private Provision,Residential Unit (Children's Home),Other
2312,06/09/2023,15/06/2025,834,3276,IN,PR4 - Private Provision,Semi-independent supported accommodation,Other
2181,05/02/2024,21/08/2025,682,,OUT,PR4 - Private Provision,Semi-independent supported accommodation,Other
2384,29/11/2023,02/02/2024,750,4.3,IN,PR1 - Own provision by LA,Fostering – short term,Other
90,19/09/2023,31/01/2024,821,,OUT,PR4 - Private Provision,Semi-independent supported accommodation,Other
13,04/08/2023,29/08/2023,867,,IN,PR4 - Private Provision,Semi-independent supported accommodation,Other
130,11/10/2023,25/09/2025,799,,IN,PR4 - Private Provision,Unregistered Placement,Other
131,03/04/2023,11/10/2023,990,,OUT,PR4 - Private Provision,Residential Unit (Children's Home),Other
144,22/05/2023,26/05/2023,941,,IN,PR1 - Own provision by LA,Fostering – short term,Other
254,04/09/2023,11/09/2023,836,,IN,PR1 - Own provision by LA,Kinship - short term,Other
305,28/04/2023,09/05/2023,965,,IN,PR1 - Own provision by LA,Fostering – short term,Other
319,06/04/2023,20/04/2023,987,,IN,PR4 - Private Provision,Semi-independent supported accommodation,Other
457,08/01/2024,23/02/2024,710,,OUT,PR1 - Own provision by LA,Fostering – short term,Other
488,27/05/2023,06/03/2024,936,,IN,PR1 - Own provision by LA,Kinship - short term,Other
502,08/12/2023,11/06/2024,741,,IN,PR4 - Private Provision,Semi-independent supported accommodation,Other
503,12/06/2023,08/12/2023,920,,OUT,PR4 - Private Provision,Semi-independent supported accommodation,Other
598,24/11/2023,06/02/2024,755,,IN,PR1 - Own provision by LA,Kinship - short term,Other
842,03/11/2023,06/12/2023,776,,OUT,PR1 - Own provision by LA,Kinship - short term,Other
959,24/11/2023,06/02/2024,755,,IN,PR1 - Own provision by LA,Kinship - short term,Other
966,14/08/2023,08/02/2024,857,,IN,PR1 - Own provision by LA,Kinship - short term,Other
1091,03/11/2023,04/03/2024,776,,OUT,PR1 - Own provision by LA,Kinship - short term,Other
1110,21/09/2023,24/03/2024,819,,OUT,PR5 - Voluntary/Third Sector Provision,Semi-independent supported accommodation,Other
1124,14/08/2023,08/02/2024,857,,IN,PR1 - Own provision by LA,Kinship - short term,Other
1130,05/06/2023,03/05/2024,927,,OUT,PR4 - Private Provision,Fostering – short term,Other
1234,26/04/2023,05/06/2023,967,,OUT,PR4 - Private Provision,Mother And Baby Unit,Other
1248,03/11/2023,04/03/2024,776,,OUT,PR1 - Own provision by LA,Kinship - short term,Other
1492,26/06/2023,26/06/2024,906,,OUT,PR5 - Voluntary/Third Sector Provision,Placed for Adoption (with consent) not with former foster carers,Other
1519,24/11/2023,06/02/2024,755,,IN,PR1 - Own provision by LA,Kinship - short term,Other
1523,17/05/2023,10/07/2023,946,,IN,PR1 - Own provision by LA,Fostering – short term,Other
1541,25/05/2023,07/08/2024,938,,OUT,PR4 - Private Provision,Residential Unit (Children's Home),Other
1645,26/06/2023,26/06/2024,906,,OUT,PR5 - Voluntary/Third Sector Provision,Placed for Adoption (with consent) not with former foster carers,Other
1667,10/04/2023,11/12/2023,983,,OUT,PR1 - Own provision by LA,Placed for Adoption (with consent) not with former foster carers,Other
1696,16/10/2023,17/04/2024,794,,OUT,PR5 - Voluntary/Third Sector Provision,Placed for Adoption (with consent) not with former foster carers,Other
1763,14/12/2023,08/03/2024,735,,OUT,PR4 - Private Provision,Fostering – short term,Other
1791,02/01/2024,11/11/2024,716,,OUT,PR2 - Other LA provision,Placed for Adoption (with consent) not with former foster carers,Other
1801,06/03/2024,11/01/2025,652,,IN,PR1 - Own provision by LA,Fostering – short term,Other
1825,28/04/2023,02/11/2023,965,,IN,PR1 - Own provision by LA,Placed for Adoption (with consent) not with former foster carers,Other
1868,18/08/2023,26/06/2025,853,,IN,PR0 - Parents or other person with parental responsibility,Placed with Parents,Other
1924,13/11/2023,22/01/2024,766,,IN,PR1 - Own provision by LA,Kinship - short term,Other
1967,04/03/2024,19/11/2024,654,,OUT,PR2 - Other LA provision,Placed for Adoption (with consent) with former foster carers,Other
1985,06/03/2024,24/03/2025,652,,IN,PR1 - Own provision by LA,Fostering – short term,Other
1986,06/02/2024,06/03/2024,681,,IN,PR4 - Private Provision,Fostering – short term,Other
2054,02/01/2024,11/11/2024,716,,OUT,PR2 - Other LA provision,Placed for Adoption (with consent) not with former foster carers,Other
2081,15/01/2024,01/05/2024,703,,OUT,PR4 - Private Provision,Semi-independent supported accommodation,Other
2106,06/03/2024,11/01/2025,652,,IN,PR1 - Own provision by LA,Fostering – short term,Other
2109,06/03/2024,11/01/2025,652,,IN,PR1 - Own provision by LA,Fostering – short term,Other
2166,05/06/2023,10/10/2025,927,,OUT,PR4 - Private Provision,Fostering – short term,Other
2388,09/01/2024,29/07/2025,709,,IN,PR4 - Private Provision,Semi-independent supported accommodation,Other
2302,28/03/2024,06/05/2024,630,0,OUT,PR4 - Private Provision,Fostering – short term,Resignation/closure of provision
22,25/05/2023,29/02/2024,938,3,IN,PR5 - Voluntary/Third Sector Provision,Semi-independent supported accommodation,Resignation/closure of provision
450,19/09/2023,18/01/2024,821,4.4,IN,PR4 - Private Provision,Semi-independent supported accommodation,Resignation/closure of provision
80,24/09/2024,12/02/2025,450,5,IN,PR5 - Voluntary/Third Sector Provision,Semi-independent supported accommodation,Resignation/closure of provision
1651,10/11/2023,23/02/2024,769,10,IN,PR1 - Own provision by LA,Fostering – short term,Resignation/closure of provision
2651,03/09/2025,05/09/2025,106,13,IN,PR1 - Own provision by LA,Fostering – short term,Resignation/closure of provision
781,02/10/2024,11/10/2024,442,15,IN,PR4 - Private Provision,Unregistered Placement,Resignation/closure of provision
380,04/08/2023,09/08/2023,867,23,OUT,PR4 - Private Provision,Respite Unit,Resignation/closure of provision
1156,31/05/2024,17/10/2025,566,87,OUT,PR4 - Private Provision,Fostering – short term,Resignation/closure of provision
1357,31/05/2024,17/10/2025,566,87,OUT,PR4 - Private Provision,Fostering – short term,Resignation/closure of provision
982,29/11/2024,30/04/2025,384,145,OUT,PR2 - Other LA provision,Residential Unit (Children's Home),Resignation/closure of provision
366,20/02/2025,14/07/2025,301,,IN,PR4 - Private Provision,Residential Unit (Children's Home),Resignation/closure of provision
817,03/07/2025,10/07/2025,168,,OUT,PR4 - Private Provision,Unregistered - awaiting alternative,Resignation/closure of provision
839,13/10/2023,29/04/2024,797,,IN,PR4 - Private Provision,Fostering – short term,Resignation/closure of provision
1056,21/02/2024,25/03/2024,666,,IN,PR4 - Private Provision,Semi-independent supported accommodation,Resignation/closure of provision
1712,18/03/2024,19/03/2024,640,,IN,PR1 - Own provision by LA,Fostering – short term,Resignation/closure of provision
1713,27/03/2024,03/06/2024,631,,OUT,PR4 - Private Provision,Residential Unit (Children's Home),Resignation/closure of provision
1714,19/03/2024,27/03/2024,639,,IN,PR1 - Own provision by LA,Fostering – short term,Resignation/closure of provision
2021,13/10/2023,29/04/2024,797,,IN,PR4 - Private Provision,Fostering – short term,Resignation/closure of provision
2645,26/08/2025,01/09/2025,114,,OUT,PR1 - Own provision by LA,Kinship - short term,Resignation/closure of provision
2646,26/08/2025,01/09/2025,114,,OUT,PR1 - Own provision by LA,Kinship - short term,Resignation/closure of provision
2592,26/09/2024,02/10/2024,448,2.5,IN,PR1 - Own provision by LA,Fostering – short term,Responsible/Area authority requests placement end
837,06/06/2024,19/08/2024,560,4.8,IN,PR4 - Private Provision,Fostering – short term,Responsible/Area authority requests placement end
99,11/11/2024,21/12/2024,402,5,OUT,PR3 - Other public provision,Young Offenders Institution/Prison,Responsible/Area authority requests placement end
733,29/09/2023,09/06/2024,811,5.3,IN,PR1 - Own provision by LA,Kinship - short term,Responsible/Area authority requests placement end
108,01/11/2023,18/01/2024,778,6,IN,PR2 - Other LA provision,Fostering – short term,Responsible/Area authority requests placement end
1575,27/05/2025,13/06/2025,205,7,IN,PR1 - Own provision by LA,Kinship - short term,Responsible/Area authority requests placement end
1437,11/07/2024,24/07/2024,525,9.8,IN,PR4 - Private Provision,Semi-independent supported accommodation,Responsible/Area authority requests placement end
605,18/03/2024,19/03/2024,640,10,IN,PR1 - Own provision by LA,Fostering – short term,Responsible/Area authority requests placement end
1179,12/06/2024,03/09/2024,554,10,IN,PR1 - Own provision by LA,Kinship - short term,Responsible/Area authority requests placement end
1546,25/08/2024,05/08/2025,480,10,OUT,PR4 - Private Provision,Fostering – short term,Responsible/Area authority requests placement end
1750,14/12/2023,08/03/2024,735,10.3,OUT,PR4 - Private Provision,Fostering – short term,Responsible/Area authority requests placement end
1919,22/11/2023,22/12/2023,757,11,IN,PR1 - Own provision by LA,Fostering – short term,Responsible/Area authority requests placement end
135,24/12/2024,14/03/2025,359,12,IN,PR4 - Private Provision,Semi-independent supported accommodation,Responsible/Area authority requests placement end
1536,07/06/2023,26/01/2024,925,12,OUT,PR4 - Private Provision,Fostering – short term,Responsible/Area authority requests placement end
2164,25/08/2024,18/08/2025,480,12,OUT,PR4 - Private Provision,Fostering – short term,Responsible/Area authority requests placement end
1693,04/04/2023,02/04/2024,989,17,OUT,PR4 - Private Provision,Fostering – short term,Responsible/Area authority requests placement end
577,16/08/2024,07/02/2025,489,35,IN,PR4 - Private Provision,Residential Unit (Children's Home),Responsible/Area authority requests placement end
1778,16/04/2024,05/08/2024,611,64,OUT,PR4 - Private Provision,Semi-independent supported accommodation,Responsible/Area authority requests placement end
402,22/09/2025,14/10/2025,87,69,OUT,PR3 - Other public provision,Young Offenders Institution/Prison,Responsible/Area authority requests placement end
2012,04/07/2025,01/09/2025,167,88,OUT,PR4 - Private Provision,Residential Unit (Children's Home),Responsible/Area authority requests placement end
2013,04/07/2025,29/08/2025,167,88,OUT,PR4 - Private Provision,Residential Unit (Children's Home),Responsible/Area authority requests placement end
2016,04/07/2025,01/09/2025,167,88,OUT,PR4 - Private Provision,Residential Unit (Children's Home),Responsible/Area authority requests placement end
1678,20/05/2024,07/06/2024,577,105,OUT,PR5 - Voluntary/Third Sector Provision,Residential Unit (Children's Home),Responsible/Area authority requests placement end
1682,02/04/2025,04/08/2025,260,112,OUT,PR4 - Private Provision,Residential Unit (Children's Home),Responsible/Area authority requests placement end
234,25/10/2024,16/01/2025,419,122,OUT,PR4 - Private Provision,Residential Unit (Children's Home),Responsible/Area authority requests placement end
1236,06/04/2023,20/06/2023,987,130,OUT,PR4 - Private Provision,Fostering – short term,Responsible/Area authority requests placement end
400,19/09/2023,15/03/2024,821,,IN,PR4 - Private Provision,Semi-independent supported accommodation,Responsible/Area authority requests placement end
595,23/05/2024,18/08/2024,574,,IN,PR1 - Own provision by LA,Fostering – short term,Responsible/Area authority requests placement end
736,22/09/2023,21/11/2023,818,,IN,PR0 - Parents or other person with parental responsibility,Placed with Parents,Responsible/Area authority requests placement end
857,14/08/2023,27/05/2024,857,,IN,PR1 - Own provision by LA,Fostering – short term,Responsible/Area authority requests placement end
961,23/05/2024,18/08/2024,574,,IN,PR4 - Private Provision,Fostering – short term,Responsible/Area authority requests placement end
1150,22/09/2023,25/04/2024,818,,OUT,PR1 - Own provision by LA,Kinship - short term,Responsible/Area authority requests placement end
1520,23/05/2024,18/08/2024,574,,IN,PR4 - Private Provision,Fostering – short term,Responsible/Area authority requests placement end
1675,08/01/2024,03/05/2024,710,,IN,PR1 - Own provision by LA,Fostering – short term,Responsible/Area authority requests placement end
1695,24/07/2023,05/03/2024,878,,IN,PR2 - Other LA provision,Placed for Adoption (with consent) not with former foster carers,Responsible/Area authority requests placement end
1792,25/05/2023,02/01/2024,938,,OUT,PR4 - Private Provision,Fostering – short term,Responsible/Area authority requests placement end
1809,13/05/2024,08/10/2024,584,,OUT,PR2 - Other LA provision,Placed for Adoption (with consent) not with former foster carers,Responsible/Area authority requests placement end
2620,22/01/2025,15/05/2025,330,,IN,PR1 - Own provision by LA,Fostering – short term,Responsible/Area authority requests placement end
533,31/10/2023,20/11/2025,779,0,IN,PR0 - Parents or other person with parental responsibility,Placed with Parents,Standards of Care concern
2511,11/11/2024,04/12/2025,402,1,IN,PR4 - Private Provision,Fostering – short term,Standards of Care concern
768,02/06/2025,14/10/2025,199,2,IN,PR1 - Own provision by LA,Residential Unit (Children's Home),Standards of Care concern
1415,18/12/2024,19/04/2025,365,4,IN,PR1 - Own provision by LA,Fostering – short term,Standards of Care concern
1361,01/09/2025,05/09/2025,108,5,IN,PR1 - Own provision by LA,Kinship - short term,Standards of Care concern
439,01/07/2024,12/07/2024,535,6,IN,PR1 - Own provision by LA,Fostering – short term,Standards of Care concern
469,29/07/2024,02/09/2024,507,6,IN,PR1 - Own provision by LA,Fostering – short term,Standards of Care concern
479,20/05/2023,02/06/2023,943,7,OUT,PR4 - Private Provision,Residential Unit (Children's Home),Standards of Care concern
494,27/05/2025,11/07/2025,205,8,OUT,PR4 - Private Provision,Residential Unit (Children's Home),Standards of Care concern
790,21/04/2023,10/05/2023,972,8,IN,PR4 - Private Provision,Fostering – short term,Standards of Care concern
447,09/01/2024,07/02/2024,709,10,IN,PR4 - Private Provision,Fostering – long term,Standards of Care concern
686,25/08/2023,30/12/2024,846,10,IN,PR4 - Private Provision,Fostering – long term,Standards of Care concern
1054,06/09/2024,13/01/2025,468,10,IN,PR4 - Private Provision,Semi-independent supported accommodation,Standards of Care concern
531,12/06/2023,27/07/2023,920,12,OUT,PR4 - Private Provision,Semi-independent supported accommodation,Standards of Care concern
78,06/09/2023,09/03/2024,834,15,IN,PR4 - Private Provision,Semi-independent supported accommodation,Standards of Care concern
2522,20/06/2025,11/10/2025,181,15.5,IN,PR1 - Own provision by LA,Fostering – short term,Standards of Care concern
975,13/09/2024,14/10/2024,461,19,OUT,PR4 - Private Provision,Fostering – short term,Standards of Care concern
441,12/07/2024,12/02/2025,524,20,OUT,PR4 - Private Provision,Residential Unit (Children's Home),Standards of Care concern
107,11/03/2025,11/04/2025,282,25,IN,PR4 - Private Provision,Semi-independent supported accommodation,Standards of Care concern
326,21/10/2024,09/08/2025,423,25,OUT,PR4 - Private Provision,Unregistered Placement,Standards of Care concern
665,16/12/2024,02/05/2025,367,34,OUT,PR4 - Private Provision,Fostering – short term,Standards of Care concern
1297,30/07/2024,14/07/2025,506,89,OUT,PR4 - Private Provision,Residential Unit (Children's Home),Standards of Care concern
1834,28/07/2023,09/11/2023,874,120,OUT,PR4 - Private Provision,Residential Unit (Children's Home),Standards of Care concern
128,08/01/2024,25/01/2024,710,219,OUT,PR4 - Private Provision,Residential Unit (Children's Home),Standards of Care concern
668,02/05/2025,02/07/2025,230,,IN,PR0 - Parents or other person with parental responsibility,Placed with Parents,Standards of Care concern
673,05/10/2023,08/04/2024,805,,IN,PR1 - Own provision by LA,Fostering – short term,Standards of Care concern
818,10/07/2025,06/08/2025,161,,OUT,PR4 - Private Provision,Residential Unit (Children's Home),Standards of Care concern
1241,31/10/2023,28/11/2024,779,,IN,PR1 - Own provision by LA,Fostering – short term,Standards of Care concern
1275,29/09/2023,14/05/2024,811,,IN,PR1 - Own provision by LA,Kinship - short term,Standards of Care concern
1286,27/06/2025,26/08/2025,174,,IN,PR4 - Private Provision,Semi-independent supported accommodation,Standards of Care concern
1508,11/07/2025,19/09/2025,160,,OUT,PR4 - Private Provision,Fostering – short term,Standards of Care concern
1634,31/10/2023,28/11/2024,779,,IN,PR1 - Own provision by LA,Fostering – short term,Standards of Care concern
1849,29/09/2023,14/05/2024,811,,IN,PR0 - Parents or other person with parental responsibility,Placed with Parents,Standards of Care concern
257,28/02/2024,22/07/2024,659,0,IN,PR1 - Own provision by LA,Kinship - long term,Still with same carer - change to status of placement only
268,12/01/2024,01/10/2024,706,0,IN,PR4 - Private Provision,Semi-independent supported accommodation,Still with same carer - change to status of placement only
362,28/02/2024,22/07/2024,659,0,IN,PR1 - Own provision by LA,Kinship - long term,Still with same carer - change to status of placement only
644,28/02/2024,22/07/2024,659,0,IN,PR1 - Own provision by LA,Kinship - long term,Still with same carer - change to status of placement only
723,22/04/2025,30/06/2025,240,0,IN,PR1 - Own provision by LA,Fostering - Unregistered Carer,Still with same carer - change to status of placement only
724,25/08/2023,22/04/2025,846,0,IN,PR4 - Private Provision,Fostering – short term,Still with same carer - change to status of placement only
725,12/07/2024,08/01/2025,524,0,OUT,PR1 - Own provision by LA,Kinship - long term,Still with same carer - change to status of placement only
726,12/07/2024,08/01/2025,524,0,OUT,PR1 - Own provision by LA,Kinship - long term,Still with same carer - change to status of placement only
1182,01/07/2025,15/09/2025,170,0.4,IN,PR1 - Own provision by LA,Kinship - short term,Still with same carer - change to status of placement only
1358,01/07/2025,15/09/2025,170,0.4,IN,PR1 - Own provision by LA,Kinship - short term,Still with same carer - change to status of placement only
2040,01/07/2025,15/09/2025,170,0.4,IN,PR1 - Own provision by LA,Kinship - short term,Still with same carer - change to status of placement only
370,06/12/2023,07/05/2024,743,1,IN,PR4 - Private Provision,Semi-independent supported accommodation,Still with same carer - change to status of placement only
1304,17/04/2024,23/05/2024,610,1,IN,PR1 - Own provision by LA,Kinship - short term,Still with same carer - change to status of placement only
964,01/09/2023,15/09/2025,839,4,IN,PR1 - Own provision by LA,Fostering – short term,Still with same carer - change to status of placement only
2626,20/03/2025,13/11/2025,273,4,IN,PR1 - Own provision by LA,Fostering – short term,Still with same carer - change to status of placement only
2629,17/07/2025,22/07/2025,154,4,IN,PR1 - Own provision by LA,Fostering – short term,Still with same carer - change to status of placement only
275,16/01/2024,01/03/2024,702,5,IN,PR4 - Private Provision,Semi-independent supported accommodation,Still with same carer - change to status of placement only
281,17/05/2024,11/02/2025,580,5,IN,PR1 - Own provision by LA,Kinship - Unregistered Carer,Still with same carer - change to status of placement only
764,28/07/2023,29/01/2025,874,5,IN,PR1 - Own provision by LA,Kinship - short term,Still with same carer - change to status of placement only
972,09/05/2024,14/03/2025,588,5,IN,PR1 - Own provision by LA,Kinship - short term,Still with same carer - change to status of placement only
1163,20/09/2024,18/07/2025,454,5,IN,PR5 - Voluntary/Third Sector Provision,Semi-independent supported accommodation,Still with same carer - change to status of placement only
1593,25/07/2023,17/11/2023,877,5,IN,PR1 - Own provision by LA,Placed for Adoption (with consent) with former foster carers,Still with same carer - change to status of placement only
1872,25/07/2023,17/11/2023,877,5,IN,PR1 - Own provision by LA,Placed for Adoption (with consent) with former foster carers,Still with same carer - change to status of placement only
1916,03/07/2023,06/08/2024,899,5,IN,PR1 - Own provision by LA,Kinship - Unregistered Carer,Still with same carer - change to status of placement only
6,09/05/2023,18/07/2023,954,6,OUT,PR4 - Private Provision,Residential Unit (Children's Home),Still with same carer - change to status of placement only
308,27/07/2025,19/09/2025,144,6,IN,PR4 - Private Provision,Semi-independent supported accommodation,Still with same carer - change to status of placement only
474,13/07/2023,03/02/2025,889,6,IN,PR1 - Own provision by LA,Fostering – long term,Still with same carer - change to status of placement only
526,01/12/2024,25/04/2025,382,6,IN,PR4 - Private Provision,Unregistered Placement,Still with same carer - change to status of placement only
799,28/07/2025,29/07/2025,143,6,IN,PR1 - Own provision by LA,Fostering – long term,Still with same carer - change to status of placement only
800,01/11/2023,28/07/2025,778,6,IN,PR4 - Private Provision,Fostering – short term,Still with same carer - change to status of placement only
2454,19/03/2024,13/06/2024,639,6,IN,PR1 - Own provision by LA,Kinship - short term,Still with same carer - change to status of placement only
2455,19/03/2024,13/06/2024,639,6,IN,PR1 - Own provision by LA,Kinship - short term,Still with same carer - change to status of placement only
2458,19/03/2024,13/06/2024,639,6,IN,PR1 - Own provision by LA,Kinship - short term,Still with same carer - change to status of placement only
2459,19/03/2024,14/06/2024,639,6,IN,PR1 - Own provision by LA,Kinship - short term,Still with same carer - change to status of placement only
2462,19/03/2024,13/06/2024,639,6,IN,PR1 - Own provision by LA,Kinship - short term,Still with same carer - change to status of placement only
2088,01/07/2024,29/07/2024,535,7,OUT,PR1 - Own provision by LA,Kinship - Unregistered Carer,Still with same carer - change to status of placement only
2024,16/09/2023,22/01/2024,824,7.8,IN,PR1 - Own provision by LA,Kinship - short term,Still with same carer - change to status of placement only
812,19/10/2023,27/05/2025,791,8,IN,PR4 - Private Provision,Fostering – short term,Still with same carer - change to status of placement only
41,22/03/2024,10/11/2024,636,9,OUT,PR1 - Own provision by LA,Kinship - short term,Still with same carer - change to status of placement only
456,20/11/2024,25/06/2025,393,10,IN,PR4 - Private Provision,Semi-independent supported accommodation,Still with same carer - change to status of placement only
709,01/07/2024,05/09/2024,535,10,OUT,PR1 - Own provision by LA,Kinship - short term,Still with same carer - change to status of placement only
2026,16/05/2023,10/08/2023,947,10,IN,PR0 - Parents or other person with parental responsibility,Placed with Parents,Still with same carer - change to status of placement only
2472,14/10/2024,31/03/2025,430,10,OUT,PR1 - Own provision by LA,"EPP: Fostering for Adoption, placed with approved adopter",Still with same carer - change to status of placement only
301,18/02/2025,17/04/2025,303,11,OUT,PR4 - Private Provision,Semi-independent supported accommodation,Still with same carer - change to status of placement only
2268,01/12/2023,15/04/2024,748,11,OUT,PR4 - Private Provision,Unregistered Placement,Still with same carer - change to status of placement only
1168,24/07/2023,16/02/2024,878,12,IN,PR1 - Own provision by LA,Fostering – long term,Still with same carer - change to status of placement only
37,03/05/2023,08/04/2024,960,13,OUT,PR1 - Own provision by LA,Kinship - short term,Still with same carer - change to status of placement only
38,08/04/2024,08/02/2025,619,13,OUT,PR1 - Own provision by LA,Kinship - Unregistered Carer,Still with same carer - change to status of placement only
585,22/04/2024,20/08/2024,605,20,IN,PR1 - Own provision by LA,Fostering - Unregistered Carer,Still with same carer - change to status of placement only
2157,07/09/2023,08/08/2024,833,20,OUT,PR4 - Private Provision,Fostering – short term,Still with same carer - change to status of placement only
525,25/04/2025,03/10/2025,237,38,OUT,PR4 - Private Provision,Unregistered - in child's best interest,Still with same carer - change to status of placement only
1730,27/07/2023,04/03/2024,875,48,OUT,PR4 - Private Provision,Mother And Baby Unit,Still with same carer - change to status of placement only
94,28/11/2024,01/05/2025,385,52,IN,PR1 - Own provision by LA,Kinship - Unregistered Carer,Still with same carer - change to status of placement only
385,24/05/2024,03/10/2025,573,52,OUT,PR5 - Voluntary/Third Sector Provision,Residential Unit (Children's Home),Still with same carer - change to status of placement only
1306,25/08/2023,29/04/2024,846,61,OUT,PR1 - Own provision by LA,Kinship - long term,Still with same carer - change to status of placement only
477,27/07/2023,29/08/2023,875,62,OUT,PR4 - Private Provision,Semi-independent supported accommodation,Still with same carer - change to status of placement only
1779,05/08/2024,30/12/2024,500,64,OUT,PR4 - Private Provision,Semi-independent supported accommodation,Still with same carer - change to status of placement only
590,05/03/2024,24/10/2024,653,72,IN,PR1 - Own provision by LA,Kinship - short term,Still with same carer - change to status of placement only
994,05/03/2024,24/10/2024,653,72,IN,PR1 - Own provision by LA,Kinship - short term,Still with same carer - change to status of placement only
1657,05/03/2024,24/10/2024,653,72,IN,PR1 - Own provision by LA,Kinship - short term,Still with same carer - change to status of placement only
1996,13/11/2023,23/07/2024,766,73,OUT,PR1 - Own provision by LA,Placed for Adoption (with consent) with former foster carers,Still with same carer - change to status of placement only
1903,20/08/2024,08/05/2025,485,120,OUT,PR1 - Own provision by LA,Kinship - Unregistered Carer,Still with same carer - change to status of placement only
2233,12/01/2024,21/03/2024,706,700,IN,PR4 - Private Provision,Semi-independent supported accommodation,Still with same carer - change to status of placement only
1296,27/07/2025,03/09/2025,144,,IN,PR4 - Private Provision,Semi-independent supported accommodation,Still with same carer - change to status of placement only
32,14/06/2024,16/07/2024,552,,OUT,PR4 - Private Provision,Semi-independent supported accommodation,Still with same carer - change to status of placement only
111,16/08/2023,25/01/2024,855,,OUT,PR4 - Private Provision,Residential Unit (Children's Home),Still with same carer - change to status of placement only
112,25/01/2024,19/11/2024,693,,OUT,PR4 - Private Provision,Residential Unit (Children's Home),Still with same carer - change to status of placement only
223,23/02/2024,18/07/2025,664,,IN,PR1 - Own provision by LA,Kinship - long term,Still with same carer - change to status of placement only
253,11/09/2023,02/12/2024,829,,OUT,PR1 - Own provision by LA,Kinship - Unregistered Carer,Still with same carer - change to status of placement only
329,12/06/2024,23/10/2024,554,,IN,PR4 - Private Provision,Semi-independent supported accommodation,Still with same carer - change to status of placement only
360,22/04/2025,14/07/2025,240,,IN,PR1 - Own provision by LA,Fostering – short term,Still with same carer - change to status of placement only
361,25/08/2023,22/04/2025,846,,IN,PR4 - Private Provision,Fostering – long term,Still with same carer - change to status of placement only
411,08/04/2025,14/07/2025,254,,IN,PR1 - Own provision by LA,Fostering - Unregistered Carer,Still with same carer - change to status of placement only
520,27/02/2024,08/03/2024,660,,OUT,PR4 - Private Provision,Unregistered Placement,Still with same carer - change to status of placement only
521,08/03/2024,05/04/2024,650,,OUT,PR4 - Private Provision,Unregistered Placement,Still with same carer - change to status of placement only
522,05/04/2024,14/04/2024,622,,OUT,PR4 - Private Provision,Unregistered Placement,Still with same carer - change to status of placement only
523,14/04/2024,03/05/2024,613,,OUT,PR4 - Private Provision,Unregistered Placement,Still with same carer - change to status of placement only
663,28/02/2024,08/08/2024,659,,IN,PR1 - Own provision by LA,Kinship - long term,Still with same carer - change to status of placement only
797,04/02/2025,25/03/2025,317,,IN,PR1 - Own provision by LA,Unregistered Placement,Still with same carer - change to status of placement only
878,30/01/2025,14/02/2025,322,,IN,PR1 - Own provision by LA,Fostering – short term,Still with same carer - change to status of placement only
979,06/12/2024,02/07/2025,377,,OUT,PR2 - Other LA provision,Placed for Adoption (with consent) with former foster carers,Still with same carer - change to status of placement only
986,23/07/2024,08/08/2024,513,,IN,PR1 - Own provision by LA,Kinship - Unregistered Carer,Still with same carer - change to status of placement only
1002,14/08/2023,15/01/2024,857,,IN,PR1 - Own provision by LA,Placed for Adoption (placement order) with former foster carers,Still with same carer - change to status of placement only
1070,09/05/2023,04/09/2023,954,,IN,PR5 - Voluntary/Third Sector Provision,Placed for Adoption (placement order) with former foster carers,Still with same carer - change to status of placement only
1115,30/01/2024,20/12/2024,688,,IN,PR1 - Own provision by LA,Kinship - long term,Still with same carer - change to status of placement only
1127,23/12/2023,03/02/2024,726,,IN,PR1 - Own provision by LA,Fostering – short term,Still with same carer - change to status of placement only
1235,05/03/2024,31/07/2024,653,,IN,PR1 - Own provision by LA,Kinship - long term,Still with same carer - change to status of placement only
1251,30/06/2025,17/10/2025,171,,IN,PR1 - Own provision by LA,Kinship - Unregistered Carer,Still with same carer - change to status of placement only
1253,30/06/2025,17/10/2025,171,,IN,PR1 - Own provision by LA,Kinship - Unregistered Carer,Still with same carer - change to status of placement only
1409,05/03/2025,25/06/2025,288,,IN,PR1 - Own provision by LA,Kinship - Unregistered Carer,Still with same carer - change to status of placement only
1512,30/01/2024,20/12/2024,688,,IN,PR1 - Own provision by LA,Kinship - long term,Still with same carer - change to status of placement only
1540,03/07/2023,06/09/2024,899,,IN,PR1 - Own provision by LA,Kinship - Unregistered Carer,Still with same carer - change to status of placement only
1589,24/08/2023,30/01/2024,847,,OUT,PR1 - Own provision by LA,Kinship - long term,Still with same carer - change to status of placement only
1692,13/06/2024,11/10/2024,553,,OUT,PR5 - Voluntary/Third Sector Provision,Placed for Adoption (with consent) with former foster carers,Still with same carer - change to status of placement only
1731,17/06/2024,23/09/2024,549,,OUT,PR1 - Own provision by LA,Placed for Adoption (with consent) with former foster carers,Still with same carer - change to status of placement only
1851,11/07/2024,09/01/2025,525,,IN,PR1 - Own provision by LA,Placed for Adoption (with consent) with former foster carers,Still with same carer - change to status of placement only
1852,23/06/2025,24/11/2025,178,,IN,PR1 - Own provision by LA,Placed for Adoption (with consent) with former foster carers,Still with same carer - change to status of placement only
1874,26/02/2025,13/06/2025,295,,OUT,PR1 - Own provision by LA,Placed for Adoption (with consent) with former foster carers,Still with same carer - change to status of placement only
1915,13/06/2024,11/10/2024,553,,OUT,PR2 - Other LA provision,Placed for Adoption (with consent) with former foster carers,Still with same carer - change to status of placement only
2007,18/12/2023,11/04/2024,731,,OUT,PR1 - Own provision by LA,Placed for Adoption (with consent) with former foster carers,Still with same carer - change to status of placement only
2064,23/07/2024,08/08/2024,513,,IN,PR1 - Own provision by LA,Kinship - Unregistered Carer,Still with same carer - change to status of placement only
2100,12/03/2024,15/03/2024,646,,IN,PR1 - Own provision by LA,Kinship - short term,Still with same carer - change to status of placement only
2127,23/06/2025,24/11/2025,178,,IN,PR1 - Own provision by LA,Placed for Adoption (with consent) with former foster carers,Still with same carer - change to status of placement only
2322,26/02/2025,28/04/2025,295,,IN,PR1 - Own provision by LA,Kinship - short term,Still with same carer - change to status of placement only
2338,21/10/2023,10/01/2024,789,,IN,PR4 - Private Provision,Semi-independent supported accommodation,Still with same carer - change to status of placement only
2444,17/04/2024,16/09/2024,610,,IN,PR1 - Own provision by LA,Kinship - short term,Still with same carer - change to status of placement only
2488,17/03/2025,21/08/2025,276,,OUT,PR1 - Own provision by LA,Placed for Adoption (with consent) with former foster carers,Still with same carer - change to status of placement only
2499,14/04/2025,02/09/2025,248,,OUT,PR1 - Own provision by LA,Placed for Adoption (with consent) with former foster carers,Still with same carer - change to status of placement only
2551,31/10/2024,01/01/2025,413,,OUT,PR4 - Private Provision,Semi-independent supported accommodation,Still with same carer - change to status of placement only
55,04/04/2023,09/04/2023,989,0,OUT,PR1 - Own provision by LA,Temporary Placement,
459,01/04/2025,12/06/2025,261,0,IN,PR0 - Parents or other person with parental responsibility,Placed with Parents,
600,03/06/2025,10/06/2025,198,0,IN,PR1 - Own provision by LA,Temporary Placement,
856,21/02/2024,28/02/2024,666,0,IN,PR0 - Parents or other person with parental responsibility,Placed with Parents,
905,25/10/2024,28/10/2024,419,0,IN,PR1 - Own provision by LA,Temporary Placement,
908,16/09/2024,30/09/2024,458,0,IN,PR1 - Own provision by LA,Temporary Placement,
950,05/04/2023,24/07/2023,988,0,IN,PR0 - Parents or other person with parental responsibility,Placed with Parents,
1017,05/04/2023,25/07/2023,988,0,IN,PR0 - Parents or other person with parental responsibility,Placed with Parents,
1044,11/10/2023,04/04/2024,799,0,IN,PR1 - Own provision by LA,Kinship - short term,
1098,21/02/2024,28/02/2024,666,0,IN,PR0 - Parents or other person with parental responsibility,Placed with Parents,
1186,13/07/2023,20/07/2023,889,0,IN,PR0 - Parents or other person with parental responsibility,Placed with Parents,
1238,22/08/2024,06/09/2024,483,0,IN,PR1 - Own provision by LA,Kinship - short term,
1274,28/09/2024,12/10/2024,446,0,IN,PR1 - Own provision by LA,Temporary Placement,
1339,12/12/2023,26/04/2024,737,0,IN,PR0 - Parents or other person with parental responsibility,Placed with Parents,
1342,12/12/2023,26/04/2024,737,0,IN,PR0 - Parents or other person with parental responsibility,Placed with Parents,
1347,12/12/2023,26/04/2024,737,0,IN,PR0 - Parents or other person with parental responsibility,Placed with Parents,
1421,12/12/2023,26/04/2024,737,0,IN,PR0 - Parents or other person with parental responsibility,Placed with Parents,
1422,12/12/2023,26/04/2024,737,0,IN,PR0 - Parents or other person with parental responsibility,Placed with Parents,
1462,21/09/2023,10/10/2023,819,0,IN,PR1 - Own provision by LA,Kinship - short term,
1513,04/04/2023,09/04/2023,989,0,OUT,PR1 - Own provision by LA,Temporary Placement,
1538,21/02/2024,28/02/2024,666,0,IN,PR0 - Parents or other person with parental responsibility,Placed with Parents,
1580,13/07/2023,20/07/2023,889,0,IN,PR0 - Parents or other person with parental responsibility,Placed with Parents,
1583,12/11/2025,14/11/2025,36,0,IN,PR1 - Own provision by LA,Fostering – short term,
1592,14/03/2024,23/04/2024,644,0,IN,PR0 - Parents or other person with parental responsibility,Placed with Parents,
1776,22/05/2025,18/07/2025,210,0,IN,PR0 - Parents or other person with parental responsibility,Placed with Parents,
1804,08/08/2024,23/08/2024,497,0,IN,PR1 - Own provision by LA,Temporary Placement,
1808,31/07/2024,02/09/2024,505,0,IN,PR4 - Private Provision,Unregistered Placement,
1815,14/03/2024,23/04/2024,644,0,IN,PR0 - Parents or other person with parental responsibility,Placed with Parents,
1853,21/02/2024,28/02/2024,666,0,IN,PR0 - Parents or other person with parental responsibility,Placed with Parents,
1928,08/08/2024,23/08/2024,497,0,IN,PR1 - Own provision by LA,Temporary Placement,
2053,27/09/2024,18/12/2024,447,0,OUT,PR0 - Parents or other person with parental responsibility,Placed with Parents,
2094,14/03/2024,23/04/2024,644,0,IN,PR0 - Parents or other person with parental responsibility,Placed with Parents,
2110,06/04/2023,21/03/2024,987,0,IN,PR4 - Private Provision,Semi-independent supported accommodation,
2126,13/08/2023,23/08/2023,858,0,IN,PR1 - Own provision by LA,Temporary Placement,
2141,13/10/2023,10/06/2024,797,0,IN,PR1 - Own provision by LA,Kinship - short term,
2208,30/11/2024,13/12/2024,383,0,IN,PR1 - Own provision by LA,Temporary Placement,
2220,16/05/2023,05/03/2024,947,0,IN,PR4 - Private Provision,Semi-independent supported accommodation,
2237,06/09/2023,25/10/2023,834,0,IN,PR0 - Parents or other person with parental responsibility,Placed with Parents,
2259,28/06/2023,08/10/2024,904,0,IN,PR4 - Private Provision,Unregistered Placement,
2297,16/08/2023,17/08/2023,855,0,IN,PR1 - Own provision by LA,Fostering – short term,
2304,29/08/2023,28/03/2024,842,0,IN,PR4 - Private Provision,Fostering – short term,
2331,22/09/2023,02/09/2024,818,0,IN,PR4 - Private Provision,Semi-independent supported accommodation,
2344,24/01/2024,19/07/2024,694,0,IN,PR4 - Private Provision,Semi-independent supported accommodation,
2400,12/04/2024,23/04/2024,615,0,IN,PR0 - Parents or other person with parental responsibility,Placed with Parents,
2403,21/12/2023,05/06/2025,728,0,IN,PR4 - Private Provision,Semi-independent supported accommodation,
2428,26/11/2024,01/12/2024,387,0,OUT,PR1 - Own provision by LA,Temporary Placement,
2482,04/11/2024,31/03/2025,409,0,IN,PR0 - Parents or other person with parental responsibility,Placed with Parents,
2484,28/03/2024,20/03/2025,630,0,OUT,PR4 - Private Provision,Semi-independent supported accommodation,
2502,02/05/2024,14/08/2025,595,0,IN,PR4 - Private Provision,Semi-independent supported accommodation,
2521,25/04/2025,20/06/2025,237,0,IN,PR0 - Parents or other person with parental responsibility,Placed with Parents,
2528,17/06/2024,15/11/2024,549,0,IN,PR4 - Private Provision,Semi-independent supported accommodation,
2534,26/06/2024,08/11/2024,540,0,OUT,PR4 - Private Provision,Fostering – short term,
2549,25/07/2024,12/10/2025,511,0,IN,PR4 - Private Provision,Semi-independent supported accommodation,
2564,22/08/2024,27/01/2025,483,0,OUT,PR4 - Private Provision,Semi-independent supported accommodation,
2613,06/11/2024,25/05/2025,407,0,IN,PR4 - Private Provision,Semi-independent supported accommodation,
2627,27/11/2024,09/06/2025,386,0,IN,PR4 - Private Provision,Semi-independent supported accommodation,
2643,24/04/2025,17/10/2025,238,0,IN,PR4 - Private Provision,Semi-independent supported accommodation,
1183,21/03/2025,01/07/2025,272,0.4,IN,PR1 - Own provision by LA,Kinship - Unregistered Carer,
1359,21/03/2025,01/07/2025,272,0.4,IN,PR1 - Own provision by LA,Kinship - Unregistered Carer,
2039,21/03/2025,01/07/2025,272,0.4,IN,PR1 - Own provision by LA,Kinship - Unregistered Carer,
613,05/05/2025,13/05/2025,227,0.5,IN,PR1 - Own provision by LA,Temporary Placement,
1569,13/04/2024,15/04/2024,614,0.5,IN,PR1 - Own provision by LA,Temporary Placement,
1889,13/04/2024,15/04/2024,614,0.5,IN,PR1 - Own provision by LA,Temporary Placement,
2153,21/10/2024,26/10/2024,423,0.5,IN,PR1 - Own provision by LA,Temporary Placement,
1552,06/02/2024,08/02/2024,681,0.9,IN,PR1 - Own provision by LA,Temporary Placement,
267,05/06/2025,08/06/2025,196,1,IN,PR1 - Own provision by LA,Fostering – long term,
511,05/06/2025,08/06/2025,196,1,IN,PR1 - Own provision by LA,Fostering – long term,
568,14/04/2025,24/07/2025,248,1,IN,PR0 - Parents or other person with parental responsibility,Placed with Parents,
629,01/06/2023,18/10/2024,931,1,IN,PR1 - Own provision by LA,Kinship - short term,
732,31/07/2023,29/09/2023,871,1,IN,PR1 - Own provision by LA,Kinship - short term,
751,18/08/2023,25/08/2023,853,1,IN,PR4 - Private Provision,Semi-independent supported accommodation,
811,01/06/2023,18/10/2024,931,1,IN,PR1 - Own provision by LA,Kinship - short term,
850,15/12/2023,31/05/2024,734,1,IN,PR1 - Own provision by LA,Kinship - short term,
852,15/12/2023,31/05/2024,734,1,IN,PR1 - Own provision by LA,Kinship - short term,
1063,14/10/2024,01/11/2024,430,1,IN,PR1 - Own provision by LA,Temporary Placement,
1076,25/03/2024,21/10/2024,633,1,IN,PR1 - Own provision by LA,Kinship - short term,
1147,06/10/2023,15/10/2023,804,1,IN,PR1 - Own provision by LA,Temporary Placement,
1153,26/04/2023,16/06/2023,967,1,IN,PR4 - Private Provision,Semi-independent supported accommodation,
1154,25/06/2023,10/07/2023,907,1,IN,PR4 - Private Provision,Semi-independent supported accommodation,
1231,14/10/2024,01/11/2024,430,1,IN,PR1 - Own provision by LA,Temporary Placement,
1259,06/10/2023,15/10/2023,804,1,IN,PR1 - Own provision by LA,Temporary Placement,
1307,11/07/2023,13/03/2024,891,1,IN,PR1 - Own provision by LA,Kinship - short term,
1427,23/11/2024,24/11/2024,390,1,IN,PR1 - Own provision by LA,Temporary Placement,
1428,03/05/2025,08/05/2025,229,1,IN,PR1 - Own provision by LA,Temporary Placement,
1429,03/05/2025,11/05/2025,229,1,IN,PR1 - Own provision by LA,Temporary Placement,
1430,23/11/2024,30/11/2024,390,1,IN,PR1 - Own provision by LA,Temporary Placement,
1431,07/11/2025,10/11/2025,41,1,IN,PR1 - Own provision by LA,Temporary Placement,
1434,07/11/2025,10/11/2025,41,1,IN,PR1 - Own provision by LA,Temporary Placement,
1435,03/05/2025,11/05/2025,229,1,IN,PR1 - Own provision by LA,Temporary Placement,
1436,23/11/2024,30/11/2024,390,1,IN,PR1 - Own provision by LA,Temporary Placement,
1515,28/06/2024,30/06/2024,538,1,IN,PR1 - Own provision by LA,Temporary Placement,
1571,01/08/2024,10/08/2024,504,1,IN,PR1 - Own provision by LA,Temporary Placement,
1579,25/03/2024,07/11/2024,633,1,IN,PR1 - Own provision by LA,Kinship - short term,
1666,11/12/2024,21/01/2025,372,1,IN,PR1 - Own provision by LA,Fostering – short term,
1887,01/08/2024,10/08/2024,504,1,IN,PR1 - Own provision by LA,Temporary Placement,
2020,04/04/2023,08/11/2023,989,1,IN,PR1 - Own provision by LA,Kinship - short term,
2077,03/06/2024,07/06/2024,563,1,IN,PR1 - Own provision by LA,Temporary Placement,
2092,17/05/2023,26/05/2023,946,1,IN,PR1 - Own provision by LA,Kinship - short term,
2204,04/01/2024,14/06/2024,714,1,IN,PR1 - Own provision by LA,Fostering – short term,
2354,06/03/2024,16/08/2024,652,1,IN,PR4 - Private Provision,Fostering – short term,
2358,20/02/2024,01/07/2024,667,1,IN,PR4 - Private Provision,Semi-independent supported accommodation,
448,14/07/2023,25/03/2024,888,1.2,IN,PR1 - Own provision by LA,Kinship - short term,
2112,18/08/2023,30/08/2023,853,1.5,IN,PR1 - Own provision by LA,Temporary Placement,
419,14/06/2023,11/10/2024,918,1.8,IN,PR1 - Own provision by LA,Kinship - short term,
422,14/06/2023,28/01/2025,918,1.9,IN,PR1 - Own provision by LA,Kinship - short term,
239,09/06/2023,12/06/2023,923,2,IN,PR1 - Own provision by LA,Temporary Placement,
247,28/02/2024,19/07/2024,659,2,IN,PR4 - Private Provision,Semi-independent supported accommodation,
372,31/05/2024,01/06/2024,566,2,IN,PR1 - Own provision by LA,Temporary Placement,
412,22/04/2023,08/05/2023,971,2,IN,PR1 - Own provision by LA,Temporary Placement,
584,14/02/2025,01/08/2025,307,2,IN,PR1 - Own provision by LA,Kinship - short term,
638,30/05/2024,21/11/2024,567,2,IN,PR1 - Own provision by LA,Kinship - short term,
655,27/09/2025,11/10/2025,82,2,IN,PR1 - Own provision by LA,Temporary Placement,
693,14/02/2025,01/08/2025,307,2,IN,PR1 - Own provision by LA,Kinship - short term,
760,29/01/2024,12/02/2024,689,2,IN,PR1 - Own provision by LA,Kinship - short term,
835,31/10/2024,27/03/2025,413,2,IN,PR0 - Parents or other person with parental responsibility,Placed with Parents,
938,20/08/2025,30/08/2025,120,2,IN,PR1 - Own provision by LA,Temporary Placement,
939,20/08/2025,30/08/2025,120,2,IN,PR1 - Own provision by LA,Temporary Placement,
952,01/04/2025,08/04/2025,261,2,OUT,PR1 - Own provision by LA,Temporary Placement,
977,29/01/2024,12/02/2024,689,2,IN,PR1 - Own provision by LA,Kinship - short term,
1006,22/07/2024,08/08/2024,514,2,IN,PR1 - Own provision by LA,Temporary Placement,
1021,08/03/2024,02/12/2024,650,2,IN,PR1 - Own provision by LA,Kinship - short term,
1043,20/08/2025,30/08/2025,120,2,IN,PR1 - Own provision by LA,Temporary Placement,
1065,31/10/2024,27/03/2025,413,2,IN,PR0 - Parents or other person with parental responsibility,Placed with Parents,
1160,01/04/2025,08/04/2025,261,2,IN,PR1 - Own provision by LA,Temporary Placement,
1320,02/06/2024,25/06/2024,564,2,IN,PR1 - Own provision by LA,Temporary Placement,
1489,31/10/2024,27/03/2025,413,2,IN,PR0 - Parents or other person with parental responsibility,Placed with Parents,
1524,14/11/2023,15/11/2023,765,2,IN,PR1 - Own provision by LA,Fostering – short term,
1529,14/11/2023,15/11/2023,765,2,IN,PR1 - Own provision by LA,Fostering – short term,
1622,05/07/2023,06/11/2024,897,2,IN,PR1 - Own provision by LA,Kinship - short term,
1623,05/07/2023,06/11/2024,897,2,IN,PR1 - Own provision by LA,Kinship - short term,
1624,05/07/2023,06/11/2024,897,2,IN,PR1 - Own provision by LA,Kinship - short term,
1630,08/03/2024,02/12/2024,650,2,IN,PR1 - Own provision by LA,Kinship - short term,
1647,27/12/2024,15/04/2025,356,2,IN,PR1 - Own provision by LA,Fostering – short term,
1648,27/12/2024,15/04/2025,356,2,IN,PR1 - Own provision by LA,Fostering – short term,
1775,21/07/2024,24/07/2024,515,2,IN,PR1 - Own provision by LA,Fostering – short term,
1900,01/06/2023,15/11/2023,931,2,IN,PR1 - Own provision by LA,Kinship - short term,
1901,01/06/2023,15/11/2023,931,2,IN,PR1 - Own provision by LA,Kinship - short term,
2085,19/09/2023,05/05/2024,821,2,IN,PR5 - Voluntary/Third Sector Provision,Semi-independent supported accommodation,
2137,30/07/2024,06/08/2024,506,2,IN,PR1 - Own provision by LA,Temporary Placement,
2261,27/06/2023,28/06/2023,905,2,IN,PR1 - Own provision by LA,Fostering – short term,
2300,29/12/2023,20/02/2025,720,2,IN,PR1 - Own provision by LA,Fostering – short term,
2486,07/04/2024,18/06/2024,620,2,IN,PR1 - Own provision by LA,Fostering – short term,
688,30/07/2023,09/08/2023,872,2.5,IN,PR1 - Own provision by LA,Temporary Placement,
23,09/01/2024,15/04/2024,709,3,IN,PR4 - Private Provision,Semi-independent supported accommodation,
180,24/03/2025,31/03/2025,269,3,IN,PR1 - Own provision by LA,Temporary Placement,
205,07/02/2025,08/02/2025,314,3,IN,PR1 - Own provision by LA,Temporary Placement,
211,19/02/2025,22/02/2025,302,3,IN,PR1 - Own provision by LA,Temporary Placement,
300,13/10/2023,26/06/2024,797,3,IN,PR4 - Private Provision,Residential Unit (Children's Home),
489,13/08/2025,21/08/2025,127,3,IN,PR1 - Own provision by LA,Temporary Placement,
697,08/06/2023,20/11/2023,924,3,IN,PR1 - Own provision by LA,Kinship - short term,
853,11/05/2025,28/05/2025,221,3,IN,PR1 - Own provision by LA,Temporary Placement,
953,09/06/2025,23/06/2025,192,3,IN,PR4 - Private Provision,Temporary Placement,
1102,07/06/2025,03/06/2025,194,3,IN,PR1 - Own provision by LA,Temporary Placement,
1103,07/06/2025,08/06/2025,194,3,IN,PR1 - Own provision by LA,Temporary Placement,
1104,19/06/2025,21/06/2025,182,3,IN,PR1 - Own provision by LA,Temporary Placement,
1161,09/06/2025,23/06/2025,192,3,IN,PR4 - Private Provision,Temporary Placement,
1319,23/06/2025,03/07/2025,178,3,IN,PR1 - Own provision by LA,Temporary Placement,
1425,25/08/2025,28/08/2025,115,3,IN,PR1 - Own provision by LA,Temporary Placement,
1547,20/08/2025,30/08/2025,120,3,IN,PR1 - Own provision by LA,Temporary Placement,
1594,12/04/2023,04/05/2023,981,3,IN,PR1 - Own provision by LA,Fostering – short term,
1628,30/08/2024,02/09/2024,475,3,IN,PR1 - Own provision by LA,Temporary Placement,
1716,08/06/2023,20/11/2023,924,3,IN,PR1 - Own provision by LA,Kinship - short term,
1824,08/06/2023,20/11/2023,924,3,IN,PR1 - Own provision by LA,Kinship - short term,
1944,30/08/2024,02/09/2024,475,3,IN,PR1 - Own provision by LA,Temporary Placement,
2118,20/05/2023,23/05/2023,943,3,OUT,PR4 - Private Provision,Fostering – short term,
2128,07/06/2023,23/06/2025,925,3,IN,PR1 - Own provision by LA,Fostering – short term,
2168,24/10/2023,28/03/2024,786,3,IN,PR1 - Own provision by LA,Kinship - short term,
2356,11/04/2025,16/05/2025,251,3,IN,PR1 - Own provision by LA,Kinship - Unregistered Carer,
2387,26/06/2024,16/01/2025,540,3,IN,PR1 - Own provision by LA,Fostering – short term,
2483,27/03/2024,03/09/2025,631,3,IN,PR4 - Private Provision,Semi-independent supported accommodation,
2546,20/11/2024,06/12/2024,393,3,IN,PR3 - Other public provision,NHS/Other Hospital,
2644,25/11/2025,26/11/2025,23,3,IN,PR3 - Other public provision,NHS/Other Hospital,
289,07/11/2024,09/11/2024,406,3.1,IN,PR4 - Private Provision,Fostering – short term,
420,02/04/2025,22/05/2025,260,3.5,OUT,PR3 - Other public provision,Unregistered - awaiting alternative,
1144,06/02/2024,08/02/2024,681,3.7,IN,PR1 - Own provision by LA,Temporary Placement,
1264,06/02/2024,08/02/2024,681,3.7,IN,PR1 - Own provision by LA,Temporary Placement,
1549,24/05/2024,01/06/2024,573,3.7,IN,PR1 - Own provision by LA,Temporary Placement,
88,03/05/2025,11/05/2025,229,3.9,IN,PR1 - Own provision by LA,Temporary Placement,
352,22/08/2023,29/08/2023,849,4,IN,PR1 - Own provision by LA,Temporary Placement,
619,04/08/2025,12/08/2025,136,4,IN,PR1 - Own provision by LA,Temporary Placement,
698,02/01/2025,03/01/2025,350,4,IN,PR1 - Own provision by LA,Fostering – short term,
771,25/05/2024,01/06/2024,572,4,IN,PR1 - Own provision by LA,Temporary Placement,
792,14/07/2023,08/01/2024,888,4,IN,PR4 - Private Provision,Kinship - short term,
845,17/04/2024,28/08/2024,610,4,IN,PR1 - Own provision by LA,Kinship - short term,
865,02/03/2024,03/03/2024,656,4,IN,PR1 - Own provision by LA,Temporary Placement,
963,26/11/2024,01/12/2024,387,4,IN,PR1 - Own provision by LA,Temporary Placement,
1075,24/08/2025,30/08/2025,116,4,IN,PR1 - Own provision by LA,Temporary Placement,
1617,06/12/2024,13/12/2024,377,4,IN,PR1 - Own provision by LA,Temporary Placement,
1618,27/08/2024,01/09/2024,478,4,IN,PR1 - Own provision by LA,Temporary Placement,
1793,18/05/2023,21/05/2023,945,4,IN,PR1 - Own provision by LA,Temporary Placement,
1981,19/12/2024,22/12/2024,364,4,IN,PR1 - Own provision by LA,Temporary Placement,
2089,24/05/2023,26/05/2023,939,4,IN,PR3 - Other public provision,NHS/Other Hospital,
2258,25/01/2024,31/01/2024,693,4,IN,PR3 - Other public provision,NHS/Other Hospital,
2273,14/02/2024,10/01/2025,673,4,IN,PR1 - Own provision by LA,Fostering – short term,
2577,07/07/2025,01/08/2025,164,4,IN,PR3 - Other public provision,NHS/Other Hospital,
2635,04/02/2025,28/03/2025,317,4,IN,PR1 - Own provision by LA,Fostering – short term,
2653,09/10/2025,12/10/2025,70,4,IN,PR1 - Own provision by LA,Fostering – short term,
1777,16/02/2024,16/04/2024,671,4.1,IN,PR4 - Private Provision,Semi-independent supported accommodation,
203,23/05/2024,17/06/2024,574,4.6,IN,PR4 - Private Provision,Semi-independent supported accommodation,
150,30/11/2023,17/06/2024,749,5,IN,PR1 - Own provision by LA,Semi-independent supported accommodation,
185,17/02/2025,18/08/2025,304,5,IN,PR4 - Private Provision,Semi-independent supported accommodation,
228,03/11/2025,11/11/2025,45,5,IN,PR1 - Own provision by LA,Temporary Placement,
235,15/07/2024,01/08/2024,521,5,IN,PR1 - Own provision by LA,Temporary Placement,
346,11/12/2024,19/03/2025,372,5,IN,PR4 - Private Provision,Semi-independent supported accommodation,
363,18/08/2023,15/05/2024,853,5,IN,PR1 - Own provision by LA,Kinship - short term,
414,05/09/2025,16/09/2025,104,5,IN,PR4 - Private Provision,Temporary Placement,
461,30/11/2025,06/12/2025,18,5,IN,PR1 - Own provision by LA,Temporary Placement,
464,02/05/2024,07/05/2024,595,5,IN,PR1 - Own provision by LA,Temporary Placement,
470,22/09/2023,29/11/2023,818,5,IN,PR1 - Own provision by LA,Kinship - short term,
472,21/03/2024,26/11/2024,637,5,IN,PR1 - Own provision by LA,Temporary Placement,
538,10/07/2023,14/07/2023,892,5,IN,PR1 - Own provision by LA,Fostering – short term,
589,07/05/2025,29/08/2025,225,5,OUT,PR4 - Private Provision,Semi-independent supported accommodation,
612,26/07/2023,24/11/2023,876,5,IN,PR1 - Own provision by LA,Kinship - short term,
620,15/07/2024,01/08/2024,521,5,IN,PR1 - Own provision by LA,Temporary Placement,
628,30/12/2023,04/01/2024,719,5,IN,PR5 - Voluntary/Third Sector Provision,Semi-independent supported accommodation,
641,30/11/2025,06/12/2025,18,5,IN,PR1 - Own provision by LA,Temporary Placement,
763,14/08/2023,18/06/2024,857,5,IN,PR1 - Own provision by LA,Kinship - short term,
765,27/06/2025,08/07/2025,174,5,IN,PR4 - Private Provision,Fostering – short term,
793,13/12/2023,31/12/2023,736,5,IN,PR1 - Own provision by LA,Temporary Placement,
794,13/12/2023,31/12/2023,736,5,IN,PR1 - Own provision by LA,Temporary Placement,
861,23/11/2024,04/12/2024,390,5,IN,PR1 - Own provision by LA,Temporary Placement,
870,02/04/2024,01/08/2024,625,5,IN,PR4 - Private Provision,Fostering – short term,
926,14/10/2024,18/10/2024,430,5,IN,PR1 - Own provision by LA,Temporary Placement,
927,14/10/2024,18/10/2024,430,5,IN,PR1 - Own provision by LA,Temporary Placement,
1004,14/04/2025,26/04/2025,248,5,IN,PR1 - Own provision by LA,Temporary Placement,
1071,03/05/2023,28/02/2024,960,5,IN,PR0 - Parents or other person with parental responsibility,Placed with Parents,
1162,05/12/2023,20/09/2024,744,5,IN,PR5 - Voluntary/Third Sector Provision,Semi-independent supported accommodation,
1171,25/09/2024,25/07/2025,449,5,IN,PR4 - Private Provision,Fostering – short term,
1197,06/06/2023,11/06/2023,926,5,IN,PR1 - Own provision by LA,Temporary Placement,
1321,02/06/2023,17/06/2023,930,5,IN,PR1 - Own provision by LA,Temporary Placement,
1323,02/06/2024,25/06/2024,564,5,IN,PR1 - Own provision by LA,Temporary Placement,
1324,02/06/2023,17/06/2023,930,5,IN,PR1 - Own provision by LA,Temporary Placement,
1331,19/09/2023,16/02/2024,821,5,OUT,PR5 - Voluntary/Third Sector Provision,Semi-independent supported accommodation,
1393,12/07/2024,07/08/2024,524,5,IN,PR1 - Own provision by LA,Temporary Placement,
1453,05/08/2025,17/08/2025,135,5,IN,PR1 - Own provision by LA,Temporary Placement,
1457,29/02/2024,04/03/2024,658,5,IN,PR1 - Own provision by LA,Fostering – short term,
1458,29/02/2024,01/03/2024,658,5,IN,PR1 - Own provision by LA,Fostering – short term,
1470,12/07/2024,21/07/2024,524,5,IN,PR1 - Own provision by LA,Temporary Placement,
1484,28/08/2024,29/08/2024,477,5,OUT,PR1 - Own provision by LA,Temporary Placement,
1522,16/05/2023,17/05/2023,947,5,IN,PR1 - Own provision by LA,Fostering – short term,
1550,26/03/2025,04/04/2025,267,5,IN,PR1 - Own provision by LA,Temporary Placement,
1598,05/08/2025,17/08/2025,135,5,IN,PR1 - Own provision by LA,Temporary Placement,
1613,12/09/2023,19/09/2023,828,5,IN,PR1 - Own provision by LA,Temporary Placement,
1614,04/04/2023,08/04/2023,989,5,IN,PR1 - Own provision by LA,Temporary Placement,
1615,09/02/2024,16/02/2024,678,5,IN,PR1 - Own provision by LA,Temporary Placement,
1616,21/04/2023,24/04/2023,972,5,IN,PR1 - Own provision by LA,Temporary Placement,
1626,24/11/2023,10/12/2023,755,5,IN,PR1 - Own provision by LA,Temporary Placement,
1627,07/05/2024,15/05/2024,590,5,IN,PR1 - Own provision by LA,Temporary Placement,
1703,30/08/2023,15/10/2023,841,5,IN,PR1 - Own provision by LA,Temporary Placement,
1704,18/08/2023,30/08/2023,853,5,IN,PR1 - Own provision by LA,Temporary Placement,
1718,17/08/2024,29/08/2024,488,5,IN,PR1 - Own provision by LA,Temporary Placement,
1737,03/11/2025,11/11/2025,45,5,IN,PR2 - Other LA provision,Temporary Placement,
1745,16/07/2025,26/07/2025,155,5,IN,PR1 - Own provision by LA,Temporary Placement,
1806,17/05/2023,28/11/2023,946,5,IN,PR5 - Voluntary/Third Sector Provision,Semi-independent supported accommodation,
1942,15/05/2025,21/05/2025,217,5,IN,PR1 - Own provision by LA,Temporary Placement,
1943,07/05/2024,15/05/2024,590,5,IN,PR1 - Own provision by LA,Temporary Placement,
1945,28/11/2024,03/12/2024,385,5,IN,PR1 - Own provision by LA,Temporary Placement,
1966,25/11/2025,28/11/2025,23,5,IN,PR1 - Own provision by LA,Fostering – short term,
1974,28/04/2023,06/05/2023,965,5,IN,PR1 - Own provision by LA,Temporary Placement,
1988,07/04/2023,15/04/2023,986,5,IN,PR1 - Own provision by LA,Temporary Placement,
2079,09/02/2024,12/02/2024,678,5,IN,PR1 - Own provision by LA,Temporary Placement,
2093,17/05/2024,26/05/2024,580,5,IN,PR1 - Own provision by LA,Temporary Placement,
2102,29/04/2023,30/04/2023,964,5,IN,PR1 - Own provision by LA,Temporary Placement,
2111,17/08/2024,29/08/2024,488,5,IN,PR1 - Own provision by LA,Temporary Placement,
2131,28/03/2024,01/04/2024,630,5,IN,PR1 - Own provision by LA,Temporary Placement,
2144,25/07/2023,28/07/2023,877,5,IN,PR3 - Other public provision,NHS/Other Hospital,
2148,17/08/2024,29/08/2024,488,5,IN,PR1 - Own provision by LA,Temporary Placement,
2172,23/05/2024,08/06/2024,574,5,IN,PR1 - Own provision by LA,Temporary Placement,
2173,17/08/2024,29/08/2024,488,5,IN,PR1 - Own provision by LA,Temporary Placement,
2194,12/07/2024,07/08/2024,524,5,IN,PR1 - Own provision by LA,Temporary Placement,
2209,04/01/2024,10/01/2025,714,5,OUT,PR1 - Own provision by LA,Fostering – short term,
2211,14/07/2023,17/07/2023,888,5,IN,PR1 - Own provision by LA,Fostering – short term,
2213,27/11/2024,05/12/2024,386,5,IN,PR1 - Own provision by LA,Fostering – short term,
2214,27/11/2024,05/12/2024,386,5,IN,PR1 - Own provision by LA,Fostering – short term,
2217,25/09/2023,30/01/2024,815,5,IN,PR0 - Parents or other person with parental responsibility,Placed with Parents,
2222,16/11/2023,24/10/2024,763,5,IN,PR1 - Own provision by LA,Fostering – short term,
2229,13/12/2023,19/12/2023,736,5,IN,PR1 - Own provision by LA,Kinship - short term,
2235,01/06/2023,12/02/2024,931,5,IN,PR5 - Voluntary/Third Sector Provision,Fostering – short term,
2276,12/09/2025,15/09/2025,97,5,IN,PR1 - Own provision by LA,Temporary Placement,
2277,21/07/2025,11/08/2025,150,5,IN,PR1 - Own provision by LA,Temporary Placement,
2372,17/12/2024,31/12/2024,366,5,IN,PR1 - Own provision by LA,Temporary Placement,
2376,17/12/2024,31/12/2024,366,5,IN,PR1 - Own provision by LA,Temporary Placement,
2393,18/06/2025,20/06/2025,183,5,IN,PR1 - Own provision by LA,Temporary Placement,
2397,05/06/2024,09/07/2024,561,5,IN,PR3 - Other public provision,NHS/Other Hospital,
2401,17/05/2024,26/05/2024,580,5,IN,PR1 - Own provision by LA,Temporary Placement,
2489,04/04/2025,07/04/2025,258,5,IN,PR1 - Own provision by LA,Temporary Placement,
2490,15/05/2025,21/05/2025,217,5,IN,PR1 - Own provision by LA,Temporary Placement,
2491,18/09/2025,23/09/2025,91,5,IN,PR1 - Own provision by LA,Temporary Placement,
2503,15/05/2025,19/05/2025,217,5,IN,PR1 - Own provision by LA,Temporary Placement,
2504,24/05/2025,02/06/2025,208,5,IN,PR1 - Own provision by LA,Temporary Placement,
2542,10/02/2025,26/02/2025,311,5,IN,PR1 - Own provision by LA,Fostering – short term,
2571,23/05/2025,01/06/2025,209,5,IN,PR1 - Own provision by LA,Temporary Placement,
2610,25/03/2025,26/09/2025,268,5,OUT,PR1 - Own provision by LA,Kinship - short term,
490,02/12/2024,19/12/2024,381,5.8,IN,PR1 - Own provision by LA,Temporary Placement,
2178,13/04/2023,07/08/2024,980,5.8,OUT,PR1 - Own provision by LA,Kinship - short term,
2292,21/02/2024,07/08/2024,666,5.8,IN,PR1 - Own provision by LA,Kinship - short term,
169,26/05/2023,03/06/2023,937,6,IN,PR1 - Own provision by LA,Temporary Placement,
172,30/06/2023,02/07/2023,902,6,IN,PR1 - Own provision by LA,Temporary Placement,
206,10/10/2025,30/10/2025,69,6,IN,PR1 - Own provision by LA,Temporary Placement,
207,03/10/2025,04/10/2025,76,6,IN,PR1 - Own provision by LA,Temporary Placement,
208,02/05/2025,03/05/2025,230,6,IN,PR1 - Own provision by LA,Temporary Placement,
209,07/03/2025,08/03/2025,286,6,IN,PR1 - Own provision by LA,Temporary Placement,
210,28/02/2025,02/03/2025,293,6,IN,PR1 - Own provision by LA,Temporary Placement,
212,11/04/2025,17/04/2025,251,6,IN,PR1 - Own provision by LA,Temporary Placement,
214,13/02/2024,17/02/2024,674,6,IN,PR1 - Own provision by LA,Temporary Placement,
216,25/05/2024,28/05/2024,572,6,IN,PR1 - Own provision by LA,Temporary Placement,
222,06/10/2023,22/10/2023,804,6,IN,PR1 - Own provision by LA,Temporary Placement,
229,05/09/2024,13/09/2024,469,6,IN,PR1 - Own provision by LA,Temporary Placement,
294,26/05/2023,29/05/2023,937,6,IN,PR1 - Own provision by LA,Temporary Placement,
296,07/06/2024,10/06/2024,559,6,OUT,PR1 - Own provision by LA,Temporary Placement,
334,02/06/2025,13/06/2025,199,6,IN,PR1 - Own provision by LA,Temporary Placement,
341,01/06/2024,11/06/2024,565,6,IN,PR1 - Own provision by LA,Temporary Placement,
559,02/05/2025,04/05/2025,230,6,IN,PR1 - Own provision by LA,Temporary Placement,
560,14/04/2025,20/04/2025,248,6,IN,PR1 - Own provision by LA,Temporary Placement,
720,15/05/2024,17/06/2024,582,6,IN,PR5 - Voluntary/Third Sector Provision,Semi-independent supported accommodation,
787,23/09/2024,29/09/2024,451,6,IN,PR1 - Own provision by LA,Temporary Placement,
836,18/10/2023,17/11/2023,792,6,IN,PR1 - Own provision by LA,Temporary Placement,
862,13/06/2025,14/06/2025,188,6,IN,PR1 - Own provision by LA,Temporary Placement,
863,02/06/2025,13/06/2025,199,6,IN,PR1 - Own provision by LA,Temporary Placement,
889,26/05/2023,02/06/2023,937,6,IN,PR1 - Own provision by LA,Temporary Placement,
909,30/06/2023,02/07/2023,902,6,IN,PR1 - Own provision by LA,Temporary Placement,
910,22/07/2023,01/08/2023,880,6,IN,PR1 - Own provision by LA,Temporary Placement,
923,21/07/2025,30/07/2025,150,6,IN,PR1 - Own provision by LA,Temporary Placement,
924,18/10/2024,27/10/2024,426,6,IN,PR1 - Own provision by LA,Temporary Placement,
925,30/09/2024,14/10/2024,444,6,IN,PR1 - Own provision by LA,Temporary Placement,
928,21/07/2025,30/07/2025,150,6,IN,PR1 - Own provision by LA,Temporary Placement,
929,18/10/2024,27/10/2024,426,6,IN,PR1 - Own provision by LA,Temporary Placement,
1005,22/07/2024,10/08/2024,514,6,IN,PR1 - Own provision by LA,Temporary Placement,
1016,09/09/2024,20/09/2024,465,6,IN,PR1 - Own provision by LA,Temporary Placement,
1067,23/09/2024,29/09/2024,451,6,IN,PR1 - Own provision by LA,Temporary Placement,
1399,30/09/2024,28/10/2024,444,6,IN,PR1 - Own provision by LA,Temporary Placement,
1400,28/09/2025,24/10/2025,81,6,IN,PR1 - Own provision by LA,Temporary Placement,
1401,04/11/2023,01/12/2023,775,6,IN,PR1 - Own provision by LA,Temporary Placement,
1403,04/11/2023,01/12/2023,775,6,IN,PR1 - Own provision by LA,Temporary Placement,
1404,01/10/2024,28/10/2024,443,6,IN,PR1 - Own provision by LA,Temporary Placement,
1405,01/10/2024,28/10/2024,443,6,IN,PR1 - Own provision by LA,Temporary Placement,
1406,04/11/2023,01/12/2023,775,6,IN,PR1 - Own provision by LA,Temporary Placement,
1407,28/09/2025,24/10/2025,81,6,IN,PR1 - Own provision by LA,Temporary Placement,
1418,05/05/2023,20/05/2023,958,6,IN,PR1 - Own provision by LA,Temporary Placement,
1476,28/11/2024,01/12/2024,385,6,IN,PR1 - Own provision by LA,Temporary Placement,
1548,30/03/2024,07/04/2024,628,6,IN,PR1 - Own provision by LA,Temporary Placement,
1587,05/05/2023,20/05/2023,958,6,IN,PR1 - Own provision by LA,Temporary Placement,
1601,05/11/2023,23/11/2023,774,6,IN,PR1 - Own provision by LA,Temporary Placement,
1846,30/07/2023,05/08/2023,872,6,IN,PR1 - Own provision by LA,Temporary Placement,
1894,05/05/2023,20/05/2023,958,6,OUT,PR1 - Own provision by LA,Temporary Placement,
1975,14/11/2023,16/11/2023,765,6,IN,PR1 - Own provision by LA,Temporary Placement,
1978,07/07/2023,10/07/2023,895,6,IN,PR1 - Own provision by LA,Temporary Placement,
2080,12/09/2023,19/09/2023,828,6,IN,PR1 - Own provision by LA,Temporary Placement,
2171,17/08/2024,28/08/2024,488,6,IN,PR1 - Own provision by LA,Temporary Placement,
2451,09/08/2024,11/08/2024,496,6,IN,PR1 - Own provision by LA,Temporary Placement,
2452,30/07/2025,16/08/2025,141,6,IN,PR1 - Own provision by LA,Temporary Placement,
2453,01/03/2024,19/03/2024,657,6,IN,PR1 - Own provision by LA,Kinship - short term,
2456,01/03/2024,19/03/2024,657,6,IN,PR1 - Own provision by LA,Kinship - short term,
2457,01/03/2024,19/03/2024,657,6,IN,PR1 - Own provision by LA,Kinship - short term,
2460,01/03/2024,19/03/2024,657,6,IN,PR1 - Own provision by LA,Kinship - short term,
2461,01/03/2024,19/03/2024,657,6,IN,PR1 - Own provision by LA,Kinship - short term,
2573,23/07/2025,08/08/2025,148,6,IN,PR1 - Own provision by LA,Temporary Placement,
2561,05/02/2025,31/08/2025,316,6.2,IN,PR1 - Own provision by LA,Fostering – long term,
221,24/11/2023,26/11/2023,755,7,IN,PR1 - Own provision by LA,Temporary Placement,
471,02/06/2024,30/06/2024,564,7,IN,PR1 - Own provision by LA,Temporary Placement,
859,21/03/2024,07/04/2024,637,7,IN,PR1 - Own provision by LA,Temporary Placement,
1019,26/03/2025,14/04/2025,267,7,OUT,PR4 - Private Provision,Semi-independent supported accommodation,
1927,27/07/2023,14/08/2023,875,7,IN,PR1 - Own provision by LA,Temporary Placement,
1962,27/04/2023,01/04/2024,966,7,IN,PR4 - Private Provision,Fostering – short term,
2140,25/07/2025,29/07/2025,146,7,IN,PR1 - Own provision by LA,Temporary Placement,
2545,22/05/2025,02/06/2025,210,7,IN,PR1 - Own provision by LA,Temporary Placement,
2578,28/02/2025,28/03/2025,293,7,IN,PR1 - Own provision by LA,Kinship - short term,
66,19/09/2024,20/09/2024,455,8,IN,PR5 - Voluntary/Third Sector Provision,Semi-independent supported accommodation,
115,06/11/2023,20/09/2024,773,8,IN,PR1 - Own provision by LA,Kinship - short term,
215,14/01/2024,22/01/2024,704,8,IN,PR1 - Own provision by LA,Temporary Placement,
220,05/01/2024,06/01/2024,713,8,IN,PR1 - Own provision by LA,Temporary Placement,
227,02/04/2025,03/10/2025,260,8,OUT,PR4 - Private Provision,Semi-independent supported accommodation,
332,23/11/2024,04/12/2024,390,8,IN,PR1 - Own provision by LA,Temporary Placement,
463,02/05/2024,07/05/2024,595,8,IN,PR1 - Own provision by LA,Temporary Placement,
549,02/04/2024,30/04/2024,625,8,OUT,PR1 - Own provision by LA,Fostering – short term,
747,04/09/2023,14/09/2023,836,8,IN,PR1 - Own provision by LA,Temporary Placement,
860,23/09/2023,24/09/2023,817,8,IN,PR1 - Own provision by LA,Temporary Placement,
970,02/04/2024,30/04/2024,625,8,OUT,PR1 - Own provision by LA,Fostering – short term,
1027,13/11/2023,16/11/2023,766,8,IN,PR1 - Own provision by LA,Fostering – short term,
1028,15/11/2023,16/11/2023,764,8,IN,PR1 - Own provision by LA,Temporary Placement,
1293,19/12/2023,21/08/2024,730,8,OUT,PR4 - Private Provision,Fostering – short term,
1450,09/04/2025,20/04/2025,253,8,IN,PR1 - Own provision by LA,Temporary Placement,
1451,10/10/2023,23/10/2023,800,8,IN,PR1 - Own provision by LA,Fostering – short term,
1471,12/07/2024,21/07/2024,524,8,IN,PR1 - Own provision by LA,Temporary Placement,
1472,10/05/2025,12/05/2025,222,8,IN,PR1 - Own provision by LA,Temporary Placement,
1473,14/01/2025,19/01/2025,338,8,IN,PR1 - Own provision by LA,Temporary Placement,
1474,15/12/2024,17/12/2024,368,8,IN,PR1 - Own provision by LA,Temporary Placement,
1475,29/12/2024,31/12/2024,354,8,IN,PR1 - Own provision by LA,Temporary Placement,
1748,19/07/2024,06/08/2024,517,8,IN,PR1 - Own provision by LA,Temporary Placement,
1764,19/07/2024,06/08/2024,517,8,IN,PR1 - Own provision by LA,Temporary Placement,
1993,01/11/2024,08/11/2024,412,8,IN,PR1 - Own provision by LA,Temporary Placement,
2069,23/05/2023,02/06/2023,940,8,IN,PR1 - Own provision by LA,Fostering – short term,
2070,07/04/2025,05/06/2025,255,8,IN,PR1 - Own provision by LA,Fostering – short term,
2103,01/06/2023,02/03/2025,931,8,IN,PR1 - Own provision by LA,Fostering – short term,
2133,01/04/2024,09/04/2024,626,8,IN,PR1 - Own provision by LA,Temporary Placement,
2138,28/11/2024,02/12/2024,385,8,IN,PR1 - Own provision by LA,Temporary Placement,
2174,20/11/2023,08/11/2024,759,8,IN,PR1 - Own provision by LA,Fostering – short term,
2378,01/02/2024,27/03/2024,686,8,IN,PR1 - Own provision by LA,Fostering – short term,
2385,24/04/2024,05/10/2024,603,8,OUT,PR4 - Private Provision,Fostering – short term,
2466,07/04/2025,05/06/2025,255,8,IN,PR1 - Own provision by LA,Fostering – short term,
2481,27/11/2024,10/09/2025,386,8,IN,PR4 - Private Provision,Semi-independent supported accommodation,
2518,09/10/2024,18/10/2024,435,8,OUT,PR1 - Own provision by LA,Fostering – short term,
2078,31/07/2023,24/07/2024,871,8.4,IN,PR1 - Own provision by LA,Fostering – long term,
1438,05/07/2024,11/07/2024,531,8.5,IN,PR1 - Own provision by LA,Unregistered Placement,
711,14/06/2023,30/07/2024,918,8.7,IN,PR1 - Own provision by LA,Kinship - short term,
342,23/05/2024,09/09/2025,574,9,IN,PR1 - Own provision by LA,Kinship - short term,
1060,13/04/2023,12/05/2023,980,9,IN,PR0 - Parents or other person with parental responsibility,Placed with Parents,
1097,21/08/2024,30/08/2024,484,9,IN,PR1 - Own provision by LA,Temporary Placement,
1481,26/07/2024,27/07/2024,510,9,OUT,PR1 - Own provision by LA,Temporary Placement,
1736,05/09/2024,13/09/2024,469,9,IN,PR1 - Own provision by LA,Temporary Placement,
1747,08/10/2023,20/10/2023,802,9,IN,PR1 - Own provision by LA,Temporary Placement,
2005,09/06/2023,26/01/2024,923,9,OUT,PR4 - Private Provision,Fostering – long term,
2200,03/01/2024,19/01/2024,715,9,IN,PR1 - Own provision by LA,Fostering – short term,
2262,22/02/2024,10/11/2025,665,9,IN,PR1 - Own provision by LA,Fostering – short term,
2391,17/04/2024,14/09/2024,610,9,IN,PR1 - Own provision by LA,Fostering – short term,
2580,24/02/2025,27/03/2025,297,9,IN,PR1 - Own provision by LA,Fostering – short term,
2379,24/11/2023,29/11/2023,755,9.3,OUT,PR1 - Own provision by LA,Fostering – short term,
2011,17/06/2025,04/07/2025,184,9.5,IN,PR1 - Own provision by LA,Unregistered - awaiting alternative,
2014,17/06/2025,04/07/2025,184,9.5,IN,PR1 - Own provision by LA,Unregistered - awaiting alternative,
2015,17/06/2025,04/07/2025,184,9.5,IN,PR1 - Own provision by LA,Unregistered - awaiting alternative,
2439,10/06/2025,21/06/2025,191,9.8,IN,PR1 - Own provision by LA,Temporary Placement,
87,12/05/2024,15/05/2024,585,10,IN,PR1 - Own provision by LA,Temporary Placement,
170,22/03/2024,30/03/2024,636,10,IN,PR1 - Own provision by LA,Temporary Placement,
183,07/08/2025,14/08/2025,133,10,IN,PR1 - Own provision by LA,Temporary Placement,
295,10/06/2024,17/06/2024,556,10,IN,PR1 - Own provision by LA,Temporary Placement,
340,12/06/2024,18/06/2024,554,10,OUT,PR1 - Own provision by LA,Temporary Placement,
367,26/06/2023,27/06/2023,906,10,IN,PR1 - Own provision by LA,Fostering – short term,
504,28/06/2023,29/06/2023,904,10,OUT,PR2 - Other LA provision,Temporary Placement,
548,25/11/2025,26/11/2025,23,10,IN,PR1 - Own provision by LA,Temporary Placement,
608,13/03/2024,17/03/2024,645,10,OUT,PR1 - Own provision by LA,Temporary Placement,
610,21/09/2023,08/04/2024,819,10,IN,PR1 - Own provision by LA,Kinship - short term,
740,18/06/2024,26/11/2024,548,10,IN,PR1 - Own provision by LA,Kinship - short term,
782,08/08/2025,11/08/2025,132,10,IN,PR1 - Own provision by LA,Temporary Placement,
783,08/08/2025,11/08/2025,132,10,IN,PR1 - Own provision by LA,Temporary Placement,
827,13/05/2024,17/05/2024,584,10,IN,PR1 - Own provision by LA,Temporary Placement,
873,13/06/2023,22/06/2023,919,10,IN,PR1 - Own provision by LA,Temporary Placement,
902,25/10/2024,28/10/2024,419,10,IN,PR1 - Own provision by LA,Temporary Placement,
903,22/11/2024,25/11/2024,391,10,IN,PR1 - Own provision by LA,Temporary Placement,
906,30/08/2024,02/09/2024,475,10,IN,PR1 - Own provision by LA,Temporary Placement,
918,22/03/2024,30/03/2024,636,10,IN,PR1 - Own provision by LA,Temporary Placement,
968,08/01/2024,19/02/2024,710,10,OUT,PR2 - Other LA provision,Secure Unit,
1059,25/04/2025,02/05/2025,237,10,IN,PR1 - Own provision by LA,Temporary Placement,
1066,01/02/2024,02/02/2024,686,10,IN,PR1 - Own provision by LA,Fostering – short term,
1133,29/02/2024,19/03/2024,658,10,IN,PR1 - Own provision by LA,Fostering – short term,
1166,01/06/2024,08/06/2024,565,10,IN,PR1 - Own provision by LA,Temporary Placement,
1230,14/04/2023,17/04/2023,979,10,IN,PR1 - Own provision by LA,Temporary Placement,
1262,19/10/2023,09/11/2023,791,10,IN,PR1 - Own provision by LA,Temporary Placement,
1349,17/11/2023,21/11/2023,762,10,IN,PR1 - Own provision by LA,Fostering – short term,
1478,14/08/2024,15/08/2024,491,10,OUT,PR1 - Own provision by LA,Temporary Placement,
1479,21/08/2024,22/08/2024,484,10,OUT,PR1 - Own provision by LA,Temporary Placement,
1480,07/08/2024,08/08/2024,498,10,OUT,PR1 - Own provision by LA,Temporary Placement,
1482,26/07/2024,27/07/2024,510,10,OUT,PR1 - Own provision by LA,Temporary Placement,
1505,26/09/2024,07/04/2025,448,10,IN,PR1 - Own provision by LA,Fostering – short term,
1533,14/04/2023,26/04/2023,979,10,IN,PR1 - Own provision by LA,Temporary Placement,
1600,02/06/2025,23/06/2025,199,10,IN,PR1 - Own provision by LA,Fostering – short term,
1728,16/04/2025,04/05/2025,246,10,IN,PR1 - Own provision by LA,Temporary Placement,
1739,13/08/2024,28/04/2025,492,10,OUT,PR4 - Private Provision,Fostering – short term,
1797,12/06/2023,05/12/2023,920,10,OUT,PR1 - Own provision by LA,Kinship - short term,
1864,31/12/2023,20/02/2024,718,10,IN,PR1 - Own provision by LA,Fostering – short term,
1896,17/06/2023,20/06/2023,915,10,IN,PR1 - Own provision by LA,Temporary Placement,
1941,18/10/2023,20/10/2023,792,10,IN,PR1 - Own provision by LA,Fostering – short term,
1949,31/08/2023,17/09/2023,840,10,IN,PR1 - Own provision by LA,Temporary Placement,
1953,27/06/2023,31/08/2023,905,10,OUT,PR1 - Own provision by LA,Kinship - short term,
1955,14/09/2024,22/09/2024,460,10,IN,PR1 - Own provision by LA,Temporary Placement,
1957,27/06/2023,04/10/2023,905,10,OUT,PR1 - Own provision by LA,Kinship - short term,
1958,27/06/2023,07/03/2024,905,10,OUT,PR1 - Own provision by LA,Kinship - short term,
1959,27/06/2023,07/03/2024,905,10,OUT,PR2 - Other LA provision,Kinship - short term,
1960,27/06/2023,07/03/2024,905,10,OUT,PR1 - Own provision by LA,Kinship - short term,
1972,04/08/2023,06/08/2023,867,10,OUT,PR1 - Own provision by LA,Temporary Placement,
1976,22/12/2023,23/12/2023,727,10,IN,PR1 - Own provision by LA,Temporary Placement,
1977,23/09/2023,24/09/2023,817,10,IN,PR1 - Own provision by LA,Temporary Placement,
1979,24/06/2023,25/06/2023,908,10,IN,PR1 - Own provision by LA,Temporary Placement,
1980,22/07/2023,23/07/2023,880,10,IN,PR1 - Own provision by LA,Temporary Placement,
2043,05/05/2024,21/05/2024,592,10,IN,PR1 - Own provision by LA,Temporary Placement,
2129,23/08/2023,30/08/2023,848,10,IN,PR1 - Own provision by LA,Temporary Placement,
2135,07/08/2024,23/08/2024,498,10,IN,PR1 - Own provision by LA,Temporary Placement,
2175,25/10/2023,08/09/2024,785,10,IN,PR1 - Own provision by LA,Fostering – short term,
2308,31/12/2023,19/02/2024,718,10,IN,PR1 - Own provision by LA,Fostering – short term,
2337,07/12/2023,19/03/2025,742,10,IN,PR1 - Own provision by LA,Fostering – short term,
2382,17/11/2023,23/11/2023,762,10,IN,PR1 - Own provision by LA,Fostering – short term,
2416,18/06/2024,20/12/2024,548,10,OUT,PR1 - Own provision by LA,Kinship - short term,
2450,22/08/2024,28/04/2025,483,10,OUT,PR4 - Private Provision,Fostering – short term,
2464,05/03/2024,06/03/2024,653,10,IN,PR4 - Private Provision,Semi-independent supported accommodation,
2471,19/09/2024,14/10/2024,455,10,OUT,PR2 - Other LA provision,"EPP: Fostering for Adoption, placed with approved adopter",
2547,08/07/2024,05/09/2024,528,10,OUT,PR4 - Private Provision,Semi-independent supported accommodation,
2560,05/08/2025,24/08/2025,135,10,IN,PR1 - Own provision by LA,Temporary Placement,
2576,24/08/2025,30/08/2025,116,10,IN,PR1 - Own provision by LA,Temporary Placement,
1001,25/05/2023,29/05/2023,938,10.4,IN,PR1 - Own provision by LA,Temporary Placement,
142,16/08/2023,22/09/2023,855,11,OUT,PR1 - Own provision by LA,Kinship - short term,
682,13/08/2023,22/08/2023,858,11,IN,PR1 - Own provision by LA,Temporary Placement,
1483,16/11/2024,17/11/2024,397,11,OUT,PR1 - Own provision by LA,Temporary Placement,
1485,16/10/2024,17/10/2024,428,11,OUT,PR1 - Own provision by LA,Temporary Placement,
1486,30/10/2024,31/10/2024,414,11,OUT,PR1 - Own provision by LA,Temporary Placement,
1487,18/02/2025,19/02/2025,303,11,OUT,PR1 - Own provision by LA,Temporary Placement,
1488,22/02/2025,23/02/2025,299,11,OUT,PR1 - Own provision by LA,Temporary Placement,
1562,27/04/2023,14/05/2023,966,11,IN,PR1 - Own provision by LA,Temporary Placement,
1563,14/09/2023,30/09/2023,826,11,IN,PR1 - Own provision by LA,Temporary Placement,
2134,29/09/2023,02/10/2023,811,11,IN,PR1 - Own provision by LA,Fostering – short term,
2267,27/10/2023,01/12/2023,783,11,IN,PR4 - Private Provision,Fostering – short term,
2377,27/08/2024,29/08/2024,478,11,IN,PR1 - Own provision by LA,Fostering – short term,
2470,06/08/2024,03/03/2025,499,11,IN,PR1 - Own provision by LA,Fostering – short term,
173,11/02/2024,19/02/2024,676,12,IN,PR1 - Own provision by LA,Temporary Placement,
659,09/08/2024,06/09/2024,496,12,IN,PR1 - Own provision by LA,Fostering – short term,
694,26/06/2024,15/07/2024,540,12,IN,PR1 - Own provision by LA,Fostering – short term,
750,13/06/2024,20/06/2024,553,12,IN,PR1 - Own provision by LA,Temporary Placement,
917,11/02/2024,19/02/2024,676,12,IN,PR1 - Own provision by LA,Temporary Placement,
1606,28/09/2023,19/10/2023,812,12,IN,PR1 - Own provision by LA,Temporary Placement,
145,20/09/2023,22/09/2023,820,13,IN,PR1 - Own provision by LA,Temporary Placement,
1015,03/07/2023,11/07/2023,899,13,IN,PR1 - Own provision by LA,Fostering – short term,
1338,10/07/2024,23/07/2024,526,13,IN,PR1 - Own provision by LA,Temporary Placement,
1343,10/07/2024,23/07/2024,526,13,IN,PR1 - Own provision by LA,Temporary Placement,
1568,06/04/2025,15/04/2025,256,13,IN,PR1 - Own provision by LA,Temporary Placement,
1891,06/04/2025,15/04/2025,256,13,IN,PR1 - Own provision by LA,Temporary Placement,
1572,27/09/2023,09/10/2023,813,14,IN,PR1 - Own provision by LA,Temporary Placement,
1653,23/05/2023,30/05/2023,940,14,IN,PR1 - Own provision by LA,Temporary Placement,
1759,23/05/2023,30/05/2023,940,14,IN,PR1 - Own provision by LA,Temporary Placement,
1888,27/09/2023,09/10/2023,813,14,IN,PR1 - Own provision by LA,Temporary Placement,
2188,15/08/2025,05/09/2025,125,14,OUT,PR1 - Own provision by LA,Kinship - short term,
2191,15/08/2025,05/09/2025,125,14,OUT,PR1 - Own provision by LA,Kinship - short term,
2650,15/08/2025,05/09/2025,125,14,OUT,PR1 - Own provision by LA,Kinship - short term,
729,10/05/2023,22/05/2023,953,14.2,IN,PR4 - Private Provision,Semi-independent supported accommodation,
146,24/01/2024,18/07/2024,694,15,OUT,PR4 - Private Provision,Semi-independent supported accommodation,
165,20/07/2023,27/09/2023,882,15,IN,PR4 - Private Provision,Semi-independent supported accommodation,
200,07/05/2024,11/05/2024,590,15,IN,PR1 - Own provision by LA,Temporary Placement,
440,07/05/2024,10/05/2024,590,15,OUT,PR1 - Own provision by LA,Temporary Placement,
515,06/06/2024,01/07/2024,560,15,IN,PR1 - Own provision by LA,Temporary Placement,
606,09/12/2024,10/12/2024,374,15,IN,PR1 - Own provision by LA,Temporary Placement,
700,06/06/2024,07/06/2024,560,15,IN,PR1 - Own provision by LA,Temporary Placement,
701,06/06/2024,07/06/2024,560,15,IN,PR1 - Own provision by LA,Temporary Placement,
703,06/06/2024,01/07/2024,560,15,IN,PR1 - Own provision by LA,Temporary Placement,
904,13/12/2024,23/12/2024,370,15,IN,PR1 - Own provision by LA,Temporary Placement,
1035,10/05/2023,09/09/2023,953,15,IN,PR4 - Private Provision,Kinship - short term,
1036,09/05/2023,09/09/2023,954,15,IN,PR1 - Own provision by LA,Kinship - short term,
1157,29/09/2023,24/07/2024,811,15,OUT,PR1 - Own provision by LA,Kinship - short term,
1282,22/06/2023,10/07/2023,910,15,IN,PR1 - Own provision by LA,Fostering – short term,
1912,10/09/2023,24/09/2023,830,15,IN,PR4 - Private Provision,Temporary Placement,
1326,28/04/2024,19/05/2024,599,16,IN,PR1 - Own provision by LA,Temporary Placement,
1454,20/02/2025,28/07/2025,301,16,OUT,PR4 - Private Provision,Residential Unit (Children's Home),
1858,05/08/2024,13/08/2024,500,16,IN,PR1 - Own provision by LA,Fostering – short term,
2365,10/11/2023,14/12/2023,769,17,OUT,PR1 - Own provision by LA,Kinship - short term,
2363,10/11/2023,14/12/2023,769,19,OUT,PR1 - Own provision by LA,Kinship - short term,
2364,10/11/2023,14/12/2023,769,19,OUT,PR1 - Own provision by LA,Kinship - short term,
2366,10/11/2023,14/12/2023,769,19,OUT,PR1 - Own provision by LA,Kinship - short term,
2367,10/11/2023,14/12/2023,769,19,OUT,PR1 - Own provision by LA,Kinship - short term,
176,28/04/2025,02/05/2025,234,20,IN,PR1 - Own provision by LA,Temporary Placement,
177,07/03/2025,09/03/2025,286,20,IN,PR1 - Own provision by LA,Temporary Placement,
290,26/04/2024,07/05/2024,601,20,OUT,PR2 - Other LA provision,Secure Unit,
753,16/05/2024,24/05/2024,581,20,IN,PR1 - Own provision by LA,Temporary Placement,
841,16/05/2024,24/05/2024,581,20,IN,PR1 - Own provision by LA,Temporary Placement,
890,14/03/2025,17/03/2025,279,20,IN,PR1 - Own provision by LA,Temporary Placement,
911,11/04/2025,14/04/2025,251,20,IN,PR1 - Own provision by LA,Temporary Placement,
912,24/03/2025,31/03/2025,269,20,IN,PR1 - Own provision by LA,Temporary Placement,
913,07/03/2025,09/03/2025,286,20,IN,PR1 - Own provision by LA,Temporary Placement,
914,28/04/2025,02/05/2025,234,20,IN,PR1 - Own provision by LA,Temporary Placement,
1081,30/06/2023,12/09/2023,902,20,OUT,PR4 - Private Provision,Semi-independent supported accommodation,
1449,24/05/2023,26/05/2023,939,20,IN,PR1 - Own provision by LA,Fostering – short term,
1910,07/07/2023,12/07/2023,895,20,OUT,PR2 - Other LA provision,Fostering – short term,
2004,18/04/2023,22/09/2023,975,20,OUT,PR4 - Private Provision,Mother And Baby Unit,
2056,19/06/2023,12/12/2023,913,20,IN,PR1 - Own provision by LA,Kinship - short term,
2060,09/06/2023,02/04/2024,923,20,IN,PR1 - Own provision by LA,Fostering – short term,
2074,15/05/2023,17/01/2024,948,20,OUT,PR4 - Private Provision,Fostering – short term,
2097,25/04/2023,16/09/2024,968,20,OUT,PR4 - Private Provision,Fostering – short term,
2158,27/07/2023,06/09/2023,875,20,IN,PR4 - Private Provision,Temporary Placement,
2414,17/04/2024,01/05/2024,610,20,OUT,PR4 - Private Provision,Mother And Baby Unit,
1708,02/05/2023,26/05/2023,961,23,OUT,PR4 - Private Provision,Residential Unit (Children's Home),
689,13/12/2024,30/12/2024,370,25,IN,PR4 - Private Provision,Temporary Placement,
2619,24/02/2025,11/06/2025,297,25,OUT,PR4 - Private Provision,Mother And Baby Unit,
2520,26/06/2024,09/01/2025,540,26,OUT,PR4 - Private Provision,Mother And Baby Unit,
2634,27/02/2025,19/03/2025,294,26,OUT,PR4 - Private Provision,Mother And Baby Unit,
2248,04/08/2023,17/02/2025,867,27,OUT,PR4 - Private Provision,Fostering – short term,
2249,04/08/2023,17/02/2025,867,27,OUT,PR4 - Private Provision,Fostering – short term,
542,08/05/2025,07/07/2025,224,28,OUT,PR3 - Other public provision,Young Offenders Institution/Prison,
1391,21/04/2023,25/05/2024,972,28,OUT,PR4 - Private Provision,Fostering – short term,
2193,21/04/2023,25/05/2024,972,28,OUT,PR4 - Private Provision,Fostering – short term,
541,04/05/2023,31/07/2023,959,29,OUT,PR3 - Other public provision,Young Offenders Institution/Prison,
810,23/06/2023,29/03/2024,909,30,OUT,PR1 - Own provision by LA,Fostering – short term,
848,02/01/2024,19/01/2024,716,30,OUT,PR1 - Own provision by LA,Temporary Placement,
891,17/01/2025,20/01/2025,335,30,IN,PR1 - Own provision by LA,Temporary Placement,
892,14/02/2025,17/02/2025,307,30,IN,PR1 - Own provision by LA,Temporary Placement,
969,02/01/2024,19/01/2024,716,30,OUT,PR1 - Own provision by LA,Temporary Placement,
1039,10/04/2023,28/08/2023,983,30,OUT,PR4 - Private Provision,Temporary Placement,
1313,05/05/2023,18/08/2023,958,30,OUT,PR4 - Private Provision,Semi-independent supported accommodation,
2033,25/04/2023,24/07/2023,968,30,OUT,PR4 - Private Provision,Mother And Baby Unit,
2288,03/10/2023,08/01/2024,807,32,OUT,PR4 - Private Provision,Mother And Baby Unit,
2350,31/05/2024,10/02/2025,566,33,OUT,PR1 - Own provision by LA,"EPP: Fostering for Adoption, placed with approved adopter",
2352,11/12/2024,21/01/2025,372,34.2,OUT,PR4 - Private Provision,Fostering – short term,
505,29/06/2023,07/12/2023,903,37,OUT,PR3 - Other public provision,Temporary Placement,
866,06/02/2025,25/03/2025,315,37,OUT,PR3 - Other public provision,Young Offenders Institution/Prison,
1604,05/02/2025,17/02/2025,316,37,OUT,PR4 - Private Provision,Temporary Placement,
1048,15/06/2023,24/06/2025,917,38,OUT,PR4 - Private Provision,Residential Unit (Children's Home),
2161,11/12/2024,21/01/2025,372,38.6,OUT,PR4 - Private Provision,Fostering – short term,
493,18/07/2025,19/07/2025,153,39,OUT,PR4 - Private Provision,Residential Unit (Children's Home),
2067,10/05/2023,27/09/2023,953,39,OUT,PR4 - Private Provision,Mother And Baby Unit,
1010,30/06/2023,03/07/2023,902,43,OUT,PR4 - Private Provision,Fostering – short term,
1187,09/08/2023,23/08/2023,862,43,OUT,PR4 - Private Provision,Temporary Placement,
1335,30/06/2023,03/07/2023,902,43,OUT,PR4 - Private Provision,Fostering – short term,
1581,09/08/2023,23/08/2023,862,43,OUT,PR4 - Private Provision,Temporary Placement,
246,14/09/2023,09/10/2023,826,44,OUT,PR4 - Private Provision,Residential Unit (Children's Home),
2170,21/07/2023,08/08/2023,881,47,OUT,PR4 - Private Provision,Mother And Baby Unit,
188,12/08/2023,08/10/2024,859,47.9,IN,PR4 - Private Provision,Residential Unit (Children's Home),
1305,12/04/2023,22/12/2023,981,50,OUT,PR4 - Private Provision,Fostering – short term,
2223,27/08/2023,28/06/2024,844,52,OUT,PR4 - Private Provision,Fostering – short term,
648,10/10/2025,09/11/2025,69,58,IN,PR2 - Other LA provision,Temporary Placement,
1656,23/07/2024,08/08/2024,513,60,IN,PR1 - Own provision by LA,Temporary Placement,
2369,27/08/2024,30/08/2024,478,60,OUT,PR1 - Own provision by LA,Fostering – short term,
881,27/07/2023,09/01/2024,875,63,OUT,PR4 - Private Provision,Residential Unit (Children's Home),
1353,02/05/2023,28/01/2025,961,65,OUT,PR4 - Private Provision,Residential Unit (Children's Home),
387,16/05/2025,17/05/2025,216,66,OUT,PR4 - Private Provision,Unregistered - in child's best interest,
1368,27/06/2023,30/06/2023,905,67,OUT,PR1 - Own provision by LA,Kinship - short term,
1369,27/06/2023,30/06/2023,905,67,OUT,PR1 - Own provision by LA,Kinship - short term,
102,28/04/2023,21/09/2023,965,69,OUT,PR4 - Private Provision,Semi-independent supported accommodation,
2293,13/03/2024,18/04/2024,645,70,OUT,PR1 - Own provision by LA,Kinship - short term,
2045,13/06/2023,30/06/2023,919,74.1,OUT,PR5 - Voluntary/Third Sector Provision,Residential Unit (Children's Home),
1037,15/09/2023,10/11/2025,825,80,OUT,PR4 - Private Provision,Residential School,
2373,27/08/2024,02/09/2024,478,80,IN,PR4 - Private Provision,Fostering – short term,
2374,27/08/2024,05/09/2024,478,80,OUT,PR2 - Other LA provision,Fostering – short term,
2375,27/08/2024,02/09/2024,478,80,OUT,PR2 - Other LA provision,Fostering – short term,
2507,24/05/2024,02/08/2024,573,80,OUT,PR4 - Private Provision,Fostering – short term,
838,30/08/2023,13/10/2023,841,82,OUT,PR1 - Own provision by LA,Kinship - short term,
2022,30/08/2023,13/10/2023,841,82,OUT,PR1 - Own provision by LA,Kinship - short term,
443,17/04/2025,06/06/2025,245,83,OUT,PR1 - Own provision by LA,Fostering – short term,
1611,14/11/2025,16/11/2025,34,85,IN,PR1 - Own provision by LA,Temporary Placement,
828,18/05/2023,09/05/2025,945,87,OUT,PR4 - Private Provision,Residential Unit (Children's Home),
1087,22/08/2023,15/04/2024,849,100,OUT,PR4 - Private Provision,Residential Unit (Children's Home),
2298,14/11/2023,20/12/2023,765,100,IN,PR4 - Private Provision,Semi-independent supported accommodation,
232,12/04/2023,20/03/2024,981,102,OUT,PR4 - Private Provision,Residential Unit (Children's Home),
2598,26/02/2025,26/03/2025,295,107,OUT,PR4 - Private Provision,Fostering – short term,
61,23/06/2023,21/08/2023,909,110,OUT,PR4 - Private Provision,Mother And Baby Unit,
2047,26/05/2023,21/08/2023,937,110,OUT,PR4 - Private Provision,Mother And Baby Unit,
574,26/05/2023,28/03/2024,937,120,OUT,PR4 - Private Provision,Residential Unit (Children's Home),
1800,04/10/2023,06/10/2023,806,120,IN,PR1 - Own provision by LA,Temporary Placement,
1902,17/06/2024,20/08/2024,549,120,OUT,PR4 - Private Provision,Kinship - short term,
2342,10/10/2023,14/11/2023,800,120,OUT,PR4 - Private Provision,Fostering – short term,
1176,14/02/2025,14/07/2025,307,125,OUT,PR0 - Parents or other person with parental responsibility,Placed with Parents,
1469,14/02/2025,14/07/2025,307,125,OUT,PR0 - Parents or other person with parental responsibility,Placed with Parents,
1856,14/02/2025,14/07/2025,307,125,OUT,PR0 - Parents or other person with parental responsibility,Placed with Parents,
637,29/02/2024,24/05/2024,658,126,IN,PR1 - Own provision by LA,Kinship - short term,
2278,02/08/2023,11/04/2024,869,130,IN,PR4 - Private Provision,Semi-independent supported accommodation,
204,22/08/2023,27/10/2023,849,143,OUT,PR4 - Private Provision,Residential Unit (Children's Home),
11,03/04/2023,24/07/2023,990,150,OUT,PR3 - Other public provision,Young Offenders Institution/Prison,
535,26/07/2023,13/12/2023,876,150,OUT,PR4 - Private Provision,Residential Unit (Children's Home),
1062,11/08/2025,25/08/2025,129,163,OUT,PR4 - Private Provision,Temporary Placement,
2346,19/10/2023,15/04/2024,791,200,IN,PR4 - Private Provision,Semi-independent supported accommodation,
2480,25/03/2024,14/11/2024,633,300,IN,PR4 - Private Provision,Semi-independent supported accommodation,
2231,26/05/2023,18/03/2024,937,500,IN,PR5 - Voluntary/Third Sector Provision,Semi-independent supported accommodation,
2232,26/05/2023,12/01/2024,937,500,IN,PR4 - Private Provision,Semi-independent supported accommodation,
2467,07/03/2024,11/11/2025,651,500,IN,PR1 - Own provision by LA,Semi-independent supported accommodation,
2539,08/07/2024,12/08/2024,528,500,OUT,PR4 - Private Provision,Fostering – short term,
2552,29/07/2024,24/12/2024,507,500,IN,PR4 - Private Provision,Semi-independent supported accommodation,
2591,23/09/2024,27/08/2025,451,500,IN,PR3 - Other public provision,Semi-independent supported accommodation,
2253,18/07/2023,13/09/2024,884,"3,000",IN,PR5 - Voluntary/Third Sector Provision,Semi-independent supported accommodation,
2313,05/09/2023,06/09/2023,835,3276,IN,PR1 - Own provision by LA,Fostering – short term,
2404,21/12/2023,03/12/2024,728,3600,IN,PR5 - Voluntary/Third Sector Provision,Semi-independent supported accommodation,
2318,13/09/2023,09/07/2024,827,3657,IN,PR4 - Private Provision,Semi-independent supported accommodation,
2180,12/04/2023,14/07/2025,981,7500,OUT,PR4 - Private Provision,Fostering – short term,
2319,13/09/2023,07/02/2025,827,,IN,PR4 - Private Provision,Semi-independent supported accommodation,
2334,03/10/2023,24/12/2024,807,,IN,PR4 - Private Provision,Semi-independent supported accommodation,
1564,07/12/2023,12/02/2024,742,5,OUT,PR1 - Own provision by LA,Temporary Placement,
2383,24/11/2023,29/11/2023,755,9.3,OUT,PR1 - Own provision by LA,Fostering – short term,
359,24/06/2025,01/08/2025,177,,IN,PR4 - Private Provision,Unregistered - awaiting alternative,
2532,17/06/2024,15/11/2024,549,0,IN,PR2 - Other LA provision,Semi-independent supported accommodation,
20,13/07/2023,22/07/2023,889,,OUT,PR1 - Own provision by LA,Temporary Placement,
30,24/01/2024,01/02/2024,694,,IN,PR4 - Private Provision,Semi-independent supported accommodation,
39,10/10/2023,14/11/2023,800,,IN,PR4 - Private Provision,Semi-independent supported accommodation,
43,03/05/2023,21/06/2023,960,,IN,PR4 - Private Provision,Residential Unit (Children's Home),
45,06/04/2023,14/04/2023,987,,IN,PR1 - Own provision by LA,Fostering – short term,
48,07/11/2024,07/01/2025,406,,OUT,PR4 - Private Provision,Semi-independent supported accommodation,
64,11/04/2023,30/04/2023,982,,OUT,PR1 - Own provision by LA,Kinship - short term,
65,04/12/2023,26/01/2025,745,,IN,PR4 - Private Provision,Semi-independent supported accommodation,
79,10/08/2023,16/11/2023,861,,IN,PR5 - Voluntary/Third Sector Provision,Semi-independent supported accommodation,
84,08/10/2024,02/11/2024,436,,IN,PR4 - Private Provision,Semi-independent supported accommodation,
91,06/07/2023,19/09/2023,896,,OUT,PR3 - Other public provision,Young Offenders Institution/Prison,
121,15/03/2024,14/10/2024,643,,IN,PR1 - Own provision by LA,Semi-independent supported accommodation,
139,12/05/2023,22/05/2023,951,,OUT,PR1 - Own provision by LA,Fostering – short term,
153,10/05/2023,09/06/2023,953,,IN,PR1 - Own provision by LA,Kinship - short term,
156,08/03/2024,07/06/2024,650,,IN,PR5 - Voluntary/Third Sector Provision,Semi-independent supported accommodation,
159,09/05/2025,16/05/2025,223,,IN,PR5 - Voluntary/Third Sector Provision,Semi-independent supported accommodation,
160,26/05/2023,10/06/2024,937,,IN,PR0 - Parents or other person with parental responsibility,Placed with Parents,
171,05/07/2024,09/07/2024,531,,IN,PR1 - Own provision by LA,Temporary Placement,
174,03/11/2023,06/11/2023,776,,IN,PR1 - Own provision by LA,Temporary Placement,
175,02/08/2023,05/08/2023,869,,IN,PR1 - Own provision by LA,Temporary Placement,
178,18/09/2024,27/09/2024,456,,IN,PR1 - Own provision by LA,Temporary Placement,
179,13/12/2024,20/12/2024,370,,IN,PR1 - Own provision by LA,Temporary Placement,
181,07/09/2025,11/09/2025,102,,IN,PR1 - Own provision by LA,Temporary Placement,
189,17/07/2023,19/07/2023,885,,IN,PR1 - Own provision by LA,Crisis Foster Care,
193,10/12/2024,16/12/2024,373,,IN,PR1 - Own provision by LA,Semi-independent supported accommodation,
199,09/06/2023,13/12/2023,923,,IN,PR0 - Parents or other person with parental responsibility,Placed with Parents,
213,28/03/2025,29/03/2025,265,,IN,PR1 - Own provision by LA,Temporary Placement,
217,27/08/2024,28/01/2025,478,,IN,PR1 - Own provision by LA,Semi-independent supported accommodation,
218,21/09/2023,08/04/2024,819,,IN,PR1 - Own provision by LA,Kinship - short term,
219,21/09/2023,10/10/2024,819,,IN,PR1 - Own provision by LA,Kinship - short term,
230,12/09/2023,20/09/2023,828,,IN,PR1 - Own provision by LA,Temporary Placement,
243,26/07/2023,04/09/2023,876,,OUT,PR3 - Other public provision,Young Offenders Institution/Prison,
244,16/07/2024,18/07/2024,520,,IN,PR1 - Own provision by LA,Fostering – short term,
255,10/08/2023,21/08/2023,861,,OUT,PR4 - Private Provision,Temporary Placement,
269,09/05/2023,06/06/2024,954,,IN,PR1 - Own provision by LA,Kinship - short term,
278,28/11/2023,10/04/2024,751,,IN,PR1 - Own provision by LA,Fostering – short term,
283,01/03/2024,31/05/2024,657,,IN,PR4 - Private Provision,Semi-independent supported accommodation,
293,12/09/2023,20/09/2023,828,,IN,PR1 - Own provision by LA,Temporary Placement,
298,16/06/2023,10/12/2024,916,,OUT,PR4 - Private Provision,Semi-independent supported accommodation,
299,01/10/2023,11/10/2023,809,,OUT,PR4 - Private Provision,Temporary Placement,
302,22/07/2024,25/07/2024,514,,IN,PR1 - Own provision by LA,Unregistered Placement,
314,29/10/2024,13/03/2025,415,,IN,PR0 - Parents or other person with parental responsibility,Placed with Parents,
321,16/05/2024,06/05/2025,581,,IN,PR1 - Own provision by LA,Kinship - short term,
322,16/10/2024,18/10/2024,428,,IN,PR1 - Own provision by LA,Support Care,
333,01/12/2025,10/12/2025,17,,IN,PR1 - Own provision by LA,Temporary Placement,
338,05/04/2023,07/01/2024,988,,IN,PR4 - Private Provision,Semi-independent supported accommodation,
339,19/09/2023,30/09/2025,821,,IN,PR1 - Own provision by LA,Kinship - short term,
347,21/02/2024,26/06/2024,666,,IN,PR1 - Own provision by LA,Kinship - Unregistered Carer,
349,12/12/2023,10/07/2024,737,,IN,PR0 - Parents or other person with parental responsibility,Placed with Parents,
355,31/01/2025,07/07/2025,321,,OUT,PR4 - Private Provision,Residential Unit (Children's Home),
369,29/07/2025,02/10/2025,142,,IN,PR0 - Parents or other person with parental responsibility,Placed with Parents,
393,22/06/2023,16/10/2023,910,,IN,PR4 - Private Provision,Semi-independent supported accommodation,
404,20/09/2024,06/11/2024,454,,OUT,PR4 - Private Provision,Residential Unit (Children's Home),
413,24/07/2025,28/07/2025,147,,IN,PR1 - Own provision by LA,Temporary Placement,
417,25/11/2024,11/02/2025,388,,OUT,PR4 - Private Provision,Semi-independent supported accommodation,
424,14/12/2023,20/12/2023,735,,IN,PR1 - Own provision by LA,Fostering – short term,
428,14/12/2023,20/12/2023,735,,OUT,PR1 - Own provision by LA,Fostering – short term,
429,01/05/2025,30/06/2025,231,,IN,PR1 - Own provision by LA,Kinship - short term,
433,12/06/2023,20/07/2023,920,,IN,PR0 - Parents or other person with parental responsibility,Placed with Parents,
436,12/06/2023,20/07/2023,920,,IN,PR0 - Parents or other person with parental responsibility,Placed with Parents,
438,19/01/2024,30/08/2024,699,,IN,PR1 - Own provision by LA,Residential Unit (Children's Home),
444,21/09/2023,08/04/2024,819,,IN,PR1 - Own provision by LA,Kinship - short term,
451,09/11/2023,11/07/2024,770,,IN,PR1 - Own provision by LA,Kinship - short term,
452,10/07/2024,04/07/2025,526,,IN,PR5 - Voluntary/Third Sector Provision,Semi-independent supported accommodation,
460,09/07/2023,17/07/2023,893,,IN,PR1 - Own provision by LA,Temporary Placement,
473,02/11/2023,18/09/2025,777,,IN,PR1 - Own provision by LA,Respite Unit,
499,31/08/2023,15/03/2024,840,,IN,PR0 - Parents or other person with parental responsibility,Placed with Parents,
501,14/02/2025,01/08/2025,307,,IN,PR1 - Own provision by LA,Kinship - short term,
506,30/05/2023,19/06/2024,933,,IN,PR0 - Parents or other person with parental responsibility,Placed with Parents,
512,12/10/2023,19/10/2023,798,,IN,PR1 - Own provision by LA,Kinship - short term,
517,11/08/2025,19/09/2025,129,,IN,PR0 - Parents or other person with parental responsibility,Placed with Parents,
527,18/01/2025,25/02/2025,334,,IN,PR1 - Own provision by LA,Kinship - short term,
528,18/01/2025,25/02/2025,334,,IN,PR1 - Own provision by LA,Kinship - short term,
534,02/02/2024,18/11/2024,685,,OUT,PR4 - Private Provision,Residential Unit (Children's Home),
537,07/07/2025,11/07/2025,164,,IN,PR0 - Parents or other person with parental responsibility,Placed with Parents,
540,21/01/2025,22/01/2025,331,,IN,PR4 - Private Provision,Fostering – short term,
543,12/06/2025,09/12/2025,189,,OUT,PR4 - Private Provision,Residential Unit (Children's Home),
550,19/01/2024,02/07/2024,699,,IN,PR0 - Parents or other person with parental responsibility,Placed with Parents,
551,25/02/2025,26/08/2025,296,,OUT,PR0 - Parents or other person with parental responsibility,Placed with Parents,
565,03/05/2023,28/02/2024,960,,IN,PR0 - Parents or other person with parental responsibility,Placed with Parents,
566,03/05/2023,28/02/2024,960,,IN,PR0 - Parents or other person with parental responsibility,Placed with Parents,
570,13/05/2025,28/05/2025,219,,IN,PR1 - Own provision by LA,Fostering – long term,
572,06/10/2023,28/05/2024,804,,IN,PR0 - Parents or other person with parental responsibility,Placed with Parents,
578,03/05/2023,28/02/2024,960,,IN,PR0 - Parents or other person with parental responsibility,Placed with Parents,
588,01/10/2023,11/10/2023,809,,OUT,PR4 - Private Provision,Temporary Placement,
592,06/04/2023,15/04/2023,987,,IN,PR1 - Own provision by LA,Fostering – short term,
593,16/02/2024,27/08/2024,671,,IN,PR1 - Own provision by LA,Kinship - short term,
596,27/09/2023,04/10/2023,813,,IN,PR1 - Own provision by LA,Fostering – short term,
601,15/08/2023,29/07/2024,856,,IN,PR0 - Parents or other person with parental responsibility,Placed with Parents,
636,25/04/2024,23/05/2024,602,,IN,PR1 - Own provision by LA,Temporary Placement,
640,09/07/2023,17/07/2023,893,,IN,PR1 - Own provision by LA,Temporary Placement,
651,13/09/2023,25/09/2023,827,,IN,PR1 - Own provision by LA,Fostering – short term,
653,15/08/2023,29/07/2024,856,,IN,PR0 - Parents or other person with parental responsibility,Placed with Parents,
654,20/09/2024,19/10/2024,454,,IN,PR1 - Own provision by LA,Temporary Placement,
657,22/08/2023,04/09/2023,849,,IN,PR1 - Own provision by LA,Temporary Placement,
658,15/08/2023,29/07/2024,856,,IN,PR0 - Parents or other person with parental responsibility,Placed with Parents,
667,21/03/2025,08/04/2025,272,,IN,PR0 - Parents or other person with parental responsibility,Placed with Parents,
669,20/03/2025,25/03/2025,273,,IN,PR1 - Own provision by LA,Kinship - short term,
671,22/11/2024,08/01/2025,391,,IN,PR0 - Parents or other person with parental responsibility,Placed with Parents,
691,29/09/2023,20/10/2023,811,,IN,PR1 - Own provision by LA,Kinship - short term,
702,06/06/2024,07/06/2024,560,,IN,PR1 - Own provision by LA,Temporary Placement,
706,12/10/2023,19/10/2023,798,,IN,PR1 - Own provision by LA,Kinship - short term,
707,20/05/2024,01/07/2024,577,,IN,PR0 - Parents or other person with parental responsibility,Placed with Parents,
710,20/05/2024,01/07/2024,577,,IN,PR0 - Parents or other person with parental responsibility,Placed with Parents,
713,08/07/2024,20/10/2025,528,,IN,PR1 - Own provision by LA,Kinship - short term,
715,08/07/2024,23/08/2024,528,,IN,PR1 - Own provision by LA,Kinship - short term,
718,08/07/2024,08/07/2024,528,,IN,PR1 - Own provision by LA,Kinship - short term,
719,08/07/2024,04/10/2025,528,,IN,PR1 - Own provision by LA,Kinship - short term,
721,25/04/2025,02/05/2025,237,,IN,PR1 - Own provision by LA,Temporary Placement,
722,25/04/2025,09/05/2025,237,,IN,PR1 - Own provision by LA,Temporary Placement,
738,11/08/2025,18/08/2025,129,,OUT,PR4 - Private Provision,Unregistered - in child's best interest,
748,02/11/2023,16/11/2023,777,,IN,PR1 - Own provision by LA,Temporary Placement,
749,02/01/2024,06/01/2024,716,,IN,PR1 - Own provision by LA,Temporary Placement,
752,16/02/2024,27/08/2024,671,,IN,PR1 - Own provision by LA,Kinship - short term,
754,02/01/2025,03/01/2025,350,,IN,PR1 - Own provision by LA,Fostering – short term,
755,18/10/2024,23/10/2024,426,,OUT,PR4 - Private Provision,Fostering – short term,
758,18/10/2024,24/10/2024,426,,IN,PR0 - Parents or other person with parental responsibility,Placed with Parents,
766,06/05/2025,14/05/2025,226,,IN,PR1 - Own provision by LA,Fostering – short term,
767,27/06/2025,13/08/2025,174,,IN,PR1 - Own provision by LA,Kinship - short term,
770,22/10/2025,02/11/2025,57,,IN,PR4 - Private Provision,Temporary Placement,
773,20/09/2024,22/09/2024,454,,OUT,PR4 - Private Provision,Temporary Placement,
777,06/12/2024,20/12/2024,377,,IN,PR1 - Own provision by LA,Kinship - short term,
784,12/06/2023,20/07/2023,920,,IN,PR0 - Parents or other person with parental responsibility,Placed with Parents,
791,11/04/2023,28/06/2024,982,,OUT,PR1 - Own provision by LA,Kinship - short term,
795,25/09/2023,22/10/2023,815,,OUT,PR4 - Private Provision,Supported Lodgings Short Term,
801,06/03/2025,22/08/2025,287,,IN,PR1 - Own provision by LA,Kinship - short term,
802,17/06/2023,25/06/2023,915,,IN,PR1 - Own provision by LA,Temporary Placement,
804,29/05/2025,09/06/2025,203,,OUT,PR1 - Own provision by LA,Kinship - short term,
805,15/10/2025,28/10/2025,64,,OUT,PR1 - Own provision by LA,Temporary Placement,
806,31/10/2024,27/03/2025,413,,IN,PR0 - Parents or other person with parental responsibility,Placed with Parents,
816,30/04/2025,07/05/2025,232,,IN,PR1 - Own provision by LA,Fostering – short term,
822,11/08/2025,19/09/2025,129,,IN,PR0 - Parents or other person with parental responsibility,Placed with Parents,
824,22/01/2025,05/03/2025,330,,IN,PR4 - Private Provision,Fostering – short term,
829,06/11/2023,17/11/2023,773,,IN,PR4 - Private Provision,Semi-independent supported accommodation,
832,12/09/2023,27/02/2024,828,,IN,PR1 - Own provision by LA,Kinship - short term,
833,12/09/2023,27/02/2024,828,,IN,PR1 - Own provision by LA,Kinship - short term,
834,22/11/2024,08/01/2025,391,,IN,PR0 - Parents or other person with parental responsibility,Placed with Parents,
843,27/10/2023,03/11/2023,783,,IN,PR1 - Own provision by LA,Kinship - short term,
846,09/11/2023,11/07/2024,770,,IN,PR1 - Own provision by LA,Kinship - short term,
847,09/11/2023,11/07/2024,770,,IN,PR1 - Own provision by LA,Kinship - short term,
854,12/09/2023,27/04/2024,828,,OUT,PR4 - Private Provision,Residential Unit (Children's Home),
858,09/05/2023,14/08/2023,954,,IN,PR1 - Own provision by LA,Kinship - short term,
864,01/12/2025,10/12/2025,17,,IN,PR1 - Own provision by LA,Temporary Placement,
867,30/05/2024,03/06/2024,567,,OUT,PR3 - Other public provision,Young Offenders Institution/Prison,
872,28/11/2023,02/12/2023,751,,OUT,PR1 - Own provision by LA,Temporary Placement,
877,21/07/2025,23/07/2025,150,,IN,PR1 - Own provision by LA,Fostering – short term,
879,27/01/2025,28/01/2025,325,,IN,PR1 - Own provision by LA,Temporary Placement,
882,07/03/2024,12/04/2024,651,,IN,PR0 - Parents or other person with parental responsibility,Placed with Parents,
884,07/03/2024,12/04/2024,651,,IN,PR0 - Parents or other person with parental responsibility,Placed with Parents,
885,02/04/2025,19/05/2025,260,,IN,PR4 - Private Provision,Temporary Placement,
887,07/03/2024,12/04/2024,651,,IN,PR0 - Parents or other person with parental responsibility,Placed with Parents,
888,07/03/2024,12/04/2024,651,,IN,PR0 - Parents or other person with parental responsibility,Placed with Parents,
893,09/05/2025,12/05/2025,223,,IN,PR1 - Own provision by LA,Temporary Placement,
894,20/06/2025,23/06/2025,181,,IN,PR1 - Own provision by LA,Temporary Placement,
895,24/10/2025,27/10/2025,55,,IN,PR1 - Own provision by LA,Temporary Placement,
896,30/06/2025,04/07/2025,171,,IN,PR1 - Own provision by LA,Temporary Placement,
897,01/09/2025,08/09/2025,108,,IN,PR1 - Own provision by LA,Temporary Placement,
898,04/07/2025,07/07/2025,167,,IN,PR1 - Own provision by LA,Temporary Placement,
899,01/08/2025,04/08/2025,139,,IN,PR1 - Own provision by LA,Temporary Placement,
900,29/08/2025,01/09/2025,111,,IN,PR1 - Own provision by LA,Temporary Placement,
901,26/09/2025,29/09/2025,83,,IN,PR1 - Own provision by LA,Temporary Placement,
907,02/08/2024,05/08/2024,503,,IN,PR1 - Own provision by LA,Temporary Placement,
915,03/11/2023,06/11/2023,776,,IN,PR1 - Own provision by LA,Temporary Placement,
916,02/08/2023,05/08/2023,869,,IN,PR1 - Own provision by LA,Temporary Placement,
919,17/05/2024,20/05/2024,580,,IN,PR1 - Own provision by LA,Temporary Placement,
920,14/06/2024,17/06/2024,552,,IN,PR1 - Own provision by LA,Temporary Placement,
921,12/07/2024,15/07/2024,524,,IN,PR1 - Own provision by LA,Temporary Placement,
930,30/09/2024,14/10/2024,444,,IN,PR1 - Own provision by LA,Temporary Placement,
933,26/05/2023,10/06/2024,937,,IN,PR0 - Parents or other person with parental responsibility,Placed with Parents,
936,08/08/2024,13/08/2024,497,,IN,PR5 - Voluntary/Third Sector Provision,Semi-independent supported accommodation,
940,10/05/2023,03/07/2023,953,,IN,PR1 - Own provision by LA,Kinship - short term,
941,10/05/2023,15/08/2023,953,,IN,PR1 - Own provision by LA,Kinship - short term,
944,07/07/2025,11/07/2025,164,,IN,PR0 - Parents or other person with parental responsibility,Placed with Parents,
946,29/10/2024,24/02/2025,415,,IN,PR1 - Own provision by LA,Kinship - short term,
951,03/03/2024,12/03/2024,655,,OUT,PR2 - Other LA provision,Temporary Placement,
958,27/09/2023,04/10/2023,813,,IN,PR1 - Own provision by LA,Fostering – short term,
962,26/06/2025,04/07/2025,175,,IN,PR1 - Own provision by LA,Temporary Placement,
965,26/06/2023,14/08/2023,906,,IN,PR1 - Own provision by LA,Kinship - short term,
973,08/09/2023,12/12/2024,832,,IN,PR1 - Own provision by LA,Kinship - short term,
976,25/07/2024,13/09/2024,511,,IN,PR1 - Own provision by LA,Kinship - short term,
978,16/06/2023,11/04/2024,916,,IN,PR1 - Own provision by LA,Kinship - short term,
980,19/06/2024,25/06/2024,547,,IN,PR3 - Other public provision,NHS/Other Hospital,
983,16/05/2024,06/05/2025,581,,IN,PR1 - Own provision by LA,Kinship - short term,
984,12/03/2024,13/03/2024,646,,IN,PR0 - Parents or other person with parental responsibility,Placed with Parents,
987,12/04/2024,19/04/2024,615,,IN,PR1 - Own provision by LA,Kinship - short term,
990,06/12/2024,20/12/2024,377,,IN,PR1 - Own provision by LA,Kinship - short term,
992,05/03/2025,07/03/2025,288,,IN,PR1 - Own provision by LA,Fostering – short term,
993,23/07/2024,08/08/2024,513,,IN,PR1 - Own provision by LA,Temporary Placement,
996,04/05/2023,17/07/2023,959,,IN,PR1 - Own provision by LA,Kinship - short term,
1018,23/04/2025,13/09/2025,239,,IN,PR1 - Own provision by LA,Semi-independent supported accommodation,
1022,07/07/2023,04/08/2023,895,,IN,PR1 - Own provision by LA,Temporary Placement,
1025,08/02/2024,20/06/2024,679,,IN,PR0 - Parents or other person with parental responsibility,Placed with Parents,
1026,08/02/2024,26/06/2024,679,,IN,PR0 - Parents or other person with parental responsibility,Placed with Parents,
1030,07/10/2024,22/11/2024,437,,IN,PR2 - Other LA provision,Fostering – short term,
1034,22/04/2025,25/04/2025,240,,IN,PR1 - Own provision by LA,Kinship - Unregistered Carer,
1038,28/09/2024,12/10/2024,446,,IN,PR1 - Own provision by LA,Temporary Placement,
1040,22/01/2025,05/03/2025,330,,IN,PR4 - Private Provision,Fostering – short term,
1046,27/10/2023,01/03/2024,783,,OUT,PR1 - Own provision by LA,Kinship - short term,
1052,16/02/2024,27/08/2024,671,,IN,PR1 - Own provision by LA,Kinship - short term,
1072,09/06/2023,20/03/2024,923,,IN,PR0 - Parents or other person with parental responsibility,Placed with Parents,
1077,25/03/2024,29/04/2024,633,,OUT,PR0 - Parents or other person with parental responsibility,Placed with Parents,
1092,27/10/2023,03/11/2023,783,,IN,PR1 - Own provision by LA,Kinship - short term,
1093,09/07/2024,10/02/2025,527,,IN,PR4 - Private Provision,Semi-independent supported accommodation,
1095,06/09/2025,16/09/2025,103,,IN,PR1 - Own provision by LA,Temporary Placement,
1096,28/02/2025,17/03/2025,293,,IN,PR1 - Own provision by LA,Temporary Placement,
1101,05/09/2023,18/10/2024,835,,IN,PR1 - Own provision by LA,Semi-independent supported accommodation,
1109,18/10/2023,10/11/2023,792,,IN,PR1 - Own provision by LA,Temporary Placement,
1111,18/09/2023,24/03/2024,822,,IN,PR5 - Voluntary/Third Sector Provision,Semi-independent supported accommodation,
1112,08/04/2025,01/10/2025,254,,OUT,PR1 - Own provision by LA,Kinship - short term,
1113,09/04/2025,17/04/2025,253,,IN,PR0 - Parents or other person with parental responsibility,Placed with Parents,
1114,09/04/2025,17/04/2025,253,,IN,PR0 - Parents or other person with parental responsibility,Placed with Parents,
1116,26/04/2024,20/12/2024,601,,IN,PR1 - Own provision by LA,Temporary Placement,
1118,04/11/2024,31/01/2025,409,,OUT,PR4 - Private Provision,Residential Unit (Children's Home),
1120,12/09/2024,27/09/2024,462,,OUT,PR1 - Own provision by LA,Fostering – short term,
1122,30/05/2023,19/06/2024,933,,IN,PR0 - Parents or other person with parental responsibility,Placed with Parents,
1123,26/06/2023,14/08/2023,906,,IN,PR1 - Own provision by LA,Kinship - short term,
1128,14/12/2023,22/12/2023,735,,IN,PR1 - Own provision by LA,Fostering – short term,
1129,02/06/2023,05/06/2023,930,,IN,PR1 - Own provision by LA,Fostering – short term,
1134,02/08/2024,15/02/2025,503,,IN,PR1 - Own provision by LA,Kinship - short term,
1135,06/12/2024,20/12/2024,377,,IN,PR1 - Own provision by LA,Kinship - short term,
1145,21/08/2023,30/08/2023,850,,IN,PR1 - Own provision by LA,Temporary Placement,
1146,12/08/2024,21/08/2024,493,,IN,PR1 - Own provision by LA,Temporary Placement,
1148,24/05/2024,01/06/2024,573,,IN,PR1 - Own provision by LA,Temporary Placement,
1149,31/03/2024,08/04/2024,627,,IN,PR1 - Own provision by LA,Temporary Placement,
1151,24/05/2023,22/09/2023,939,,IN,PR1 - Own provision by LA,Kinship - short term,
1158,29/09/2023,24/07/2024,811,,OUT,PR1 - Own provision by LA,Kinship - short term,
1159,03/05/2023,09/04/2024,960,,IN,PR1 - Own provision by LA,Kinship - short term,
1164,22/05/2025,18/07/2025,210,,IN,PR0 - Parents or other person with parental responsibility,Placed with Parents,
1165,23/05/2025,18/07/2025,209,,IN,PR0 - Parents or other person with parental responsibility,Placed with Parents,
1167,01/06/2024,08/06/2024,565,,IN,PR1 - Own provision by LA,Temporary Placement,
1169,14/06/2024,28/06/2024,552,,OUT,PR2 - Other LA provision,Temporary Placement,
1170,12/01/2025,26/01/2025,340,,IN,PR1 - Own provision by LA,Temporary Placement,
1175,03/12/2024,23/05/2025,380,,IN,PR1 - Own provision by LA,Kinship - short term,
1184,14/04/2025,24/07/2025,248,,IN,PR0 - Parents or other person with parental responsibility,Placed with Parents,
1189,11/08/2025,19/09/2025,129,,IN,PR0 - Parents or other person with parental responsibility,Placed with Parents,
1192,07/02/2025,11/02/2025,314,,IN,PR1 - Own provision by LA,Temporary Placement,
1193,21/02/2025,24/02/2025,300,,IN,PR1 - Own provision by LA,Temporary Placement,
1194,07/03/2025,10/03/2025,286,,IN,PR1 - Own provision by LA,Temporary Placement,
1195,30/03/2025,01/04/2025,263,,IN,PR1 - Own provision by LA,Temporary Placement,
1196,04/04/2025,07/04/2025,258,,IN,PR1 - Own provision by LA,Temporary Placement,
1198,13/12/2024,16/12/2024,370,,IN,PR1 - Own provision by LA,Temporary Placement,
1199,27/12/2024,30/12/2024,356,,IN,PR1 - Own provision by LA,Temporary Placement,
1200,27/12/2024,30/12/2024,356,,IN,PR1 - Own provision by LA,Temporary Placement,
1201,29/11/2024,02/12/2024,384,,IN,PR1 - Own provision by LA,Temporary Placement,
1202,24/01/2025,27/01/2025,328,,IN,PR1 - Own provision by LA,Temporary Placement,
1203,10/01/2025,13/01/2025,342,,IN,PR1 - Own provision by LA,Temporary Placement,
1204,20/09/2024,23/09/2024,454,,IN,PR1 - Own provision by LA,Temporary Placement,
1205,01/11/2024,04/11/2024,412,,IN,PR1 - Own provision by LA,Temporary Placement,
1206,15/11/2024,18/11/2024,398,,IN,PR1 - Own provision by LA,Temporary Placement,
1207,18/10/2024,21/10/2024,426,,IN,PR1 - Own provision by LA,Temporary Placement,
1208,18/04/2025,21/04/2025,244,,IN,PR1 - Own provision by LA,Temporary Placement,
1209,06/11/2023,10/11/2023,773,,IN,PR1 - Own provision by LA,Temporary Placement,
1210,08/12/2023,10/12/2023,741,,IN,PR1 - Own provision by LA,Temporary Placement,
1211,03/01/2024,08/01/2024,715,,IN,PR1 - Own provision by LA,Temporary Placement,
1212,18/01/2024,26/01/2024,700,,IN,PR1 - Own provision by LA,Temporary Placement,
1213,14/02/2024,04/03/2024,673,,IN,PR1 - Own provision by LA,Temporary Placement,
1214,01/07/2024,04/07/2024,535,,IN,PR1 - Own provision by LA,Temporary Placement,
1215,21/06/2024,24/06/2024,545,,IN,PR1 - Own provision by LA,Temporary Placement,
1216,15/07/2024,18/07/2024,521,,IN,PR1 - Own provision by LA,Temporary Placement,
1217,29/07/2024,30/07/2024,507,,IN,PR1 - Own provision by LA,Temporary Placement,
1218,31/07/2024,01/08/2024,505,,IN,PR1 - Own provision by LA,Temporary Placement,
1219,10/08/2024,13/08/2024,495,,IN,PR1 - Own provision by LA,Temporary Placement,
1220,05/04/2024,08/04/2024,622,,IN,PR1 - Own provision by LA,Temporary Placement,
1221,12/04/2024,15/04/2024,615,,IN,PR1 - Own provision by LA,Temporary Placement,
1222,19/04/2024,22/04/2024,608,,IN,PR1 - Own provision by LA,Temporary Placement,
1223,26/04/2024,29/04/2024,601,,IN,PR1 - Own provision by LA,Temporary Placement,
1224,03/05/2024,04/05/2024,594,,IN,PR1 - Own provision by LA,Temporary Placement,
1225,27/03/2024,01/04/2024,631,,IN,PR1 - Own provision by LA,Temporary Placement,
1226,31/05/2024,03/06/2024,566,,IN,PR1 - Own provision by LA,Temporary Placement,
1227,21/05/2024,24/05/2024,576,,IN,PR1 - Own provision by LA,Temporary Placement,
1228,10/05/2024,13/05/2024,587,,IN,PR1 - Own provision by LA,Temporary Placement,
1229,17/05/2024,20/05/2024,580,,IN,PR1 - Own provision by LA,Temporary Placement,
1232,03/05/2023,28/02/2024,960,,IN,PR0 - Parents or other person with parental responsibility,Placed with Parents,
1242,12/04/2024,28/04/2024,615,,IN,PR1 - Own provision by LA,Temporary Placement,
1244,01/09/2023,04/01/2024,839,,OUT,PR2 - Other LA provision,Secure Unit,
1249,27/10/2023,03/11/2023,783,,IN,PR1 - Own provision by LA,Kinship - short term,
1250,11/12/2024,30/06/2025,372,,IN,PR1 - Own provision by LA,Kinship - short term,
1252,11/12/2024,30/06/2025,372,,IN,PR1 - Own provision by LA,Kinship - short term,
1254,25/04/2025,02/05/2025,237,,IN,PR1 - Own provision by LA,Temporary Placement,
1255,12/03/2024,13/03/2024,646,,IN,PR0 - Parents or other person with parental responsibility,Placed with Parents,
1257,07/03/2025,12/03/2025,286,,IN,PR1 - Own provision by LA,Fostering – long term,
1258,13/09/2023,25/09/2023,827,,IN,PR1 - Own provision by LA,Fostering – short term,
1260,24/05/2024,01/06/2024,573,,IN,PR1 - Own provision by LA,Temporary Placement,
1261,31/03/2024,08/04/2024,627,,IN,PR1 - Own provision by LA,Temporary Placement,
1263,21/08/2023,30/08/2023,850,,IN,PR1 - Own provision by LA,Temporary Placement,
1265,12/08/2024,21/08/2024,493,,IN,PR1 - Own provision by LA,Temporary Placement,
1269,22/02/2024,17/12/2024,665,,IN,PR1 - Own provision by LA,Fostering – short term,
1270,12/09/2024,20/09/2024,462,,IN,PR1 - Own provision by LA,Kinship - short term,
1272,31/08/2023,21/03/2024,840,,IN,PR0 - Parents or other person with parental responsibility,Placed with Parents,
1276,31/07/2023,29/09/2023,871,,IN,PR1 - Own provision by LA,Kinship - short term,
1279,21/03/2025,08/04/2025,272,,IN,PR0 - Parents or other person with parental responsibility,Placed with Parents,
1280,25/07/2024,13/09/2024,511,,IN,PR1 - Own provision by LA,Kinship - short term,
1281,29/06/2023,07/07/2023,903,,IN,PR1 - Own provision by LA,Temporary Placement,
1283,04/04/2023,11/10/2023,989,,IN,PR0 - Parents or other person with parental responsibility,Placed with Parents,
1287,07/05/2025,27/06/2025,225,,IN,PR4 - Private Provision,Semi-independent supported accommodation,
1289,11/12/2024,30/06/2025,372,,IN,PR1 - Own provision by LA,Kinship - short term,
1290,04/05/2023,17/07/2023,959,,IN,PR1 - Own provision by LA,Kinship - short term,
1298,25/07/2024,30/07/2024,511,,IN,PR1 - Own provision by LA,Kinship - short term,
1301,24/11/2023,08/04/2024,755,,IN,PR4 - Private Provision,Semi-independent supported accommodation,
1308,23/12/2024,26/06/2025,360,,IN,PR1 - Own provision by LA,Kinship - short term,
1310,18/10/2024,24/10/2024,426,,IN,PR0 - Parents or other person with parental responsibility,Placed with Parents,
1311,16/05/2024,28/05/2024,581,,IN,PR1 - Own provision by LA,Kinship - short term,
1327,16/04/2025,08/05/2025,246,,IN,PR1 - Own provision by LA,Temporary Placement,
1328,16/04/2025,28/04/2025,246,,IN,PR1 - Own provision by LA,Temporary Placement,
1329,26/05/2023,10/06/2024,937,,IN,PR0 - Parents or other person with parental responsibility,Placed with Parents,
1344,12/12/2023,26/04/2024,737,,IN,PR0 - Parents or other person with parental responsibility,Placed with Parents,
1348,07/07/2023,04/08/2023,895,,IN,PR1 - Own provision by LA,Temporary Placement,
1355,22/12/2023,19/01/2024,727,,IN,PR1 - Own provision by LA,Kinship - short term,
1356,02/06/2023,25/06/2024,930,,IN,PR0 - Parents or other person with parental responsibility,Placed with Parents,
1360,11/04/2025,01/09/2025,251,,OUT,PR0 - Parents or other person with parental responsibility,Placed with Parents,
1362,13/09/2024,09/07/2025,461,,IN,PR1 - Own provision by LA,Kinship - short term,
1363,07/07/2023,26/09/2024,895,,IN,PR0 - Parents or other person with parental responsibility,Placed with Parents,
1370,07/02/2025,04/07/2025,314,,IN,PR1 - Own provision by LA,Kinship - short term,
1371,07/02/2025,04/07/2025,314,,IN,PR0 - Parents or other person with parental responsibility,Placed with Parents,
1372,03/12/2025,06/12/2025,15,,IN,PR0 - Parents or other person with parental responsibility,Placed with Parents,
1373,28/07/2023,29/11/2023,874,,IN,PR1 - Own provision by LA,Kinship - short term,
1376,28/07/2023,29/11/2023,874,,IN,PR1 - Own provision by LA,Kinship - short term,
1381,09/06/2023,16/06/2023,923,,IN,PR0 - Parents or other person with parental responsibility,Placed with Parents,
1385,17/03/2025,22/03/2025,276,,IN,PR1 - Own provision by LA,Temporary Placement,
1386,28/08/2024,17/03/2025,477,,IN,PR2 - Other LA provision,Semi-independent supported accommodation,
1388,05/03/2025,07/03/2025,288,,OUT,PR1 - Own provision by LA,Fostering – short term,
1390,06/04/2023,07/04/2023,987,,IN,PR3 - Other public provision,NHS/Other Hospital,
1394,16/02/2024,27/08/2024,671,,IN,PR1 - Own provision by LA,Kinship - short term,
1402,28/09/2025,24/10/2025,81,,IN,PR1 - Own provision by LA,Temporary Placement,
1408,13/12/2024,05/03/2025,370,,IN,PR1 - Own provision by LA,Kinship - short term,
1412,25/05/2025,27/05/2025,207,,IN,PR1 - Own provision by LA,Unregistered - awaiting alternative,
1419,03/01/2025,13/11/2025,349,,IN,PR1 - Own provision by LA,Kinship - short term,
1423,10/05/2025,17/05/2025,222,,IN,PR1 - Own provision by LA,Temporary Placement,
1426,13/06/2025,22/09/2025,188,,IN,PR1 - Own provision by LA,Fostering – short term,
1439,04/11/2024,26/02/2025,409,,OUT,PR3 - Other public provision,Young Offenders Institution/Prison,
1440,14/12/2023,22/12/2023,735,,IN,PR1 - Own provision by LA,Fostering – short term,
1444,28/09/2023,28/03/2025,812,,OUT,PR4 - Private Provision,Semi-independent supported accommodation,
1446,09/11/2023,01/07/2024,770,,IN,PR1 - Own provision by LA,Kinship - short term,
1456,12/09/2023,27/02/2024,828,,IN,PR1 - Own provision by LA,Kinship - short term,
1461,05/03/2024,21/03/2024,653,,IN,PR1 - Own provision by LA,Temporary Placement,
1463,26/02/2025,14/03/2025,295,,OUT,PR4 - Private Provision,Temporary Placement,
1477,10/06/2024,13/06/2024,556,,IN,PR3 - Other public provision,Fostering – short term,
1490,17/07/2023,19/09/2023,885,,IN,PR0 - Parents or other person with parental responsibility,Placed with Parents,
1494,20/05/2023,23/05/2023,943,,OUT,PR4 - Private Provision,Fostering – short term,
1497,20/05/2023,23/05/2023,943,,OUT,PR4 - Private Provision,Fostering – short term,
1504,30/01/2025,26/06/2025,322,,IN,PR1 - Own provision by LA,Kinship - short term,
1506,03/12/2025,06/12/2025,15,,IN,PR0 - Parents or other person with parental responsibility,Placed with Parents,
1511,26/04/2024,20/12/2024,601,,IN,PR1 - Own provision by LA,Temporary Placement,
1516,27/09/2023,04/10/2023,813,,IN,PR1 - Own provision by LA,Fostering – short term,
1534,01/05/2025,05/05/2025,231,,OUT,PR4 - Private Provision,Semi-independent supported accommodation,
1535,02/06/2023,25/06/2024,930,,IN,PR0 - Parents or other person with parental responsibility,Placed with Parents,
1537,16/05/2024,28/05/2024,581,,IN,PR1 - Own provision by LA,Kinship - short term,
1542,24/05/2023,25/05/2023,939,,IN,PR1 - Own provision by LA,Fostering – short term,
1544,15/08/2024,25/08/2024,490,,IN,PR0 - Parents or other person with parental responsibility,Placed with Parents,
1551,12/08/2024,21/08/2024,493,,IN,PR1 - Own provision by LA,Temporary Placement,
1555,25/03/2025,26/03/2025,268,,IN,PR0 - Parents or other person with parental responsibility,Placed with Parents,
1559,14/03/2024,25/03/2024,644,,IN,PR1 - Own provision by LA,Kinship - short term,
1565,28/03/2024,05/05/2024,630,,IN,PR1 - Own provision by LA,Temporary Placement,
1566,28/03/2024,05/05/2024,630,,IN,PR1 - Own provision by LA,Temporary Placement,
1567,18/07/2024,07/02/2025,518,,IN,PR1 - Own provision by LA,Temporary Placement,
1570,18/10/2024,19/10/2024,426,,IN,PR1 - Own provision by LA,Temporary Placement,
1574,25/05/2025,27/05/2025,207,,IN,PR1 - Own provision by LA,Unregistered - awaiting alternative,
1576,10/06/2025,21/06/2025,191,,IN,PR1 - Own provision by LA,Temporary Placement,
1577,10/09/2024,20/11/2024,464,,IN,PR1 - Own provision by LA,Kinship - short term,
1582,12/11/2025,14/11/2025,36,,IN,PR1 - Own provision by LA,Fostering – short term,
1585,18/12/2024,21/03/2025,365,,IN,PR1 - Own provision by LA,Kinship - short term,
1588,28/06/2023,30/01/2024,904,,OUT,PR1 - Own provision by LA,Kinship - short term,
1590,04/05/2024,11/05/2024,593,,OUT,PR1 - Own provision by LA,Temporary Placement,
1599,27/09/2024,07/10/2024,447,,IN,PR4 - Private Provision,Fostering – short term,
1609,06/12/2024,20/12/2024,377,,IN,PR1 - Own provision by LA,Kinship - short term,
1612,07/07/2025,11/07/2025,164,,IN,PR0 - Parents or other person with parental responsibility,Placed with Parents,
1629,27/10/2023,01/03/2024,783,,IN,PR1 - Own provision by LA,Kinship - short term,
1633,12/04/2024,28/04/2024,615,,IN,PR1 - Own provision by LA,Temporary Placement,
1635,23/12/2024,01/10/2025,360,,IN,PR1 - Own provision by LA,Kinship - short term,
1636,05/12/2023,28/08/2024,744,,IN,PR0 - Parents or other person with parental responsibility,Placed with Parents,
1642,27/07/2023,28/07/2023,875,,OUT,PR5 - Voluntary/Third Sector Provision,Supported Lodgings Short Term,
1644,04/07/2025,08/07/2025,167,,IN,PR1 - Own provision by LA,Fostering – short term,
1649,17/01/2025,21/01/2025,335,,IN,PR1 - Own provision by LA,Fostering – short term,
1654,08/09/2023,08/07/2024,832,,IN,PR1 - Own provision by LA,Kinship - short term,
1655,08/09/2023,08/07/2024,832,,IN,PR1 - Own provision by LA,Kinship - short term,
1660,25/07/2023,25/08/2023,877,,IN,PR2 - Other LA provision,Temporary Placement,
1662,28/11/2023,02/12/2023,751,,OUT,PR1 - Own provision by LA,Temporary Placement,
1669,15/08/2023,29/07/2024,856,,IN,PR0 - Parents or other person with parental responsibility,Placed with Parents,
1670,02/08/2024,15/02/2025,503,,IN,PR1 - Own provision by LA,Kinship - short term,
1676,24/11/2023,01/12/2023,755,,IN,PR1 - Own provision by LA,NHS/Other Hospital,
1677,02/08/2024,15/02/2025,503,,IN,PR1 - Own provision by LA,Kinship - short term,
1684,03/12/2025,06/12/2025,15,,IN,PR0 - Parents or other person with parental responsibility,Placed with Parents,
1685,14/08/2023,29/04/2024,857,,IN,PR1 - Own provision by LA,Kinship - short term,
1686,16/08/2025,21/08/2025,124,,IN,PR1 - Own provision by LA,Temporary Placement,
1687,16/08/2025,21/08/2025,124,,IN,PR1 - Own provision by LA,Temporary Placement,
1688,12/05/2023,22/12/2023,951,,IN,PR1 - Own provision by LA,Kinship - short term,
1694,10/09/2023,24/09/2023,830,,IN,PR4 - Private Provision,Temporary Placement,
1697,13/07/2023,17/07/2023,889,,IN,PR1 - Own provision by LA,Temporary Placement,
1698,13/09/2023,17/10/2023,827,,IN,PR1 - Own provision by LA,Kinship - short term,
1706,07/07/2023,26/09/2024,895,,IN,PR0 - Parents or other person with parental responsibility,Placed with Parents,
1707,28/04/2023,07/09/2023,965,,OUT,PR4 - Private Provision,Semi-independent supported accommodation,
1715,15/03/2024,18/03/2024,643,,IN,PR1 - Own provision by LA,Fostering – short term,
1720,29/09/2023,24/07/2024,811,,OUT,PR1 - Own provision by LA,Kinship - short term,
1721,03/05/2023,28/02/2024,960,,IN,PR0 - Parents or other person with parental responsibility,Placed with Parents,
1729,10/07/2023,27/07/2023,892,,IN,PR0 - Parents or other person with parental responsibility,Placed with Parents,
1732,16/05/2024,28/05/2024,581,,IN,PR1 - Own provision by LA,Kinship - short term,
1733,22/04/2025,25/04/2025,240,,IN,PR1 - Own provision by LA,Kinship - Unregistered Carer,
1738,12/09/2023,20/09/2023,828,,IN,PR1 - Own provision by LA,Temporary Placement,
1743,28/05/2023,01/06/2023,935,,IN,PR1 - Own provision by LA,Temporary Placement,
1753,26/04/2024,27/04/2024,601,,IN,PR1 - Own provision by LA,Kinship - short term,
1755,11/08/2025,19/09/2025,129,,IN,PR0 - Parents or other person with parental responsibility,Placed with Parents,
1762,31/08/2023,21/03/2024,840,,IN,PR0 - Parents or other person with parental responsibility,Placed with Parents,
1767,20/05/2024,09/08/2024,577,,IN,PR0 - Parents or other person with parental responsibility,Placed with Parents,
1771,31/10/2024,27/03/2025,413,,IN,PR1 - Own provision by LA,Kinship - short term,
1773,11/07/2023,17/05/2024,891,,IN,PR2 - Other LA provision,Kinship - short term,
1774,08/06/2023,12/10/2023,924,,IN,PR1 - Own provision by LA,Kinship - short term,
1781,05/03/2025,07/03/2025,288,,IN,PR1 - Own provision by LA,Fostering – short term,
1783,18/11/2024,13/12/2024,395,,IN,PR1 - Own provision by LA,Kinship - Unregistered Carer,
1784,03/01/2025,10/01/2025,349,,IN,PR1 - Own provision by LA,Kinship - Unregistered Carer,
1787,03/01/2025,10/01/2025,349,,IN,PR1 - Own provision by LA,Kinship - Unregistered Carer,
1788,18/11/2024,13/12/2024,395,,IN,PR1 - Own provision by LA,Kinship - Unregistered Carer,
1796,04/09/2024,11/12/2024,470,,OUT,PR0 - Parents or other person with parental responsibility,Placed with Parents,
1802,29/02/2024,06/03/2024,658,,IN,PR0 - Parents or other person with parental responsibility,Placed with Parents,
1823,04/09/2024,11/12/2024,470,,OUT,PR0 - Parents or other person with parental responsibility,Placed with Parents,
1843,02/06/2023,25/06/2024,930,,IN,PR0 - Parents or other person with parental responsibility,Placed with Parents,
1850,31/07/2023,29/09/2023,871,,IN,PR1 - Own provision by LA,Kinship - short term,
1873,05/03/2025,11/09/2025,288,,IN,PR1 - Own provision by LA,Fostering – short term,
1875,14/03/2024,25/03/2024,644,,IN,PR1 - Own provision by LA,Kinship - short term,
1879,24/11/2023,01/12/2023,755,,IN,PR1 - Own provision by LA,Fostering – short term,
1881,19/05/2023,26/05/2023,944,,OUT,PR1 - Own provision by LA,Kinship - short term,
1884,19/05/2023,26/05/2023,944,,OUT,PR1 - Own provision by LA,Kinship - short term,
1886,18/10/2024,19/10/2024,426,,IN,PR1 - Own provision by LA,Temporary Placement,
1890,18/07/2024,06/02/2025,518,,IN,PR1 - Own provision by LA,Temporary Placement,
1893,29/09/2023,24/07/2024,811,,OUT,PR1 - Own provision by LA,Kinship - short term,
1897,18/09/2023,22/09/2023,822,,IN,PR1 - Own provision by LA,Temporary Placement,
1898,18/10/2024,11/09/2025,426,,OUT,PR4 - Private Provision,Semi-independent supported accommodation,
1899,11/07/2024,06/08/2024,525,,IN,PR5 - Voluntary/Third Sector Provision,Semi-independent supported accommodation,
1907,29/02/2024,04/03/2024,658,,IN,PR1 - Own provision by LA,Fostering – short term,
1911,05/12/2023,28/08/2024,744,,IN,PR0 - Parents or other person with parental responsibility,Placed with Parents,
1920,22/08/2023,22/11/2023,849,,IN,PR4 - Private Provision,Fostering – short term,
1923,05/06/2025,13/10/2025,196,,IN,PR4 - Private Provision,Semi-independent supported accommodation,
1925,09/06/2023,16/06/2023,923,,IN,PR0 - Parents or other person with parental responsibility,Placed with Parents,
1930,25/04/2023,03/05/2023,968,,IN,PR1 - Own provision by LA,Temporary Placement,
1934,25/02/2025,28/08/2025,296,,OUT,PR0 - Parents or other person with parental responsibility,Placed with Parents,
1935,19/01/2024,02/07/2024,699,,IN,PR0 - Parents or other person with parental responsibility,Placed with Parents,
1963,25/11/2025,28/11/2025,23,,IN,PR1 - Own provision by LA,Fostering – short term,
1964,25/11/2025,28/11/2025,23,,IN,PR1 - Own provision by LA,Fostering – short term,
1965,25/11/2025,28/11/2025,23,,IN,PR1 - Own provision by LA,Fostering – short term,
1968,12/06/2023,14/07/2024,920,,IN,PR1 - Own provision by LA,Semi-independent supported accommodation,
1971,07/03/2025,12/03/2025,286,,IN,PR1 - Own provision by LA,Fostering – long term,
1982,24/07/2024,08/08/2024,512,,IN,PR1 - Own provision by LA,Temporary Placement,
1983,21/06/2024,25/06/2024,545,,IN,PR1 - Own provision by LA,Temporary Placement,
1984,06/03/2024,11/03/2024,652,,IN,PR1 - Own provision by LA,Temporary Placement,
1989,29/12/2023,08/07/2024,720,,OUT,PR1 - Own provision by LA,Kinship - short term,
1991,10/06/2024,11/06/2024,556,,IN,PR1 - Own provision by LA,Kinship - short term,
2000,23/05/2023,19/04/2024,940,,OUT,PR4 - Private Provision,Fostering – short term,
2001,03/12/2024,23/05/2025,380,,IN,PR1 - Own provision by LA,Kinship - short term,
2006,01/10/2025,24/11/2025,78,,IN,PR5 - Voluntary/Third Sector Provision,Semi-independent supported accommodation,
2009,05/05/2023,13/07/2023,958,,IN,PR1 - Own provision by LA,Kinship - short term,
2029,11/05/2023,16/05/2023,952,,IN,PR3 - Other public provision,NHS/Other Hospital,
2030,04/04/2023,16/10/2024,989,,OUT,PR4 - Private Provision,Residential Unit (Children's Home),
2031,01/11/2023,20/09/2024,778,,IN,PR1 - Own provision by LA,Kinship - short term,
2037,10/05/2024,11/05/2024,587,,IN,PR1 - Own provision by LA,Fostering – short term,
2038,15/08/2023,29/07/2024,856,,IN,PR0 - Parents or other person with parental responsibility,Placed with Parents,
2041,10/05/2023,15/11/2023,953,,IN,PR4 - Private Provision,Fostering – short term,
2044,14/08/2023,29/04/2024,857,,IN,PR1 - Own provision by LA,Kinship - short term,
2051,17/01/2025,21/01/2025,335,,IN,PR1 - Own provision by LA,Fostering – short term,
2055,19/05/2023,02/01/2024,944,,OUT,PR4 - Private Provision,Fostering – short term,
2057,14/04/2023,26/10/2023,979,,IN,PR1 - Own provision by LA,Fostering – short term,
2058,14/08/2023,18/08/2023,857,,IN,PR1 - Own provision by LA,Temporary Placement,
2065,12/04/2024,19/04/2024,615,,IN,PR1 - Own provision by LA,Kinship - short term,
2071,07/04/2025,05/06/2025,255,,IN,PR1 - Own provision by LA,Fostering – short term,
2072,24/05/2023,17/08/2023,939,,IN,PR1 - Own provision by LA,Fostering – short term,
2084,14/04/2023,29/06/2023,979,,IN,PR1 - Own provision by LA,Fostering – short term,
2099,09/08/2023,12/03/2024,862,,IN,PR4 - Private Provision,Kinship - short term,
2105,18/11/2024,03/11/2025,395,,OUT,PR1 - Own provision by LA,Fostering – short term,
2107,29/02/2024,06/03/2024,658,,IN,PR0 - Parents or other person with parental responsibility,Placed with Parents,
2108,29/02/2024,06/03/2024,658,,IN,PR0 - Parents or other person with parental responsibility,Placed with Parents,
2113,12/09/2023,02/05/2024,828,,IN,PR1 - Own provision by LA,Kinship - short term,
2116,04/09/2023,10/10/2023,836,,OUT,PR3 - Other public provision,NHS/Other Hospital,
2117,08/08/2023,22/03/2024,863,,IN,PR0 - Parents or other person with parental responsibility,Placed with Parents,
2121,16/06/2023,11/04/2024,916,,IN,PR1 - Own provision by LA,Kinship - short term,
2136,24/05/2024,01/06/2024,573,,IN,PR1 - Own provision by LA,Temporary Placement,
2139,10/08/2025,15/08/2025,130,,IN,PR1 - Own provision by LA,Temporary Placement,
2143,24/05/2023,26/05/2023,939,,IN,PR1 - Own provision by LA,Support Care,
2147,21/11/2023,10/08/2024,758,,IN,PR1 - Own provision by LA,Fostering – short term,
2149,15/09/2023,12/05/2025,825,,IN,PR1 - Own provision by LA,Fostering – short term,
2150,11/04/2023,16/01/2024,982,,IN,PR4 - Private Provision,Semi-independent supported accommodation,
2151,22/12/2023,19/01/2024,727,,IN,PR1 - Own provision by LA,Kinship - short term,
2152,11/08/2025,18/08/2025,129,,IN,PR1 - Own provision by LA,Temporary Placement,
2154,28/04/2023,25/01/2024,965,,OUT,PR4 - Private Provision,Semi-independent supported accommodation,
2156,24/10/2023,05/04/2024,786,,IN,PR4 - Private Provision,Mother And Baby Unit,
2159,03/04/2023,07/09/2023,990,,OUT,PR4 - Private Provision,Fostering – short term,
2162,15/08/2024,15/08/2024,490,,IN,PR0 - Parents or other person with parental responsibility,Placed with Parents,
2163,15/08/2024,25/08/2024,490,,IN,PR0 - Parents or other person with parental responsibility,Placed with Parents,
2167,02/06/2023,05/06/2023,930,,IN,PR1 - Own provision by LA,Fostering – short term,
2176,21/06/2024,23/06/2024,545,,IN,PR1 - Own provision by LA,Temporary Placement,
2177,28/06/2024,14/07/2024,538,,IN,PR1 - Own provision by LA,Temporary Placement,
2185,26/04/2023,31/07/2023,967,,OUT,PR4 - Private Provision,Residential Unit (Children's Home),
2187,21/04/2023,05/09/2023,972,,IN,PR4 - Private Provision,Semi-independent supported accommodation,
2195,03/01/2024,14/06/2024,715,,IN,PR1 - Own provision by LA,Fostering – short term,
2201,30/11/2024,13/12/2024,383,,IN,PR1 - Own provision by LA,Temporary Placement,
2205,30/11/2023,22/05/2024,749,,IN,PR1 - Own provision by LA,Kinship - short term,
2207,25/07/2024,02/08/2024,511,,IN,PR1 - Own provision by LA,Temporary Placement,
2216,26/03/2024,11/12/2024,632,,OUT,PR1 - Own provision by LA,Kinship - short term,
2219,18/01/2025,25/02/2025,334,,IN,PR1 - Own provision by LA,Kinship - short term,
2221,24/10/2023,28/06/2024,786,,OUT,PR1 - Own provision by LA,Kinship - short term,
2225,09/05/2025,10/06/2025,223,,IN,PR0 - Parents or other person with parental responsibility,Placed with Parents,
2226,24/05/2023,25/04/2024,939,,IN,PR1 - Own provision by LA,Kinship - short term,
2227,23/06/2023,09/06/2025,909,,OUT,PR4 - Private Provision,Fostering – short term,
2234,19/02/2025,20/06/2025,302,,IN,PR1 - Own provision by LA,Kinship - short term,
2239,26/10/2023,02/11/2023,784,,IN,PR1 - Own provision by LA,Fostering – short term,
2241,21/07/2023,28/07/2023,881,,IN,PR1 - Own provision by LA,Fostering – short term,
2243,27/06/2023,02/11/2023,905,,IN,PR4 - Private Provision,Semi-independent supported accommodation,
2244,02/08/2023,18/08/2023,869,,OUT,PR4 - Private Provision,Temporary Placement,
2247,15/06/2023,28/04/2024,917,,OUT,PR1 - Own provision by LA,Fostering – short term,
2252,05/12/2023,13/12/2023,744,,IN,PR1 - Own provision by LA,Fostering – short term,
2254,19/01/2024,02/07/2024,699,,IN,PR0 - Parents or other person with parental responsibility,Placed with Parents,
2255,25/02/2025,04/08/2025,296,,OUT,PR0 - Parents or other person with parental responsibility,Placed with Parents,
2256,25/02/2025,04/08/2025,296,,OUT,PR0 - Parents or other person with parental responsibility,Placed with Parents,
2257,19/01/2024,02/07/2024,699,,IN,PR0 - Parents or other person with parental responsibility,Placed with Parents,
2263,04/05/2024,14/05/2024,593,,IN,PR1 - Own provision by LA,Temporary Placement,
2271,11/12/2024,30/06/2025,372,,IN,PR1 - Own provision by LA,Kinship - short term,
2272,07/07/2023,25/04/2025,895,,IN,PR5 - Voluntary/Third Sector Provision,Semi-independent supported accommodation,
2274,20/07/2023,22/05/2024,882,,IN,PR5 - Voluntary/Third Sector Provision,Semi-independent supported accommodation,
2275,20/07/2023,06/06/2024,882,,IN,PR5 - Voluntary/Third Sector Provision,Semi-independent supported accommodation,
2279,21/07/2023,03/01/2025,881,,IN,PR5 - Voluntary/Third Sector Provision,Semi-independent supported accommodation,
2282,26/02/2024,18/04/2024,661,,IN,PR1 - Own provision by LA,Fostering – short term,
2284,28/07/2023,29/11/2023,874,,OUT,PR4 - Private Provision,Fostering – short term,
2285,01/03/2024,04/03/2024,657,,IN,PR0 - Parents or other person with parental responsibility,Placed with Parents,
2290,20/09/2023,25/09/2023,820,,IN,PR1 - Own provision by LA,Fostering – short term,
2291,01/08/2023,27/06/2024,870,,IN,PR4 - Private Provision,Semi-independent supported accommodation,
2294,07/08/2023,08/08/2023,864,,OUT,PR4 - Private Provision,Respite Unit,
2295,07/08/2023,08/08/2023,864,,OUT,PR4 - Private Provision,Respite Unit,
2296,21/02/2024,02/08/2024,666,,IN,PR1 - Own provision by LA,Kinship - short term,
2301,18/08/2023,14/12/2023,853,,OUT,PR4 - Private Provision,Fostering – short term,
2306,23/08/2023,16/01/2025,848,,IN,PR4 - Private Provision,Semi-independent supported accommodation,
2310,13/08/2024,14/08/2024,492,,IN,PR1 - Own provision by LA,Fostering – short term,
2311,06/09/2023,15/08/2025,834,,IN,PR4 - Private Provision,Semi-independent supported accommodation,
2314,12/03/2024,02/09/2024,646,,IN,PR1 - Own provision by LA,Kinship - short term,
2315,11/09/2023,20/08/2024,829,,OUT,PR4 - Private Provision,Semi-independent supported accommodation,
2316,11/09/2023,03/08/2025,829,,OUT,PR4 - Private Provision,Semi-independent supported accommodation,
2317,19/09/2023,20/02/2025,821,,IN,PR4 - Private Provision,Semi-independent supported accommodation,
2323,25/02/2025,26/02/2025,296,,IN,PR1 - Own provision by LA,Kinship - short term,
2324,02/10/2023,06/06/2025,808,,IN,PR4 - Private Provision,Semi-independent supported accommodation,
2325,05/10/2023,01/03/2025,805,,IN,PR4 - Private Provision,Semi-independent supported accommodation,
2326,25/10/2023,27/08/2025,785,,IN,PR4 - Private Provision,Semi-independent supported accommodation,
2327,25/07/2024,13/09/2024,511,,IN,PR1 - Own provision by LA,Kinship - short term,
2330,05/10/2023,15/11/2024,805,,IN,PR5 - Voluntary/Third Sector Provision,Semi-independent supported accommodation,
2332,21/09/2023,23/11/2024,819,,IN,PR4 - Private Provision,Semi-independent supported accommodation,
2335,20/01/2025,25/04/2025,332,,IN,PR1 - Own provision by LA,Kinship - Unregistered Carer,
2336,20/01/2025,25/04/2025,332,,IN,PR1 - Own provision by LA,Kinship - Unregistered Carer,
2339,03/10/2023,21/10/2023,807,,IN,PR4 - Private Provision,Semi-independent supported accommodation,
2340,29/09/2023,23/08/2024,811,,IN,PR4 - Private Provision,Fostering – short term,
2341,06/10/2023,20/03/2025,804,,OUT,PR5 - Voluntary/Third Sector Provision,Semi-independent supported accommodation,
2347,16/10/2023,09/02/2024,794,,IN,PR4 - Private Provision,Semi-independent supported accommodation,
2348,16/10/2023,14/11/2024,794,,IN,PR4 - Private Provision,Semi-independent supported accommodation,
2353,25/10/2023,05/07/2024,785,,IN,PR5 - Voluntary/Third Sector Provision,Semi-independent supported accommodation,
2357,21/11/2023,01/01/2025,758,,IN,PR4 - Private Provision,Semi-independent supported accommodation,
2360,06/11/2023,10/11/2023,773,,IN,PR3 - Other public provision,NHS/Other Hospital,
2361,24/11/2023,05/01/2024,755,,IN,PR4 - Private Provision,Semi-independent supported accommodation,
2362,22/05/2025,23/05/2025,210,,IN,PR5 - Voluntary/Third Sector Provision,Semi-independent supported accommodation,
2389,01/12/2023,09/01/2024,748,,IN,PR4 - Private Provision,Semi-independent supported accommodation,
2392,22/06/2024,28/06/2024,544,,IN,PR1 - Own provision by LA,Temporary Placement,
2394,28/06/2024,29/06/2024,538,,IN,PR1 - Own provision by LA,Temporary Placement,
2398,27/06/2025,18/09/2025,174,,OUT,PR4 - Private Provision,Semi-independent supported accommodation,
2405,19/07/2024,14/04/2025,517,,IN,PR1 - Own provision by LA,Fostering – long term,
2408,12/04/2024,15/04/2024,615,,IN,PR3 - Other public provision,NHS/Other Hospital,
2409,24/07/2024,29/07/2024,512,,IN,PR3 - Other public provision,NHS/Other Hospital,
2410,15/08/2025,18/08/2025,125,,IN,PR1 - Own provision by LA,Temporary Placement,
2411,05/08/2024,09/08/2024,500,,IN,PR1 - Own provision by LA,Temporary Placement,
2412,05/01/2024,05/03/2024,713,,OUT,PR2 - Other LA provision,Semi-independent supported accommodation,
2413,28/05/2024,19/09/2024,569,,IN,PR4 - Private Provision,Kinship - short term,
2415,24/05/2024,23/12/2024,573,,IN,PR1 - Own provision by LA,Fostering – short term,
2420,27/05/2025,11/06/2025,205,,IN,PR4 - Private Provision,Fostering – short term,
2421,27/05/2025,11/06/2025,205,,IN,PR4 - Private Provision,Fostering – short term,
2425,21/03/2024,22/03/2024,637,,OUT,PR4 - Private Provision,Fostering – short term,
2426,21/03/2024,22/03/2024,637,,OUT,PR4 - Private Provision,Fostering – short term,
2427,21/08/2024,02/09/2024,484,,OUT,PR3 - Other public provision,NHS/Other Hospital,
2431,16/02/2024,19/12/2024,671,,OUT,PR1 - Own provision by LA,Kinship - short term,
2432,16/02/2024,04/04/2024,671,,OUT,PR1 - Own provision by LA,Kinship - short term,
2435,04/07/2024,19/03/2025,532,,OUT,PR1 - Own provision by LA,"EPP: Fostering for Adoption, placed with approved adopter",
2436,09/02/2024,03/05/2024,678,,IN,PR4 - Private Provision,Semi-independent supported accommodation,
2437,09/02/2024,07/01/2025,678,,IN,PR4 - Private Provision,Semi-independent supported accommodation,
2438,13/09/2024,22/09/2025,461,,IN,PR1 - Own provision by LA,Fostering – short term,
2440,03/03/2025,11/03/2025,290,,IN,PR1 - Own provision by LA,Kinship - Unregistered Carer,
2441,02/09/2024,12/05/2025,472,,IN,PR1 - Own provision by LA,Fostering – short term,
2442,23/09/2024,27/10/2024,451,,OUT,PR3 - Other public provision,NHS/Other Hospital,
2443,20/02/2024,17/04/2024,667,,IN,PR1 - Own provision by LA,Kinship - short term,
2446,20/02/2024,20/03/2025,667,,IN,PR4 - Private Provision,Semi-independent supported accommodation,
2447,22/11/2024,02/01/2025,391,,OUT,PR1 - Own provision by LA,Kinship - short term,
2463,03/12/2025,06/12/2025,15,,IN,PR0 - Parents or other person with parental responsibility,Placed with Parents,
2468,08/03/2024,02/05/2025,650,,IN,PR4 - Private Provision,Semi-independent supported accommodation,
2469,10/05/2024,09/07/2024,587,,IN,PR4 - Private Provision,Semi-independent supported accommodation,
2474,12/11/2024,12/06/2025,401,,IN,PR1 - Own provision by LA,Fostering – short term,
2476,10/09/2024,02/12/2024,464,,OUT,PR4 - Private Provision,Fostering – short term,
2479,25/03/2024,23/10/2024,633,,IN,PR4 - Private Provision,Semi-independent supported accommodation,
2485,28/03/2024,03/02/2025,630,,OUT,PR4 - Private Provision,Semi-independent supported accommodation,
2492,08/04/2024,30/04/2024,619,,IN,PR1 - Own provision by LA,Fostering – short term,
2496,06/08/2024,07/08/2024,499,,IN,PR3 - Other public provision,NHS/Other Hospital,
2497,24/04/2024,25/04/2024,603,,IN,PR3 - Other public provision,NHS/Other Hospital,
2501,24/10/2024,30/10/2024,420,,IN,PR3 - Other public provision,NHS/Other Hospital,
2505,23/07/2025,08/08/2025,148,,IN,PR1 - Own provision by LA,Temporary Placement,
2508,14/05/2024,12/08/2024,583,,IN,PR4 - Private Provision,Semi-independent supported accommodation,
2509,04/06/2024,17/01/2025,562,,OUT,PR4 - Private Provision,Fostering – short term,
2510,18/10/2024,24/10/2024,426,,IN,PR0 - Parents or other person with parental responsibility,Placed with Parents,
2513,16/12/2024,09/01/2025,367,,IN,PR3 - Other public provision,NHS/Other Hospital,
2515,14/11/2024,13/06/2025,399,,IN,PR1 - Own provision by LA,Kinship - short term,
2519,03/06/2024,15/11/2024,563,,IN,PR4 - Private Provision,Semi-independent supported accommodation,
2524,06/06/2024,25/11/2024,560,,IN,PR4 - Private Provision,Semi-independent supported accommodation,
2525,03/07/2024,24/11/2025,533,,OUT,PR2 - Other LA provision,Fostering – short term,
2526,23/10/2024,17/08/2025,421,,OUT,PR2 - Other LA provision,"EPP: Fostering for Adoption, placed with approved adopter",
2530,04/04/2025,22/07/2025,258,,IN,PR4 - Private Provision,Mother And Baby Unit,
2531,24/06/2024,16/08/2025,542,,IN,PR4 - Private Provision,Semi-independent supported accommodation,
2533,21/12/2024,06/05/2025,362,,OUT,PR1 - Own provision by LA,Kinship - short term,
2535,27/06/2024,07/01/2025,539,,IN,PR4 - Private Provision,Semi-independent supported accommodation,
2537,24/01/2025,27/02/2025,328,,IN,PR1 - Own provision by LA,Fostering – short term,
2538,02/07/2024,29/11/2024,534,,OUT,PR1 - Own provision by LA,Kinship - short term,
2541,21/02/2025,25/02/2025,300,,IN,PR1 - Own provision by LA,Temporary Placement,
2543,05/07/2024,13/03/2025,531,,IN,PR4 - Private Provision,Semi-independent supported accommodation,
2548,13/01/2025,14/04/2025,339,,IN,PR4 - Private Provision,Semi-independent supported accommodation,
2550,25/07/2024,31/10/2024,511,,OUT,PR4 - Private Provision,Semi-independent supported accommodation,
2554,12/08/2024,30/08/2024,493,,OUT,PR4 - Private Provision,Semi-independent supported accommodation,
2555,12/03/2025,14/03/2025,281,,IN,PR1 - Own provision by LA,Fostering – short term,
2556,27/10/2024,04/11/2024,417,,IN,PR1 - Own provision by LA,Temporary Placement,
2557,06/09/2024,10/09/2024,468,,OUT,PR3 - Other public provision,NHS/Other Hospital,
2562,11/03/2025,13/03/2025,282,,IN,PR3 - Other public provision,NHS/Other Hospital,
2563,22/08/2024,28/08/2025,483,,IN,PR4 - Private Provision,Semi-independent supported accommodation,
2566,23/08/2024,18/07/2025,482,,IN,PR4 - Private Provision,Semi-independent supported accommodation,
2567,17/09/2024,21/11/2024,457,,OUT,PR4 - Private Provision,Fostering – short term,
2570,17/09/2024,21/11/2024,457,,OUT,PR4 - Private Provision,Fostering – short term,
2572,07/04/2025,08/10/2025,255,,IN,PR1 - Own provision by LA,Fostering – short term,
2574,05/09/2024,28/11/2024,469,,OUT,PR4 - Private Provision,Fostering – short term,
2582,11/09/2024,21/10/2025,463,,IN,PR4 - Private Provision,Semi-independent supported accommodation,
2583,14/02/2025,01/08/2025,307,,IN,PR1 - Own provision by LA,Kinship - short term,
2585,25/04/2025,04/07/2025,237,,OUT,PR0 - Parents or other person with parental responsibility,Placed with Parents,
2587,18/09/2024,24/09/2024,456,,IN,PR3 - Other public provision,NHS/Other Hospital,
2588,18/09/2024,24/10/2024,456,,IN,PR4 - Private Provision,Fostering – short term,
2589,18/09/2024,24/10/2024,456,,IN,PR4 - Private Provision,Fostering – short term,
2590,21/02/2025,23/02/2025,300,,IN,PR1 - Own provision by LA,Temporary Placement,
2593,24/09/2024,26/09/2024,450,,IN,PR4 - Private Provision,Fostering – short term,
2594,28/03/2025,14/04/2025,265,,OUT,PR4 - Private Provision,Mother And Baby Unit,
2597,03/10/2024,07/10/2024,441,,OUT,PR3 - Other public provision,Young Offenders Institution/Prison,
2601,09/10/2024,10/10/2024,435,,IN,PR3 - Other public provision,NHS/Other Hospital,
2603,01/05/2025,16/05/2025,231,,OUT,PR4 - Private Provision,Semi-independent supported accommodation,
2604,01/05/2025,16/05/2025,231,,IN,PR1 - Own provision by LA,Fostering – short term,
2605,01/05/2025,16/05/2025,231,,IN,PR1 - Own provision by LA,Fostering – short term,
2606,01/05/2025,15/05/2025,231,,IN,PR1 - Own provision by LA,Fostering – short term,
2607,24/10/2024,12/06/2025,420,,OUT,PR4 - Private Provision,Fostering – short term,
2609,28/10/2024,24/03/2025,416,,IN,PR1 - Own provision by LA,Fostering – short term,
2611,25/10/2024,30/10/2025,419,,IN,PR4 - Private Provision,Semi-independent supported accommodation,
2612,21/08/2025,24/08/2025,119,,IN,PR1 - Own provision by LA,Fostering – short term,
2614,23/07/2025,08/08/2025,148,,IN,PR1 - Own provision by LA,Temporary Placement,
2615,16/06/2025,19/06/2025,185,,IN,PR3 - Other public provision,NHS/Other Hospital,
2616,27/02/2025,04/06/2025,294,,OUT,PR4 - Private Provision,Fostering – short term,
2618,29/05/2025,10/07/2025,203,,IN,PR3 - Other public provision,NHS/Other Hospital,
2621,26/10/2025,12/11/2025,53,,IN,PR1 - Own provision by LA,Temporary Placement,
2622,20/04/2025,21/04/2025,242,,IN,PR1 - Own provision by LA,Temporary Placement,
2623,16/04/2025,17/04/2025,246,,IN,PR1 - Own provision by LA,Temporary Placement,
2624,07/01/2025,22/01/2025,345,,IN,PR3 - Other public provision,NHS/Other Hospital,
2625,18/03/2025,20/03/2025,275,,IN,PR3 - Other public provision,NHS/Other Hospital,
2628,13/12/2024,05/07/2025,370,,IN,PR4 - Private Provision,Semi-independent supported accommodation,
2630,12/06/2025,10/07/2025,189,,IN,PR1 - Own provision by LA,Fostering – short term,
2631,08/01/2025,15/10/2025,344,,IN,PR4 - Private Provision,Semi-independent supported accommodation,
2632,21/07/2025,11/08/2025,150,,OUT,PR1 - Own provision by LA,Kinship - short term,
2636,04/03/2025,15/07/2025,289,,IN,PR1 - Own provision by LA,Kinship - short term,
2637,05/03/2025,28/04/2025,288,,IN,PR1 - Own provision by LA,Kinship - short term,
2639,12/03/2025,14/03/2025,281,,IN,PR1 - Own provision by LA,Fostering – short term,
2640,05/03/2025,07/03/2025,288,,IN,PR1 - Own provision by LA,Fostering – short term,
2641,21/07/2025,23/07/2025,150,,IN,PR3 - Other public provision,NHS/Other Hospital,
2647,31/07/2025,26/08/2025,140,,IN,PR1 - Own provision by LA,Fostering – short term,
2648,26/06/2025,09/10/2025,175,,IN,PR1 - Own provision by LA,Fostering – short term,
2649,17/10/2025,04/11/2025,62,,IN,PR1 - Own provision by LA,Fostering – short term,
2652,09/10/2025,12/10/2025,70,,IN,PR1 - Own provision by LA,Fostering – short term,
2654,19/09/2025,23/09/2025,90,,,,,
2655,24/09/2025,25/09/2025,85,,IN,PR1 - Own provision by LA,Kinship - short term,
2656,24/09/2025,25/09/2025,85,,IN,PR1 - Own provision by LA,Kinship - short term,
